DAFTAR SATUAN PENDIDIKAN JENJANG SMA,,,,,,,,,,,,,,,,
TAHUN AJARAN 2024/2025,,,,,,,,,,,,,,,,
,,,,,,,,,,,,,,,,
NAMA SEKOLAH,NPSN,BENTUK,NAMA DUSUN,DESA/KELURAHAN,KECAMATAN,KABUPATEN,PROVINSI,KODE POS,LINTANG,BUJUR,STATUS,AKREDITASI,SUMBER LISTRIK,AKSES INTERNET,SUMBER AIR,KECUKUPAN AIR
SMAN 1 BALEENDAH,20206151,SMA,-,Baleendah,Kec. Baleendah,Kab. Bandung,Prov. Jawa Barat,40375,-7.000800000000,107.622600000000,NEGERI,A,Ada,Ada,Pompa,Cukup
SMAN 1 BANJARAN,20251791,SMA,Neglasari,Ciapus,Kec. Banjaran,Kab. Bandung,Prov. Jawa Barat,40377,-7.053200000000,107.589500000000,NEGERI,A,Ada,Ada,Pompa,Cukup
SMAN 1 BOJONGSOANG,20227903,SMA,-,Tegalluar,Kec. Bojongsoang,Kab. Bandung,Prov. Jawa Barat,40297,-6.980900000000,107.682500000000,NEGERI,A,Ada,Ada,Pompa,Cukup
SMAN 1 CICALENGKA,20251792,SMA,-,Babakanpeuteuy,Kec. Cicalengka,Kab. Bandung,Prov. Jawa Barat,40395,-6.983800000000,107.842000000000,NEGERI,A,Ada,Ada,Pompa,Cukup
SMAN 1 CIKANCUNG,20227904,SMA,-,Cihanyir,Kec. Cikancung,Kab. Bandung,Prov. Jawa Barat,40396,-7.026000000000,107.815400000000,NEGERI,A,Ada,Ada,Sumur terlindungi,Cukup
SMAN 1 CILEUNYI,20251793,SMA,CIBIRU WETAN,Cibiru Wetan,Kec. Cileunyi,Kab. Bandung,Prov. Jawa Barat,40625,-6.940000000000,107.723300000000,NEGERI,A,Ada,Ada,Air kemasan,Cukup
SMAN 1 CIPARAY,20206145,SMA,Cipaku,Pakutandang,Kec. Ciparay,Kab. Bandung,Prov. Jawa Barat,40381,-7.053700000000,107.709300000000,NEGERI,A,Ada,Ada,Ledeng/PAM,Cukup
SMAN 1 CIWIDEY,20206213,SMA,Panyocokan,Panyocokan,Kec. Ciwidey,Kab. Bandung,Prov. Jawa Barat,40973,-7.098500000000,107.465000000000,NEGERI,A,Ada,Ada,Sumur terlindungi,Cukup
SMAN 1 DAYEUHKOLOT,20227889,SMA,-,Sukapura,Kec. Dayeuhkolot,Kab. Bandung,Prov. Jawa Barat,40267,-6.968500000000,107.634100000000,NEGERI,A,Ada,Ada,Pompa,Cukup
SMAN 1 KATAPANG,20227905,SMA,-,Banyusari,Kec. Katapang,Kab. Bandung,Prov. Jawa Barat,40971,-7.008178300000,107.557651600000,NEGERI,A,Ada,Ada,Pompa,Cukup
SMAN 1 KERTASARI,20227906,SMA,,RESMI TINGGAL,Kec. Kertasari,Kab. Bandung,Prov. Jawa Barat,40386,-7.154100000000,107.698200000000,NEGERI,A,Ada,Ada,Mata air terlindungi,Cukup
SMAN 1 MAJALAYA,20206210,SMA,Panyadap,Panyadap,Kec. Solokanjeruk,Kab. Bandung,Prov. Jawa Barat,40376,-7.029700000000,107.769800000000,NEGERI,A,Ada,Ada,Ledeng/PAM,Cukup
SMAN 1 MARGAASIH,20227907,SMA,-,Mekar Rahayu,Kec. Margaasih,Kab. Bandung,Prov. Jawa Barat,40218,-6.971200000000,107.548700000000,NEGERI,A,Ada,Tidak ada,Pompa,Cukup
SMAN 1 MARGAHAYU,20206209,SMA,-,Sulaeman,Kec. Margahayu,Kab. Bandung,Prov. Jawa Barat,40226,-6.976400000000,107.568300000000,NEGERI,A,Ada,Ada,Pompa,Cukup
SMAN 1 NAGREG,20227900,SMA,Kp. Gamblung,NAGREG KENDAN,Kec. Nagreg,Kab. Bandung,Prov. Jawa Barat,40397,-7.018600000000,107.890400000000,NEGERI,A,Ada,Ada,Sumur terlindungi,Cukup
SMAN 1 PANGALENGAN,20206207,SMA,TUGUMULYA,Margamulya,Kec. Pangalengan,Kab. Bandung,Prov. Jawa Barat,40378,-7.171300000000,107.568200000000,NEGERI,A,Ada,Ada,Ledeng/PAM,Cukup
SMAN 1 RANCAEKEK,20254054,SMA,Bojong Jati,Bojongloa,Kec. Rancaekek,Kab. Bandung,Prov. Jawa Barat,40394,-6.960000000000,107.765700000000,NEGERI,A,Ada,Ada,Pompa,Cukup
SMAN 1 SOREANG,20206205,SMA,-,Soreang,Kec. Soreang,Kab. Bandung,Prov. Jawa Barat,40911,-7.034485000000,107.539448300000,NEGERI,A,Ada,Ada,Ledeng/PAM,Cukup
SMAN 2 MAJALAYA,20254167,SMA,Wangisagara,Wangisagara,Kec. Majalaya,Kab. Bandung,Prov. Jawa Barat,40382,-7.078500000000,107.736600000000,NEGERI,A,Ada,Ada,Sumur terlindungi,Cukup
SMA ‘AISYIYAH BOARDING SCHOOL BANDUNG,70038412,SMA,,Baleendah,Kec. Baleendah,Kab. Bandung,Prov. Jawa Barat,40375,-7.022700000000,107.669800000000,SWASTA,Belum Akreditasi,Ada,Ada,Ledeng/PAM,Cukup
SMA AL AMANAH CIWIDEY,20227813,SMA,-,Ciwidey,Kec. Ciwidey,Kab. Bandung,Prov. Jawa Barat,40973,-7.103000000000,107.462700000000,SWASTA,A,Ada,Ada,Sumur terlindungi,Cukup
SMA AL MASUDIYAH MARGAASIH,20227820,SMA,CIGONDEWAH HILIR,Cigondewah Hilir,Kec. Margaasih,Kab. Bandung,Prov. Jawa Barat,40215,-6.944000000000,107.555900000000,SWASTA,B,Ada,Ada,Sumur terlindungi,Cukup
SMA AL-FALAH BANJARAN,20227911,SMA,Kacakacadua,Pasirmulya,Kec. Banjaran,Kab. Bandung,Prov. Jawa Barat,40377,-7.080800000000,107.582000000000,SWASTA,B,Ada,Ada,Air sungai,Kurang
SMA AL-HIDAYAH CIPARAY,20227821,SMA,Sutam,Sumbersari,Kec. Ciparay,Kab. Bandung,Prov. Jawa Barat,40381,-7.004900000000,107.716100000000,SWASTA,B,Ada,Ada,Pompa,Cukup
SMA AL-HUDA ARJASARI,20227819,SMA,-,Pinggirsari,Kec. Arjasari,Kab. Bandung,Prov. Jawa Barat,40379,-7.074000000000,107.656700000000,SWASTA,A,Ada,Ada,Mata air terlindungi,Cukup
SMA AL-QONAAH BALEENDAH,20256637,SMA,-,Jelekong,Kec. Baleendah,Kab. Bandung,Prov. Jawa Barat,40375,-7.026400000000,107.655400000000,SWASTA,A,Ada,Ada,Pompa,Cukup
SMA AMS PAMEUNGPEUK,20227818,SMA,-,Sukasari,Kec. Pameungpeuk,Kab. Bandung,Prov. Jawa Barat,40376,-7.019600000000,107.595900000000,SWASTA,B,Ada,Ada,Sumur terlindungi,Cukup
SMA ANGKASA MARGAHAYU,20227822,SMA,-,Sulaeman,Kec. Margahayu,Kab. Bandung,Prov. Jawa Barat,40229,-6.982715000000,107.563446600000,SWASTA,A,Ada,Ada,Sumur terlindungi,Cukup
SMA ASH-SHOPA MAJALAYA,20227919,SMA,-,Biru,Kec. Majalaya,Kab. Bandung,Prov. Jawa Barat,40382,-7.051000000000,107.732700000000,SWASTA,B,Ada,Ada,Sumur terlindungi,Cukup
SMA ASSALAM DAYEUHKOLOT,20206171,SMA,Situtarate,Cangkuang Kulon,Kec. Dayeuhkolot,Kab. Bandung,Prov. Jawa Barat,40239,-6.966500000000,107.592600000000,SWASTA,A,Ada,Ada,Pompa,Cukup
SMA ASY-SYUJAIYYAH CIWIDEY,20227823,SMA,Kp. Neglasari Desa Sukawening,Sukawening,Kec. Ciwidey,Kab. Bandung,Prov. Jawa Barat,40973,-7.073800000000,107.467900000000,SWASTA,B,Ada,Ada,Sumur terlindungi,Cukup
SMA AULIA MAJALAYA,20227824,SMA,-,Majalaya,Kec. Majalaya,Kab. Bandung,Prov. Jawa Barat,40382,-7.054300000000,107.761700000000,SWASTA,B,Ada,Ada,Ledeng/PAM,Cukup
SMA BAKTI NUSANTARA,20227829,SMA,-,Lebakwangi,Kec. Arjasari,Kab. Bandung,Prov. Jawa Barat,40379,-7.046600000000,107.605200000000,SWASTA,C,Ada,Ada,Pompa,Cukup
SMA BANJAR ASRI CIMAUNG,20206170,SMA,Kp. Babakan,Cimaung,Kec. Cimaung,Kab. Bandung,Prov. Jawa Barat,40374,-7.083900000000,107.563900000000,SWASTA,A,Ada,Tidak ada,Ledeng/PAM,Tidak ada
SMA BHAKTI MULYA BANJARAN,20227828,SMA,Ciherang,Tanjungsari,Kec. Cangkuang,Kab. Bandung,Prov. Jawa Barat,40377,-7.043243300000,107.561461600000,SWASTA,B,Ada,Ada,Ledeng/PAM,Cukup
SMA BHAKTI PUTRA,20227913,SMA,KP.Cibodas,Cibodas,Kec. Solokanjeruk,Kab. Bandung,Prov. Jawa Barat,40382,-7.012600000000,107.760400000000,SWASTA,B,Ada,Ada,Ledeng/PAM,Cukup
SMA BINA BANGSA SCHOOL,20270262,SPK SMA,desa mekarsaluyu,Mekarsaluyu,Kec. Cimenyan,Kab. Bandung,Prov. Jawa Barat,40191,-6.869700000000,107.634600000000,SWASTA,B,Ada,Ada,Ledeng/PAM,Cukup
SMA BINA MUDA CICALENGKA,20206169,SMA,TENJOLAYA,Tenjolaya,Kec. Cicalengka,Kab. Bandung,Prov. Jawa Barat,40395,-6.983300000000,107.837500000000,SWASTA,A,Ada,Ada,Sumur terlindungi,Cukup
SMA BINA NEGARA 1 BALEENDAH,20227830,SMA,Bahuan,Andir,Kec. Baleendah,Kab. Bandung,Prov. Jawa Barat,40375,-6.983800000000,107.613700000000,SWASTA,A,Ada,Ada,Pompa,Cukup
SMA BPPI BALEENDAH,20227826,SMA,Baleendah,Baleendah,Kec. Baleendah,Kab. Bandung,Prov. Jawa Barat,40375,-6.998900000000,107.623600000000,SWASTA,A,Ada,Ada,Pompa,Tidak ada
SMA BUPPI MAJALAYA,20206155,SMA,-,Majakerta,Kec. Majalaya,Kab. Bandung,Prov. Jawa Barat,40382,-7.052048000000,107.756281000000,SWASTA,B,Ada,Ada,Ledeng/PAM,Cukup
SMA CENDIKIA INFORMATIKA,20227914,SMA,Karasak,Ciheulang,Kec. Ciparay,Kab. Bandung,Prov. Jawa Barat,40381,-7.022300000000,107.687000000000,SWASTA,B,Ada,Ada,Pompa,Cukup
SMA DARMAYANTI CIMAUNG,20227833,SMA,Babakan Cianjur,Malasari,Kec. Cimaung,Kab. Bandung,Prov. Jawa Barat,40377,-7.074200000000,107.548400000000,SWASTA,B,Ada,Ada,Sumur terlindungi,Cukup
SMA DARUL HIKMAH BOJONGSOANG,20228432,SMA,Kp. Cikoneng,Bojongsoang,Kec. Bojongsoang,Kab. Bandung,Prov. Jawa Barat,40288,-6.987801000000,107.646909000000,SWASTA,A,Ada,Ada,Sumur terlindungi,Cukup
SMA FITHRAH INSANI BILINGUAL BOARDING ISLAMIC SCHOOL,70043911,SMA,jl cigondok rt 3 rw 2 desa pasirhuni kecamatan cimaung,Pasirhuni,Kec. Cimaung,Kab. Bandung,Prov. Jawa Barat,40374,-7.091600000000,107.570800000000,SWASTA,Belum Akreditasi,Ada,Ada,Sumur terlindungi,Cukup
SMA HANDAYANI 2 BANJARAN,20227837,SMA,Batukarut,Batukarut,Kec. Arjasari,Kab. Bandung,Prov. Jawa Barat,40379,-7.042400000000,107.592200000000,SWASTA,A,Ada,Ada,Ledeng/PAM,Cukup
SMA HANDAYANI I ARJASARI,20251948,SMA,bojong sereh,Lebakwangi,Kec. Arjasari,Kab. Bandung,Prov. Jawa Barat,40376,-7.032300000000,107.594400000000,SWASTA,A,Ada,Ada,Ledeng/PAM,Cukup
SMA ISLAM AL-MUKLIS,20227916,SMA,-,Nagrak,Kec. Cangkuang,Kab. Bandung,Prov. Jawa Barat,40238,-7.054641600000,107.548975000000,SWASTA,C,Ada,Ada,Sumur terlindungi,Kurang
SMA Islam Bakti Asih,70027168,SMA,Pasirlayung,Padasuka,Kec. Cimenyan,Kab. Bandung,Prov. Jawa Barat,40192,-6.885100000000,107.661800000000,SWASTA,Belum Akreditasi,Ada,Ada,Sumur terlindungi,Cukup
SMA ISLAM TERPADU AL-GHOFAR,70040230,SMA,Cikadut,Cikadut,Kec. Cimenyan,Kab. Bandung,Prov. Jawa Barat,40193,-6.875000000000,107.684300000000,SWASTA,Belum Akreditasi,Ada,Ada,Mata air terlindungi,Cukup
SMA ISLAM TERPADU QORDOVA,70040505,SMA,,Rancaekek Wetan,Kec. Rancaekek,Kab. Bandung,Prov. Jawa Barat,40394,-6.971500000000,107.752100000000,SWASTA,Belum Akreditasi,Ada,Ada,Sumur terlindungi,Cukup
SMA IT AL-MULTAZAM,70039707,SMA,Cukang Lemah,Tenjolaya,Kec. Cicalengka,Kab. Bandung,Prov. Jawa Barat,40395,0.000000000000,0.000000000000,SWASTA,Belum Akreditasi,Ada,Ada,Sumur terlindungi,Cukup
SMA IT DANUL FALAH,20228503,SMA,-,Margamekar,Kec. Pangalengan,Kab. Bandung,Prov. Jawa Barat,40378,-7.188700000000,107.580200000000,SWASTA,B,Ada,Ada,Sumur terlindungi,Cukup
SMA IT DIPATIUKUR,20240399,SMA,Kp Loa Sasak,Mekarsari,Kec. Ciparay,Kab. Bandung,Prov. Jawa Barat,40381,-7.030200000000,107.739400000000,SWASTA,A,Ada,Ada,Ledeng/PAM,Cukup
SMA IT FITHRAH INSANI BALEENDAH,70032175,SMA,Jl. T Endung Surya Putra RT. 04 RW. 13,Baleendah,Kec. Baleendah,Kab. Bandung,Prov. Jawa Barat,40374,0.000000000000,0.000000000000,SWASTA,A,Ada,Ada,Sumur terlindungi,Cukup
SMA IT NURUL WASILAH,70040223,SMA,,Waluya,Kec. Cicalengka,Kab. Bandung,Prov. Jawa Barat,40395,-6.994300000000,107.842400000000,SWASTA,Belum Akreditasi,Ada,Ada,Pompa,Cukup
SMA K 3 BINA BAKTI,60728545,SMA,-,Sayati,Kec. Margahayu,Kab. Bandung,Prov. Jawa Barat,40226,-6.965948300000,107.573941700000,SWASTA,A,Ada,Ada,Pompa,Cukup
SMA KARANG ARUM CILENGKRANG,20227852,SMA,Jatiendah,Cilengkrang,Kec. Cilengkrang,Kab. Bandung,Prov. Jawa Barat,40616,-6.897572800000,107.698968300000,SWASTA,B,Ada,Ada,Ledeng/PAM,Cukup
SMA KARYA BUDI CILEUNYI,20227853,SMA,Kp. Pasantren,Cimekar,Kec. Cileunyi,Kab. Bandung,Prov. Jawa Barat,40393,-6.937000000000,107.740900000000,SWASTA,A,Ada,Tidak ada,Sumur terlindungi,Cukup
SMA KP 1 CIPARAY,20227848,SMA,-,Pakutandang,Kec. Ciparay,Kab. Bandung,Prov. Jawa Barat,40381,-7.041600000000,107.711900000000,SWASTA,A,Ada,Ada,Ledeng/PAM,Cukup
SMA KP 1 PASEH,20227850,SMA,-,Ibun,Kec. Ibun,Kab. Bandung,Prov. Jawa Barat,40384,-7.085900000000,107.761700000000,SWASTA,A,Ada,Ada,Mata air terlindungi,Kurang
SMA KP 2 CIPARAY,20227842,SMA,Tonjong,Mekarlaksana,Kec. Ciparay,Kab. Bandung,Prov. Jawa Barat,40381,-7.069300000000,107.694500000000,SWASTA,A,Ada,Ada,Sumur terlindungi,Cukup
SMA KP 2 PASEH,20227843,SMA,-,Drawati,Kec. Paseh,Kab. Bandung,Prov. Jawa Barat,40383,-7.056700000000,107.794200000000,SWASTA,B,Ada,Ada,Mata air terlindungi,Cukup
SMA KP 3 PASEH,20240400,SMA,Malang,Loa,Kec. Paseh,Kab. Bandung,Prov. Jawa Barat,40383,-7.079900000000,107.793200000000,SWASTA,B,Ada,Ada,Mata air terlindungi,Kurang
SMA KP BALEENDAH,20228442,SMA,,Baleendah,Kec. Baleendah,Kab. Bandung,Prov. Jawa Barat,40375,-7.002000000000,107.622700000000,SWASTA,A,Ada,Ada,Pompa,Cukup
SMA KP BAROS ARJASARI,20227846,SMA,-,Baros,Kec. Arjasari,Kab. Bandung,Prov. Jawa Barat,40379,-7.054300000000,107.616100000000,SWASTA,B,Ada,Ada,Sumur terlindungi,Cukup
SMA KP CICALENGKA,20227814,SMA,SAWAH LEGA,Nagrog,Kec. Cicalengka,Kab. Bandung,Prov. Jawa Barat,40395,-6.998200000000,107.861900000000,SWASTA,B,Ada,Ada,Sumur terlindungi,Cukup
SMA KP CIWIDEY PASIRJAMBU,20227849,SMA,Mekarasa,Pasirjambu,Kec. Pasirjambu,Kab. Bandung,Prov. Jawa Barat,40972,-7.095000000000,107.474500000000,SWASTA,B,Ada,Ada,Ledeng/PAM,Cukup
SMA KP MARGAHAYU,20227851,SMA,-,Margahayu Selatan,Kec. Margahayu,Kab. Bandung,Prov. Jawa Barat,40226,-6.976300000000,107.566800000000,SWASTA,A,Ada,Ada,Ledeng/PAM,Tidak ada
SMA LABORATORIUM PERCONTOHAN UPI CIBIRU,70045667,SMA,Cibiru Wetan,Cibiru Wetan,Kec. Cileunyi,Kab. Bandung,Prov. Jawa Barat,40625,0.000000000000,0.000000000000,SWASTA,Belum Akreditasi,Ada,Ada,Sumur terlindungi,Cukup
SMA MAHAWARMAN,20227855,SMA,-,Cikancung,Kec. Cikancung,Kab. Bandung,Prov. Jawa Barat,40390,-7.012000000000,107.825700000000,SWASTA,B,Ada,Ada,Pompa,Cukup
SMA MAJALAYA PUTRA,20227856,SMA,Majakerta,Majakerta,Kec. Majalaya,Kab. Bandung,Prov. Jawa Barat,40382,-7.050000000000,107.764500000000,SWASTA,B,Ada,Ada,Pompa,Cukup
SMA MANGGALA,20256638,SMA,MARUYUNG,Maruyung,Kec. Pacet,Kab. Bandung,Prov. Jawa Barat,40385,-7.103900000000,107.703000000000,SWASTA,B,Ada,Ada,Sumur terlindungi,Cukup
SMA MARDIKA PASEH,20227857,SMA,Mekarpawitan,Mekarpawitan,Kec. Paseh,Kab. Bandung,Prov. Jawa Barat,40383,-7.049400000000,107.779300000000,SWASTA,B,Ada,Ada,Pompa,Cukup
SMA MATHLAUL ANWAR MARGAHAYU,20251781,SMA,Margahayu Selatan,Margahayu Selatan,Kec. Margahayu,Kab. Bandung,Prov. Jawa Barat,40226,-6.976083300000,107.567895000000,SWASTA,A,Ada,Ada,Ledeng/PAM,Tidak ada
SMA MEKAR ARUM CILEUNYI,20227858,SMA,Desa Cinunuk,Cinunuk,Kec. Cileunyi,Kab. Bandung,Prov. Jawa Barat,40624,-6.936528000000,107.731219000000,SWASTA,A,Ada,Ada,Pompa,Cukup
SMA MUHAMMADIYAH 2 MAJALAYA,20227860,SMA,Majasetra,Majasetra,Kec. Majalaya,Kab. Bandung,Prov. Jawa Barat,40382,-7.039200000000,107.754800000000,SWASTA,A,Ada,Ada,Pompa,Cukup
SMA MUHAMMADIYAH 3 CIPARAY,20227861,SMA,Serang Mekar,Serangmekar,Kec. Ciparay,Kab. Bandung,Prov. Jawa Barat,40381,-7.033400000000,107.705200000000,SWASTA,B,Ada,Tidak ada,Ledeng/PAM,Cukup
SMA MUHAMMADIYAH 4 MARGAHAYU,20227862,SMA,-,Sayati,Kec. Margahayu,Kab. Bandung,Prov. Jawa Barat,40228,-6.972688300000,107.573255000000,SWASTA,A,Ada,Ada,Pompa,Cukup
SMA MUHAMMADIYAH 5 RANCAEKEK,20227863,SMA,Babakan Harja,Rancaekek Wetan,Kec. Rancaekek,Kab. Bandung,Prov. Jawa Barat,40394,-6.959200000000,107.761500000000,SWASTA,A,Ada,Ada,Pompa,Cukup
SMA MUHAMMADIYAH 6 KERTASARI,20227864,SMA,Lebaksari,Cibeureum,Kec. Kertasari,Kab. Bandung,Prov. Jawa Barat,40386,-7.194500000000,107.674900000000,SWASTA,B,Ada,Ada,Sumur terlindungi,Cukup
SMA MUTIARA SANDI,20228467,SMA,Pasar Kemis,Manggahang,Kec. Baleendah,Kab. Bandung,Prov. Jawa Barat,40375,-7.018487000000,107.654023000000,SWASTA,B,Ada,Ada,Pompa,Cukup
SMA NAHDLOTUL ULAMA,70042775,SMA,Majasetra,Majasetra,Kec. Majalaya,Kab. Bandung,Prov. Jawa Barat,40382,0.000000000000,0.000000000000,SWASTA,Belum Akreditasi,Ada,Ada,Pompa,Cukup
SMA NURUZAMAN CILENGKRANG,20228469,SMA,Kp. Pasir Angin,Cilengkrang,Kec. Cilengkrang,Kab. Bandung,Prov. Jawa Barat,40615,-6.893100000000,107.723500000000,SWASTA,A,Ada,Ada,Pompa,Kurang
SMA PASUNDAN BANJARAN,20251783,SMA,Banjaran,Banjaran,Kec. Banjaran,Kab. Bandung,Prov. Jawa Barat,40377,7.024500000000,107.531500000000,SWASTA,A,Ada,Ada,Sumur terlindungi,Tidak ada
SMA PASUNDAN MAJALAYA,20256636,SMA,Majalaya,Sukamaju,Kec. Majalaya,Kab. Bandung,Prov. Jawa Barat,40382,-7.048000000000,107.752800000000,SWASTA,A,Ada,Ada,Ledeng/PAM,Cukup
SMA PASUNDAN RANCAEKEK,20227918,SMA,Kencana,Rancaekek Kencana,Kec. Rancaekek,Kab. Bandung,Prov. Jawa Barat,40394,-6.974400000000,107.756800000000,SWASTA,A,Ada,Ada,Sumur tidak terlindungi,Cukup
SMA PELITA BUNGA BANGSA,20227874,SMA,-,Arjasari,Kec. Arjasari,Kab. Bandung,Prov. Jawa Barat,40379,-7.055749100000,107.646210200000,SWASTA,A,Ada,Ada,Sumur terlindungi,Cukup
SMA PEMUDA BANJARAN,20227875,SMA,Kamasan,Kamasan,Kec. Banjaran,Kab. Bandung,Prov. Jawa Barat,40377,-7.048179000000,107.583314000000,SWASTA,B,Ada,Ada,Ledeng/PAM,Cukup
SMA PERKAPEN SINUMBRA,20227876,SMA,KP. SINUMBRA,Indragiri,Kec. Rancabali,Kab. Bandung,Prov. Jawa Barat,40973,-7.150200000000,107.333800000000,SWASTA,B,Ada,Ada,Sumur terlindungi,Cukup
SMA PGRI 31 PANGALENGAN,20227871,SMA,Pangalengan,Pangalengan,Kec. Pangalengan,Kab. Bandung,Prov. Jawa Barat,40378,-7.176000000000,107.570900000000,SWASTA,A,Ada,Ada,Ledeng/PAM,Tidak ada
SMA PGRI CICALENGKA,20251784,SMA,CIKUYA,Cikuya,Kec. Cicalengka,Kab. Bandung,Prov. Jawa Barat,40395,-6.981800000000,107.829400000000,SWASTA,A,Ada,Ada,Sumur terlindungi,Cukup
SMA PGRI RANCAEKEK,20206133,SMA,Pasantren,Bojongloa,Kec. Rancaekek,Kab. Bandung,Prov. Jawa Barat,40394,-6.953700000000,107.765900000000,SWASTA,B,Ada,Ada,Sumur terlindungi,Cukup
SMA PLUS BABUSSALAM CIMENYAN,20227816,SMA,Ciburial,Ciburial,Kec. Cimenyan,Kab. Bandung,Prov. Jawa Barat,40069,-6.856939000000,107.644165000000,SWASTA,B,Ada,Ada,Ledeng/PAM,Cukup
SMA PLUS ISLAM PACET,20227877,SMA,-,Maruyung,Kec. Pacet,Kab. Bandung,Prov. Jawa Barat,40385,-7.150100000000,107.333500000000,SWASTA,A,Ada,Ada,Sumur terlindungi,Cukup
SMA PLUS MERDEKA SOREANG,20227878,SMA,-,Soreang,Kec. Soreang,Kab. Bandung,Prov. Jawa Barat,40911,-7.033943300000,107.540218300000,SWASTA,A,Ada,Ada,Ledeng/PAM,Cukup
SMA PLUS TEBAR ILMU CIPARAY,20227921,SMA,papakserang,Serangmekar,Kec. Ciparay,Kab. Bandung,Prov. Jawa Barat,40381,-7.025500000000,107.691900000000,SWASTA,A,Ada,Ada,Ledeng/PAM,Cukup
SMA PONDOK SCHOOLING DARUL ILMI,70046541,SMA,Kp Cijambe Komplek Baitul Mansyurin Cinunuk Cileunyi,Cinunuk,Kec. Cileunyi,Kab. Bandung,Prov. Jawa Barat,40625,0.000000000000,0.000000000000,SWASTA,Belum Akreditasi,Ada,Ada,Sumur terlindungi,Cukup
SMA PUQ PAMEUNGPEUK,20227815,SMA,Bojongpulus,Sukasari,Kec. Pameungpeuk,Kab. Bandung,Prov. Jawa Barat,40376,-7.018600000000,107.592800000000,SWASTA,A,Ada,Ada,Pompa,Cukup
SMA PUTRA INDONESIA PASEH,20227879,SMA,-,Cipaku,Kec. Paseh,Kab. Bandung,Prov. Jawa Barat,40383,-7.049000000000,107.776900000000,SWASTA,B,Ada,Ada,Sumur terlindungi,Cukup
SMA SAPTA DHARMA,20206132,SMA,-,Pamekaran,Kec. Soreang,Kab. Bandung,Prov. Jawa Barat,40912,-7.025583300000,107.517046700000,SWASTA,A,Ada,Ada,Sumur terlindungi,Kurang
SMA SOREANG PUTRA,20206142,SMA,-,Soreang,Kec. Soreang,Kab. Bandung,Prov. Jawa Barat,40912,-7.024736600000,107.521148300000,SWASTA,A,Ada,Tidak ada,Sumur terlindungi,Cukup
SMA SWADAYA KARYA CIWIDEY,20227881,SMA,Cibadak,Sukaresmi,Kec. Rancabali,Kab. Bandung,Prov. Jawa Barat,40973,-7.193300000000,107.363500000000,SWASTA,B,Ada,Ada,Air sungai,Cukup
SMA TALENTA,20252198,SMA,Mekar Rahayu,Mekar Rahayu,Kec. Margaasih,Kab. Bandung,Prov. Jawa Barat,40218,-6.963448000000,107.558645000000,SWASTA,A,Ada,Ada,Sumur terlindungi,Cukup
SMA TAMAN SISWA RANCAEKEK,20227920,SMA,Rancanilem,Bojongloa,Kec. Rancaekek,Kab. Bandung,Prov. Jawa Barat,40394,-6.971600000000,107.764400000000,SWASTA,A,Ada,Ada,Pompa,Cukup
SMA TELKOM BANDUNG,20228479,SMA,-,Citeureup,Kec. Dayeuhkolot,Kab. Bandung,Prov. Jawa Barat,40257,-6.973400000000,107.626300000000,SWASTA,A,Ada,Ada,Sumur terlindungi,Cukup
SMA TERPADU AL-MUMIN,20227912,SMA,Sadang,Sukamantri,Kec. Paseh,Kab. Bandung,Prov. Jawa Barat,40383,-7.051600000000,107.770700000000,SWASTA,B,Ada,Ada,Pompa,Kurang
SMA TERPADU BAITURRAHMAN,20227827,SMA,BOJONG,Cikoneng,Kec. Ciparay,Kab. Bandung,Prov. Jawa Barat,40381,-7.071900000000,107.702700000000,SWASTA,A,Ada,Ada,Sumur terlindungi,Cukup
SMA TERPADU BANDUNG IBUN,20227882,SMA,Cibeet,Cibeet,Kec. Ibun,Kab. Bandung,Prov. Jawa Barat,40384,-7.084800000000,107.760700000000,SWASTA,B,Ada,Ada,Mata air terlindungi,Cukup
SMA TUNAS BARU CIPARAY,20227884,SMA,-,Gunungleutik,Kec. Ciparay,Kab. Bandung,Prov. Jawa Barat,40381,-7.035121000000,107.709045000000,SWASTA,B,Ada,Ada,Ledeng/PAM,Cukup
SMA YADIKA CICALENGKA,20251788,SMA,Kp. Cikopo,Tenjolaya,Kec. Cicalengka,Kab. Bandung,Prov. Jawa Barat,40395,-6.983300000000,107.840900000000,SWASTA,A,Ada,Ada,Sumur terlindungi,Cukup
SMA YADIKA SOREANG,69984529,SMA,BOJONG KONENG,Cingcin,Kec. Soreang,Kab. Bandung,Prov. Jawa Barat,40910,-7.024900000000,107.536500000000,SWASTA,A,Ada,Ada,Pompa,Cukup
SMA YAPI AL-HUSAENI,20227886,SMA,LEBAKBIRU,Ciheulang,Kec. Ciparay,Kab. Bandung,Prov. Jawa Barat,40381,-7.026100000000,107.681300000000,SWASTA,A,Ada,Ada,Pompa,Cukup
SMA YP BINA BANGSA,20227825,SMA,Sindangreret,Sukasari,Kec. Pameungpeuk,Kab. Bandung,Prov. Jawa Barat,40376,-7.018500000000,107.591600000000,SWASTA,B,Ada,Ada,Pompa,Cukup
SMA YPPI BALEENDAH,20251790,SMA,BALEENDAH,Baleendah,Kec. Baleendah,Kab. Bandung,Prov. Jawa Barat,40375,-7.010516200000,107.628991300000,SWASTA,A,Ada,Ada,Ledeng/PAM,Kurang
SMA YUMIK BANJARAN,20227887,SMA,Sindangpanon,Sindangpanon,Kec. Banjaran,Kab. Bandung,Prov. Jawa Barat,40377,-7.049800000000,107.583700000000,SWASTA,B,Ada,Ada,Ledeng/PAM,Cukup
SMAS AL FIIL,20240394,SMA,-,Gajahmekar,Kec. Kutawaringin,Kab. Bandung,Prov. Jawa Barat,40951,-6.971108300000,107.532221700000,SWASTA,A,Ada,Ada,Sumur terlindungi,Kurang
SMAS AL MADINA,20240396,SMA,-,Sukamanah,Kec. Paseh,Kab. Bandung,Prov. Jawa Barat,40383,-7.041700000000,107.767900000000,SWASTA,B,Ada,Ada,Sumur terlindungi,Cukup
SMAS HARAPAN BANGSA BALEENDAH,20227839,SMA,-,Baleendah,Kec. Baleendah,Kab. Bandung,Prov. Jawa Barat,40375,-7.008003400000,107.621331900000,SWASTA,B,Ada,Ada,Ledeng/PAM,Cukup
SMAS ISLAM TERPADU SASAMA,20273960,SMA,Metrul,Pangguh,Kec. Ibun,Kab. Bandung,Prov. Jawa Barat,40384,-7.101500000000,107.744700000000,SWASTA,B,Ada,Ada,Mata air terlindungi,Cukup
SMA NEGERI 1 GUNUNG HALU,20206212,SMA,-,Sirnajaya,Kec. Gununghalu,Kab. Bandung Barat,Prov. Jawa Barat,40565,-7.016300000000,107.307300000000,NEGERI,B,Ada,Ada,Pompa,Cukup
SMA NEGERI 1 LEMBANG,20206211,SMA,Pangragajian,Kayuambon,Kec. Lembang,Kab. Bandung Barat,Prov. Jawa Barat,40391,-6.819800000000,107.631700000000,NEGERI,A,Ada,Ada,Sumur terlindungi,Cukup
SMA NEGERI 1 NGAMPRAH,20227908,SMA,-,Tanimulya,Kec. Ngamprah,Kab. Bandung Barat,Prov. Jawa Barat,40552,-6.857900000000,107.529100000000,NEGERI,A,Ada,Ada,Pompa,Cukup
SMA NEGERI 1 SAGULING,69824839,SMA,Jalupang,GIRIMUKTI,Kec. Saguling,Kab. Bandung Barat,Prov. Jawa Barat,40561,-6.887900000000,107.422400000000,NEGERI,B,Ada,Ada,Pompa,Cukup
SMA NEGERI 2 LEMBANG,69965194,SMA,Lembang,Langensari,Kec. Lembang,Kab. Bandung Barat,Prov. Jawa Barat,40391,-6.826100000000,107.643700000000,NEGERI,B,Ada,Ada,Sumur terlindungi,Cukup
SMAN 1 BATUJAJAR,20227902,SMA,Selacau,Selacau,Kec. Batujajar,Kab. Bandung Barat,Prov. Jawa Barat,40561,-6.929500000000,107.505400000000,NEGERI,A,Ada,Ada,Sumur terlindungi,Cukup
SMAN 1 CIKALONGWETAN,20251782,SMA,-,Mandalamukti,Kec. Cikalongwetan,Kab. Bandung Barat,Prov. Jawa Barat,40556,-6.747700000000,107.443100000000,NEGERI,A,Ada,Ada,Pompa,Cukup
SMAN 1 CILILIN,20206146,SMA,CILILIN,Cililin,Kec. Cililin,Kab. Bandung Barat,Prov. Jawa Barat,40562,-6.955210400000,107.458524300000,NEGERI,A,Ada,Ada,Ledeng/PAM,Cukup
SMAN 1 CIPATAT,20206144,SMA,Ciptaharja,Ciptaharja,Kec. Cipatat,Kab. Bandung Barat,Prov. Jawa Barat,40754,-6.840200000000,107.371400000000,NEGERI,A,Ada,Ada,Sumur terlindungi,Cukup
SMAN 1 CIPEUNDEUY,20206131,SMA,-,NANGGELENG,Kec. Cipeundeuy,Kab. Bandung Barat,Prov. Jawa Barat,40558,-6.763000000000,107.365900000000,NEGERI,A,Ada,Ada,Sumur terlindungi,Cukup
SMAN 1 CIPONGKOR,20227869,SMA,Ciakar,Sarinagen,Kec. Cipongkor,Kab. Bandung Barat,Prov. Jawa Barat,40764,-6.938500000000,107.360400000000,NEGERI,A,Ada,Ada,Pompa,Cukup
SMAN 1 CISARUA,20206227,SMA,Jambudipa,Jambudipa,Kec. Cisarua,Kab. Bandung Barat,Prov. Jawa Barat,40551,-6.817293000000,107.548995000000,NEGERI,A,Ada,Ada,Ledeng/PAM,Kurang
SMAN 1 PADALARANG,20206208,SMA,Padalarang,Padalarang,Kec. Padalarang,Kab. Bandung Barat,Prov. Jawa Barat,40553,-6.843200000000,107.475900000000,NEGERI,A,Ada,Ada,Sumur terlindungi,Cukup
SMAN 1 PARONGPONG,20227901,SMA,-,Cihanjuang Rahayu,Kec. Parongpong,Kab. Bandung Barat,Prov. Jawa Barat,40559,-6.809800000000,107.576200000000,NEGERI,A,Ada,Ada,Sumur terlindungi,Cukup
SMAN 1 RONGGA,20267642,SMA,3 CINEMRANG,Bojong,Kec. Rongga,Kab. Bandung Barat,Prov. Jawa Barat,40565,-6.990400000000,107.269500000000,NEGERI,B,Ada,Ada,Pompa,Cukup
SMAN 1 SINDANGKERTA,20227909,SMA,Dusun II,Puncaksari,Kec. Sindangkerta,Kab. Bandung Barat,Prov. Jawa Barat,40563,-6.989900000000,107.393400000000,NEGERI,A,Ada,Ada,Pompa,Cukup
SMAN 2 PADALARANG,20227910,SMA,-,Jayamekar,Kec. Padalarang,Kab. Bandung Barat,Prov. Jawa Barat,40553,-6.852700000000,107.475900000000,NEGERI,A,Ada,Ada,Ledeng/PAM,Cukup
Bandung Alliance Intercultural School,69965155,SPK SMA,Cipendeuy,Cipeundeuy,Kec. Padalarang,Kab. Bandung Barat,Prov. Jawa Barat,40553,-6.868300000000,107.467000000000,SWASTA,B,Ada,Ada,Ledeng/PAM,Cukup
SMA AL - AZIZ ISLAMIC BOARDING SCHOOL,69964337,SMA,GANDRUNG,Jambudipa,Kec. Cisarua,Kab. Bandung Barat,Prov. Jawa Barat,40551,-6.817990000000,107.560353000000,SWASTA,A,Ada,Ada,Ledeng/PAM,Cukup
SMA AL AZHAR SYIFA BUDI PARAHYANGAN,69968020,SMA,Cimareme,Cimareme,Kec. Ngamprah,Kab. Bandung Barat,Prov. Jawa Barat,40552,-6.859772100000,107.500334900000,SWASTA,A,Ada,Ada,Sumur terlindungi,Cukup
SMA AL MUKHTARIYAH RAJAMANDALA,20279932,SMA,-,Mandalasari,Kec. Cipatat,Kab. Bandung Barat,Prov. Jawa Barat,40754,-6.831600000000,107.347500000000,SWASTA,A,Ada,Ada,Sumur terlindungi,Cukup
SMA AN NAJA BOARDING SCHOOL,69945707,SMA,kp.margaluyu,Cipeundeuy,Kec. Cipeundeuy,Kab. Bandung Barat,Prov. Jawa Barat,40558,-6.777267200000,107.370678000000,SWASTA,B,Ada,Ada,Sumur terlindungi,Cukup
SMA BERASRAMA DARUL HIKAM,70044915,SMA,,Pagerwangi,Kec. Lembang,Kab. Bandung Barat,Prov. Jawa Barat,40391,0.000000000000,0.000000000000,SWASTA,Belum Akreditasi,Ada,Ada,Mata air terlindungi,Cukup
SMA BINA MANDIRI,69962773,SMA,Dangdeur,Weninggalih,Kec. Sindangkerta,Kab. Bandung Barat,Prov. Jawa Barat,40563,-7.018900000000,107.405400000000,SWASTA,C,Ada,Tidak ada,Sumur terlindungi,Cukup
SMA BINA PERSADA,70045164,SMA,,Padalarang,Kec. Padalarang,Kab. Bandung Barat,Prov. Jawa Barat,,-6.872600000000,107.472100000000,SWASTA,Belum Akreditasi,Ada,Ada,Ledeng/PAM,Cukup
SMA BOARDING SCHOOL NAQWA AL HASANAH,70045489,SMA,Mandalamukti,Mandalamukti,Kec. Cikalongwetan,Kab. Bandung Barat,Prov. Jawa Barat,40556,0.000000000000,0.000000000000,SWASTA,Belum Akreditasi,Ada,Ada,Sumur terlindungi,Cukup
SMA DAARUT TAUHIID BOARDING SCHOOL,69893110,SMA,Kp. Pangsor,Cigugur Girang,Kec. Parongpong,Kab. Bandung Barat,Prov. Jawa Barat,40559,-6.835900000000,107.583900000000,SWASTA,A,Ada,Ada,Ledeng/PAM,Kurang
SMA DARUN NASYA,69897177,SMA,pagerwangi,Pagerwangi,Kec. Lembang,Kab. Bandung Barat,Prov. Jawa Barat,40391,-6.830600000000,107.620500000000,SWASTA,B,Ada,Ada,Ledeng/PAM,Cukup
SMA Global Solusi Indonesia,70031480,SMA,,Selacau,Kec. Batujajar,Kab. Bandung Barat,Prov. Jawa Barat,40561,-6.926900000000,107.498700000000,SWASTA,Belum Akreditasi,Ada,Ada,Sumur terlindungi,Cukup
SMA IT DAARUL ADZKIA,70039946,SMA,Selakuning,Mekarjaya,Kec. Cikalongwetan,Kab. Bandung Barat,Prov. Jawa Barat,40556,-6.791900000000,107.477200000000,SWASTA,Belum Akreditasi,Ada,Ada,Ledeng/PAM,Cukup
SMA IT FITHRAH INSANI,69933838,SMA,Kp. Cijerah,Tanimulya,Kec. Ngamprah,Kab. Bandung Barat,Prov. Jawa Barat,40552,-6.847623700000,107.508647000000,SWASTA,A,Ada,Ada,Sumur terlindungi,Cukup
SMA LEPPESA 2 CILILIN,69946120,SMA,DUSUN IV,Mukapayung,Kec. Cililin,Kab. Bandung Barat,Prov. Jawa Barat,40562,-6.986200000000,107.467000000000,SWASTA,C,Ada,Ada,Sumur terlindungi,Cukup
SMA MADYA UTAMA,69899353,SMA,Nanggerang,Nanggerang,Kec. Cililin,Kab. Bandung Barat,Prov. Jawa Barat,40562,-7.025600000000,107.458200000000,SWASTA,B,Ada,Ada,Pompa,Cukup
SMA MUSLIMIN RONGGA,69918550,SMA,Genggong,Cinengah,Kec. Rongga,Kab. Bandung Barat,Prov. Jawa Barat,40565,-6.961600000000,107.282600000000,SWASTA,B,Ada,Ada,Sumur terlindungi,Cukup
SMA Mutiara Nusantara,69930027,SPK SMA,Sukabaru,Cihideung,Kec. Parongpong,Kab. Bandung Barat,Prov. Jawa Barat,40559,-6.847100000000,107.592000000000,SWASTA,B,Ada,Ada,Mata air terlindungi,Cukup
SMA NURUL FIKRI BOARDING SCHOOL LEMBANG,20269747,SMA,Cibodas,Cibodas,Kec. Lembang,Kab. Bandung Barat,Prov. Jawa Barat,40391,-6.819900000000,107.674000000000,SWASTA,A,Ada,Ada,Mata air terlindungi,Cukup
SMA PP BAITUL IZZAH NUSANTARA,69945428,SMA,SUKALUYU,Suntenjaya,Kec. Lembang,Kab. Bandung Barat,Prov. Jawa Barat,40391,-6.832500000000,107.706100000000,SWASTA,A,Ada,Tidak ada,Mata air tdk terlindungi,Kurang
SMA RAJAWALI,70049542,SMA,,Cihanjuang Rahayu,Kec. Parongpong,Kab. Bandung Barat,Prov. Jawa Barat,,0.000000000000,0.000000000000,SWASTA,Belum Akreditasi,Ada,Ada,Sumur terlindungi,Cukup
SMA TARUNA NUSANTARA INDONESIA,69964619,SMA,Kp. Warga Saluyu,Cisomang Barat,Kec. Cikalongwetan,Kab. Bandung Barat,Prov. Jawa Barat,40556,-6.722800000000,107.454400000000,SWASTA,A,Ada,Ada,Pompa,Cukup
SMA TASDIQUL QURAN,70045381,SMA,,Cihanjuang,Kec. Parongpong,Kab. Bandung Barat,Prov. Jawa Barat,40559,6.861700000000,107.562300000000,SWASTA,Belum Akreditasi,Ada,Ada,Sumur terlindungi,Cukup
SMA TERPADU RIYADLUL HUDA,70031817,SMA,Ngamprah,Ngamprah,Kec. Ngamprah,Kab. Bandung Barat,Prov. Jawa Barat,40552,-6.831800000000,107.499200000000,SWASTA,B,Ada,Ada,Sumur terlindungi,Cukup
SMAS AL BIDAYAH NBATUJAJAR,20251779,SMA,DESA GIRIASIH,Giriasih,Kec. Batujajar,Kab. Bandung Barat,Prov. Jawa Barat,40561,-6.900600000000,107.501600000000,SWASTA,A,Ada,Ada,Pompa,Cukup
SMAS AL-IRSYAD SATYA ,20279931,SMA,-,Cipeundeuy,Kec. Padalarang,Kab. Bandung Barat,Prov. Jawa Barat,40553,-6.864200000000,107.477200000000,SWASTA,A,Ada,Ada,Pompa,Cukup
SMAS CAHAYA BANGSA CLASSICAL SCHOOL,20274847,SPK SMA,Cipeundeuy,Cipeundeuy,Kec. Padalarang,Kab. Bandung Barat,Prov. Jawa Barat,40553,-6.869100000000,107.467900000000,SWASTA,B,Ada,Ada,Pompa,Cukup
SMAS CIPTA MANDIRI CISARUA,20227831,SMA,Kp. Barupadang,Cipada,Kec. Cisarua,Kab. Bandung Barat,Prov. Jawa Barat,40551,-6.776300000000,107.520600000000,SWASTA,B,Ada,Ada,Ledeng/PAM,Cukup
SMAS DAARUL ILMI CIPEUNDEUY,20228433,SMA,CIWARU,Bojongmekar,Kec. Cipeundeuy,Kab. Bandung Barat,Prov. Jawa Barat,40558,-6.847000000000,107.589900000000,SWASTA,B,Ada,Ada,Pompa,Cukup
SMAS DARUL FALAH BATUJAJAR,20268292,SMA,Jati,Selacau,Kec. Batujajar,Kab. Bandung Barat,Prov. Jawa Barat,40561,-6.901000000000,107.400100000000,SWASTA,B,Ada,Ada,Pompa,Cukup
SMAS DARUL FALAH CIHAMPELAS,20227834,SMA,Cihampelas,Cihampelas,Kec. Cihampelas,Kab. Bandung Barat,Prov. Jawa Barat,40562,-6.926200000000,107.479600000000,SWASTA,A,Ada,Ada,Sumur terlindungi,Cukup
SMAS DARUL HIKAM INTERNASIONAL,69822684,SMA,,Kayuambon,Kec. Lembang,Kab. Bandung Barat,Prov. Jawa Barat,40391,-6.828200000000,107.627300000000,SWASTA,A,Ada,Ada,Ledeng/PAM,Cukup
SMAS HARAPAN CIPONGKOR,20227840,SMA,Kp. Warung,Citalem,Kec. Cipongkor,Kab. Bandung Barat,Prov. Jawa Barat,40764,-6.819500000000,107.619500000000,SWASTA,A,Ada,Ada,Pompa,Tidak ada
SMAS ISLAM MUSYAWARAH,20251780,SMA,Baru Adjak,Lembang,Kec. Lembang,Kab. Bandung Barat,Prov. Jawa Barat,40391,-6.819600000000,107.615800000000,SWASTA,A,Ada,Ada,Pompa,Cukup
SMAS ISLAM NURUL HUDA LEMBANG,20227841,SMA,-,Cikole,Kec. Lembang,Kab. Bandung Barat,Prov. Jawa Barat,40391,-6.793700000000,107.648500000000,SWASTA,B,Ada,Ada,Sumur terlindungi,Cukup
SMAS KP CIKALONGWETAN,20227847,SMA,WARUNG DOMBA,Mandalamukti,Kec. Cikalongwetan,Kab. Bandung Barat,Prov. Jawa Barat,40556,-6.759700000000,107.462600000000,SWASTA,B,Ada,Ada,Pompa,Cukup
SMAS LEPPESA CILILIN,20227854,SMA,Mukapayung,Mukapayung,Kec. Cililin,Kab. Bandung Barat,Prov. Jawa Barat,40562,-6.980900000000,107.436100000000,SWASTA,A,Ada,Ada,Sumur terlindungi,Kurang
SMAS LGBP SINDANGKERTA,69786290,SMA,Dusun 3,Pasirpogor,Kec. Sindangkerta,Kab. Bandung Barat,Prov. Jawa Barat,40563,-6.976100000000,107.392800000000,SWASTA,B,Ada,Ada,Sumur terlindungi,Cukup
SMAS MEKARWANGI LEMBANG,20240402,SMA,,Langensari,Kec. Lembang,Kab. Bandung Barat,Prov. Jawa Barat,40391,-6.834600000000,107.638000000000,SWASTA,B,Ada,Ada,Ledeng/PAM,Cukup
SMAS MITRA DARMA CILILIN,20227859,SMA,RADIO,Cililin,Kec. Cililin,Kab. Bandung Barat,Prov. Jawa Barat,40562,-6.956200000000,107.458700000000,SWASTA,A,Ada,Ada,Sumur terlindungi,Cukup
SMAS MUSLIMIN CILILIN,20227865,SMA,-,Bongas,Kec. Cililin,Kab. Bandung Barat,Prov. Jawa Barat,40562,-6.954000000000,107.416400000000,SWASTA,A,Ada,Ada,Sumur terlindungi,Tidak ada
SMAS MUSLIMIN CIPONGKOR,20227866,SMA,Sindangsari,Baranangsiang,Kec. Cipongkor,Kab. Bandung Barat,Prov. Jawa Barat,40564,-6.850200000000,107.492200000000,SWASTA,B,Ada,Ada,Sumur terlindungi,Cukup
SMAS MUSLIMIN SINDANGKERTA,20227867,SMA,-,Cintakarya,Kec. Sindangkerta,Kab. Bandung Barat,Prov. Jawa Barat,40563,-6.979900000000,107.405800000000,SWASTA,B,Ada,Ada,Pompa,Cukup
SMAS PANCA KARSA LEMBANG,20227873,SMA,-,Lembang,Kec. Lembang,Kab. Bandung Barat,Prov. Jawa Barat,40391,-6.825400000000,107.626700000000,SWASTA,B,Ada,Ada,Pompa,Cukup
SMAS PGRI CIPEUNDEUY,20227872,SMA,Margalaksana,Margalaksana,Kec. Cipeundeuy,Kab. Bandung Barat,Prov. Jawa Barat,40558,-6.732300000000,107.353300000000,SWASTA,B,Ada,Ada,Sumur terlindungi,Cukup
SMAS PGRI LEMBANG,20251786,SMA,Jayagiri,Jayagiri,Kec. Lembang,Kab. Bandung Barat,Prov. Jawa Barat,40791,-6.810600000000,107.620800000000,SWASTA,B,Ada,Ada,Ledeng/PAM,Cukup
SMAS SUMUR BANDUNG CILILIN,20251787,SMA,-,Cililin,Kec. Cililin,Kab. Bandung Barat,Prov. Jawa Barat,40562,-6.953900000000,107.461300000000,SWASTA,A,Ada,Ada,Ledeng/PAM,Cukup
SMAS TERPADU AL-KANDIYAS,60728854,SMA,Warung Tilu,Baranangsiang,Kec. Cipongkor,Kab. Bandung Barat,Prov. Jawa Barat,40764,-6.908000000000,107.340400000000,SWASTA,B,Ada,Ada,Pompa,Kurang
SMAS TERPADU NURUSSA ADAH,60726183,SMA,-,SAGULING,Kec. Saguling,Kab. Bandung Barat,Prov. Jawa Barat,40561,-6.906900000000,107.372400000000,SWASTA,B,Ada,Ada,Sumur terlindungi,Cukup
SMAS YAS SINDANGKERTA,20227885,SMA,-,Sindangkerta,Kec. Sindangkerta,Kab. Bandung Barat,Prov. Jawa Barat,40563,-6.987700000000,107.414300000000,SWASTA,A,Ada,Ada,Sumur terlindungi,Cukup
SMA N 7 TAMBUN SELATAN,69965794,SMA,,Mangunjaya,Kec. Tambun Selatan,Kab. Bekasi,Prov. Jawa Barat,17510,-6.230600000000,107.060500000000,NEGERI,A,Ada,Ada,Pompa,Cukup
SMA NEGERI 2 CIBARUSAH,69989079,SMA,Cibarusah Kota,Cibarusahkota,Kec. Cibarusah,Kab. Bekasi,Prov. Jawa Barat,17340,-6.434700000000,107.078800000000,NEGERI,B,Ada,Ada,Ledeng/PAM,Cukup
SMA NEGERI 2 CIBITUNG,69965414,SMA,1,Kertamukti,Kec. Cibitung,Kab. Bekasi,Prov. Jawa Barat,17520,-6.229800000000,107.106900000000,NEGERI,A,Ada,Ada,Sumur terlindungi,Cukup
SMA NEGERI 2 SETU,69984099,SMA,15,Ragemanunggal,Kec. Setu,Kab. Bekasi,Prov. Jawa Barat,17320,-6.379800000000,107.018400000000,NEGERI,A,Ada,Ada,Pompa,Kurang
SMA NEGERI 4 BABELAN,69990565,SMA,Kedung Pengawas,Kedungpengawas,Kec. Babelan,Kab. Bekasi,Prov. Jawa Barat,17610,-6.157000000000,107.039400000000,NEGERI,B,Ada,Ada,Ledeng/PAM,Cukup
SMA NEGERI 9 TAMBUN SELATAN,69983821,SMA,Tridayasakti,Mekarsari,Kec. Tambun Selatan,Kab. Bekasi,Prov. Jawa Barat,17510,-6.255800000000,107.067900000000,NEGERI,B,Ada,Ada,Pompa,Cukup
SMAN 1 BABELAN,20218359,SMA,-,Kebalen,Kec. Babelan,Kab. Bekasi,Prov. Jawa Barat,17610,-6.188200000000,107.034900000000,NEGERI,A,Ada,Ada,Sumur terlindungi,Cukup
SMAN 1 BOJONGMANGU,20237984,SMA,JEGANG,Bojongmangu,Kec. Bojong Mangu,Kab. Bekasi,Prov. Jawa Barat,17351,-6.432800000000,107.175100000000,NEGERI,A,Ada,Ada,Ledeng/PAM,Cukup
SMAN 1 CABANGBUNGIN,20218358,SMA,-,Lenggahjaya,Kec. Cabangbungin,Kab. Bekasi,Prov. Jawa Barat,17720,-6.072100000000,107.162800000000,NEGERI,A,Ada,Ada,Pompa,Cukup
SMAN 1 CIBARUSAH,20218357,SMA,-,Sindangmulya,Kec. Cibarusah,Kab. Bekasi,Prov. Jawa Barat,17343,-6.413000000000,107.084300000000,NEGERI,A,Ada,Ada,Pompa,Cukup
SMAN 1 CIBITUNG,20237985,SMA,Wanajaya,Wanajaya,Kec. Cibitung,Kab. Bekasi,Prov. Jawa Barat,17520,-6.253800000000,107.095800000000,NEGERI,A,Ada,Ada,Ledeng/PAM,Cukup
SMAN 1 CIKARANG BARAT,20237986,SMA,-,Telagamurni,Kec. Cikarang Barat,Kab. Bekasi,Prov. Jawa Barat,17520,-6.260000000000,107.125000000000,NEGERI,A,Ada,Tidak ada,Ledeng/PAM,Cukup
SMAN 1 CIKARANG PUSAT,20237987,SMA,Rawa Sentul,Jayamukti,Kec. Cikarang Pusat,Kab. Bekasi,Prov. Jawa Barat,17815,-6.315300000000,107.164700000000,NEGERI,A,Ada,Ada,Ledeng/PAM,Cukup
SMAN 1 CIKARANG SELATAN,20218378,SMA,Sukaresmi,Sukaresmi,Kec. Cikarang Selatan,Kab. Bekasi,Prov. Jawa Barat,17330,-6.334100000000,107.119400000000,NEGERI,A,Ada,Ada,Pompa,Cukup
SMAN 1 CIKARANG TIMUR,20237988,SMA,-,Jatibaru,Kec. Cikarang Timur,Kab. Bekasi,Prov. Jawa Barat,17530,-6.274500000000,107.201200000000,NEGERI,A,Ada,Ada,Sumur terlindungi,Cukup
SMAN 1 CIKARANG UTARA,20218356,SMA,,Karangasih,Kec. Cikarang Utara,Kab. Bekasi,Prov. Jawa Barat,17530,-6.248800000000,107.159300000000,NEGERI,A,Ada,Ada,Pompa,Cukup
SMAN 1 KARANG BAHAGIA,20237989,SMA,,Karanganyar,Kec. Karang Bahagia,Kab. Bekasi,Prov. Jawa Barat,17530,-6.207100000000,107.189000000000,NEGERI,A,Ada,Ada,Pompa,Cukup
SMAN 1 KEDUNGWARINGIN,20237990,SMA,Kedunggede,Kedungwaringin,Kec. Kedung Waringin,Kab. Bekasi,Prov. Jawa Barat,17540,-6.269400000000,107.267800000000,NEGERI,A,Ada,Ada,Pompa,Cukup
SMAN 1 MUARAGEMBONG,20237991,SMA,Biyombong,Pantaimekar,Kec. Muara Gembong,Kab. Bekasi,Prov. Jawa Barat,17730,-5.987100000000,107.047700000000,NEGERI,A,Ada,Ada,Ledeng/PAM,Cukup
SMAN 1 PEBAYURAN,20218354,SMA,-,Kertasari,Kec. Pebayuran,Kab. Bekasi,Prov. Jawa Barat,17710,-6.206200000000,107.292000000000,NEGERI,A,Ada,Ada,Pompa,Cukup
SMAN 1 SERANG BARU,20238568,SMA,-,Sukaragam,Kec. Serang Baru,Kab. Bekasi,Prov. Jawa Barat,17330,-6.395900000000,107.116800000000,NEGERI,A,Ada,Ada,Ledeng/PAM,Cukup
SMAN 1 SETU,20237992,SMA,Lubang Buaya,Lubangbuaya,Kec. Setu,Kab. Bekasi,Prov. Jawa Barat,17320,-6.320800000000,107.046700000000,NEGERI,A,Ada,Ada,Pompa,Cukup
SMAN 1 SUKAKARYA,20244763,SMA,SUKAMAKMUR,Sukamakmur,Kec. Sukakarya,Kab. Bekasi,Prov. Jawa Barat,17630,-6.173500000000,107.217900000000,NEGERI,A,Ada,Ada,Pompa,Cukup
SMAN 1 SUKATANI,20218353,SMA,-,Sukamulya,Kec. Sukatani,Kab. Bekasi,Prov. Jawa Barat,17630,-6.165300000000,107.178600000000,NEGERI,A,Ada,Ada,Sumur terlindungi,Cukup
SMAN 1 SUKAWANGI,20238569,SMA,GOMBANG,Sukakerta,Kec. Sukawangi,Kab. Bekasi,Prov. Jawa Barat,17620,-6.112900000000,107.129600000000,NEGERI,A,Ada,Ada,Pompa,Cukup
SMAN 1 TAMBELANG,20237993,SMA,Sukarapih,Sukarapih,Kec. Tambelang,Kab. Bekasi,Prov. Jawa Barat,17620,-6.185200000000,107.122300000000,NEGERI,A,Ada,Ada,Pompa,Cukup
SMAN 1 TAMBUN SELATAN,20218351,SMA,TAMBUN,Tambun,Kec. Tambun Selatan,Kab. Bekasi,Prov. Jawa Barat,17510,-6.271500000000,107.066100000000,NEGERI,A,Ada,Ada,Pompa,Cukup
SMAN 1 TAMBUN UTARA,20218364,SMA,-,Sriamur,Kec. Tambun Utara,Kab. Bekasi,Prov. Jawa Barat,17561,-6.188200000000,107.049600000000,NEGERI,A,Ada,Ada,Pompa,Cukup
SMAN 1 TARUMAJAYA,20218365,SMA,-,Pahlawan Setia,Kec. Taruma Jaya,Kab. Bekasi,Prov. Jawa Barat,17216,-6.138900000000,107.000400000000,NEGERI,A,Ada,Ada,Ledeng/PAM,Cukup
SMAN 2 BABELAN,20254165,SMA,-,Kebalen,Kec. Babelan,Kab. Bekasi,Prov. Jawa Barat,17610,-6.195200000000,107.036600000000,NEGERI,A,Ada,Ada,Pompa,Cukup
SMAN 2 CIKARANG BARAT,69964653,SMA,CIKARANG BARAT,Telagamurni,Kec. Cikarang Barat,Kab. Bekasi,Prov. Jawa Barat,17530,-6.255100000000,107.115600000000,NEGERI,A,Ada,Ada,Pompa,Kurang
SMAN 2 CIKARANG PUSAT,20245433,SMA,,Sukamahi,Kec. Cikarang Pusat,Kab. Bekasi,Prov. Jawa Barat,17531,-6.376400000000,107.163800000000,NEGERI,A,Ada,Ada,Ledeng/PAM,Cukup
SMAN 2 CIKARANG SELATAN,69772703,SMA,,Sukadami,Kec. Cikarang Selatan,Kab. Bekasi,Prov. Jawa Barat,17550,-6.353900000000,107.108600000000,NEGERI,A,Ada,Ada,Ledeng/PAM,Cukup
SMAN 2 CIKARANG UTARA,20253190,SMA,Kp. Cibeber,Simpangan,Kec. Cikarang Utara,Kab. Bekasi,Prov. Jawa Barat,17534,-6.273800000000,107.172700000000,NEGERI,A,Ada,Ada,Ledeng/PAM,Cukup
SMAN 2 SUKATANI,20237994,SMA,Kp. Kobak Baya,Sukamanah,Kec. Sukatani,Kab. Bekasi,Prov. Jawa Barat,17633,-6.194600000000,107.172700000000,NEGERI,A,Ada,Ada,Pompa,Cukup
SMAN 2 TAMBUN SELATAN,20218379,SMA,-,Mekarsari,Kec. Tambun Selatan,Kab. Bekasi,Prov. Jawa Barat,17510,-6.269600000000,107.055700000000,NEGERI,A,Ada,Ada,Ledeng/PAM,Cukup
SMAN 2 TAMBUN UTARA,20237995,SMA,Karang Satria,Karangsatria,Kec. Tambun Utara,Kab. Bekasi,Prov. Jawa Barat,17510,-6.233200000000,107.050600000000,NEGERI,A,Ada,Ada,Ledeng/PAM,Cukup
SMAN 3 BABELAN,69823285,SMA,Bahagia,Bahagia,Kec. Babelan,Kab. Bekasi,Prov. Jawa Barat,17612,-6.171900000000,107.013400000000,NEGERI,A,Ada,Ada,Sumur terlindungi,Cukup
SMAN 3 CIKARANG UTARA,20245434,SMA,Waluya,Waluya,Kec. Cikarang Utara,Kab. Bekasi,Prov. Jawa Barat,17530,-6.265500000000,107.186500000000,NEGERI,A,Ada,Ada,Pompa,Cukup
SMAN 3 TAMBUN SELATAN,20237996,SMA,,Mangunjaya,Kec. Tambun Selatan,Kab. Bekasi,Prov. Jawa Barat,17517,-6.226400000000,107.061800000000,NEGERI,A,Ada,Ada,Pompa,Cukup
SMAN 4 TAMBUN SELATAN,20237997,SMA,SUMBERJAYA,Sumberjaya,Kec. Tambun Selatan,Kab. Bekasi,Prov. Jawa Barat,17510,-6.224600000000,107.083500000000,NEGERI,A,Ada,Ada,Pompa,Cukup
SMAN 5 TAMBUN SELATAN,20237998,SMA,III (Tiga),Lambangsari,Kec. Tambun Selatan,Kab. Bekasi,Prov. Jawa Barat,17510,-6.284900000000,107.038400000000,NEGERI,A,Ada,Ada,Ledeng/PAM,Cukup
SMAN 6 TAMBUN SELATAN,69821180,SMA,,Jatimulya,Kec. Tambun Selatan,Kab. Bekasi,Prov. Jawa Barat,17510,-6.267500000000,107.018500000000,NEGERI,A,Ada,Ada,Ledeng/PAM,Cukup
SMAN 8 TAMBUN SELATAN,69982031,SMA,0,Tambun,Kec. Tambun Selatan,Kab. Bekasi,Prov. Jawa Barat,17520,-6.227700000000,107.076200000000,NEGERI,B,Ada,Ada,Ledeng/PAM,Cukup
SMA AL-KAMILIYYAH BOARDING SCHOOL,69964749,SMA,Kp. Cibogo,Sindangmulya,Kec. Cibarusah,Kab. Bekasi,Prov. Jawa Barat,17340,-6.427800000000,107.085300000000,SWASTA,A,Ada,Ada,Ledeng/PAM,Cukup
SMA AL-MANAR,70038405,SMA,,Cibarusahjaya,Kec. Cibarusah,Kab. Bekasi,Prov. Jawa Barat,,0.000000000000,0.000000000000,SWASTA,Belum Akreditasi,Ada,Ada,Ledeng/PAM,Cukup
SMA BINTANG TIMUR,69990974,SMA,,Sumberjaya,Kec. Tambun Selatan,Kab. Bekasi,Prov. Jawa Barat,17510,-6.223260200000,107.062237300000,SWASTA,Belum Akreditasi,Ada,Ada,Ledeng/PAM,Cukup
SMA BUNYAN INDONESIA,69969192,SMA,TELAJUNG,Lubangbuaya,Kec. Setu,Kab. Bekasi,Prov. Jawa Barat,17530,-6.332200000000,107.058900000000,SWASTA,A,Ada,Ada,Lainnya,Cukup
SMA IIBS,20252020,SMA,-,Sukaresmi,Kec. Cikarang Selatan,Kab. Bekasi,Prov. Jawa Barat,17550,-6.352000000000,107.120400000000,SWASTA,A,Ada,Ada,Ledeng/PAM,Cukup
SMA ISLAM AL - AZHAR 18 GRAND WISATA,69954194,SMA,Lambang Sari,Lambangsari,Kec. Tambun Selatan,Kab. Bekasi,Prov. Jawa Barat,17510,-6.245136000000,107.049435000000,SWASTA,A,Ada,Ada,Pompa,Cukup
SMA ISLAM AL AZHAR 22,70008990,SMA,Simpangan,Simpangan,Kec. Cikarang Utara,Kab. Bekasi,Prov. Jawa Barat,17530,-6.279300000000,107.175600000000,SWASTA,A,Ada,Ada,Pompa,Cukup
SMA ISLAM CENDEKIA UTAMA,70047752,SMA,Kp Kebon kelapa,Cibarusahkota,Kec. Cibarusah,Kab. Bekasi,Prov. Jawa Barat,17340,0.000000000000,0.000000000000,SWASTA,Belum Akreditasi,Ada,Ada,Sumur terlindungi,Cukup
SMA ISLAM DARUNNADWAH,69943870,SMA,-,Karangasih,Kec. Cikarang Utara,Kab. Bekasi,Prov. Jawa Barat,17540,-6.239200000000,107.237300000000,SWASTA,A,Ada,Ada,Pompa,Cukup
SMA ISLAM TERPADU ULIL ALBAB,70029938,SMA,,Wanasari,Kec. Cibitung,Kab. Bekasi,Prov. Jawa Barat,17520,-6.236400000000,107.090400000000,SWASTA,B,Ada,Ada,Ledeng/PAM,Cukup
SMA IT  Nurul Fajri,69989763,SMA,Babakan,Telaga Asih,Kec. Cikarang Barat,Kab. Bekasi,Prov. Jawa Barat,17520,-6.266644500000,107.099026100000,SWASTA,A,Ada,Ada,Pompa,Cukup
SMA IT ANNUR,NP582477,SMA,Rawa Sentul Ds. Sertajaya Kec. Cikarang Timur Kab. Bekasi,Sertajaya,Kec. Cikarang Timur,Kab. Bekasi,Prov. Jawa Barat,17550,-6.312200000000,107.167500000000,SWASTA,Belum Akreditasi,Ada,Ada,Ledeng/PAM,Cukup
SMA IT DAROJATUL ASHFAD,70047407,SMA,,Sukaraya,Kec. Karang Bahagia,Kab. Bekasi,Prov. Jawa Barat,,0.000000000000,0.000000000000,SWASTA,Belum Akreditasi,Ada,Ada,Ledeng/PAM,Cukup
SMA IT EZZAT EL FATIR,70007150,SMA,,Tanjungsari,Kec. Cikarang Utara,Kab. Bekasi,Prov. Jawa Barat,,6.269500000000,6.269500000000,SWASTA,B,Ada,Ada,Pompa,Cukup
SMA IT MUTIARA HIKMAH,69949642,SMA,,Sumberjaya,Kec. Tambun Selatan,Kab. Bekasi,Prov. Jawa Barat,17510,-6.279859900000,107.045084600000,SWASTA,B,Ada,Ada,Sumur terlindungi,Cukup
SMA KRISTEN PENABUR KOTA JABABEKA,69986554,SMA,,Mekarmukti,Kec. Cikarang Utara,Kab. Bekasi,Prov. Jawa Barat,17530,-6.292513000000,107.153428000000,SWASTA,A,Ada,Ada,Ledeng/PAM,Cukup
SMA KRISTEN TUNAS BANGSA,70035539,SMA,cikarang,Cibatu,Kec. Cikarang Selatan,Kab. Bekasi,Prov. Jawa Barat,17530,-6.346333300000,107.160024700000,SWASTA,A,Ada,Ada,Ledeng/PAM,Cukup
SMA MULTI ISTIQLAL,69942478,SMA,Kp. Pulo,Sumberjaya,Kec. Tambun Selatan,Kab. Bekasi,Prov. Jawa Barat,17510,-6.234400000000,107.071400000000,SWASTA,B,Ada,Ada,Ledeng/PAM,Cukup
SMA PEACHBLOSSOMS,70045892,SMA,,Setia Asih,Kec. Taruma Jaya,Kab. Bekasi,Prov. Jawa Barat,,0.000000000000,0.000000000000,SWASTA,Belum Akreditasi,Ada,Ada,Ledeng/PAM,Cukup
SMA PELITA HARAPAN CIKARANG,20238021,SPK SMA,Cibatu,Sukaresmi,Kec. Cikarang Selatan,Kab. Bekasi,Prov. Jawa Barat,17550,-6.328700000000,107.147500000000,SWASTA,C,Ada,Ada,Ledeng/PAM,Cukup
SMA SANTO LEO III,69964623,SMA,Simpangan,Simpangan,Kec. Cikarang Utara,Kab. Bekasi,Prov. Jawa Barat,17530,-6.278400000000,107.176800000000,SWASTA,A,Ada,Ada,Ledeng/PAM,Cukup
SMAIT AL-ARABI,69947131,SMA,Bojong Koneng,Telagamurni,Kec. Cikarang Barat,Kab. Bekasi,Prov. Jawa Barat,17530,-6.308547200000,107.103464100000,SWASTA,B,Ada,Ada,Ledeng/PAM,Cukup
SMAS AL - MUSLIM,20238003,SMA,Jln. Raya Setu Kp. Bahagia,Tambun,Kec. Tambun Selatan,Kab. Bekasi,Prov. Jawa Barat,17510,-6.268100000000,107.074500000000,SWASTA,A,Ada,Ada,Pompa,Cukup
SMAS AL - MUTTAQIN,20238004,SMA,Tambelang,Sukarapih,Kec. Tambelang,Kab. Bekasi,Prov. Jawa Barat,17620,-6.192100000000,107.122100000000,SWASTA,B,Ada,Ada,Pompa,Cukup
SMAS AL ICHWAN,20269741,SMA,Pasirgombong,Pasirgombong,Kec. Cikarang Utara,Kab. Bekasi,Prov. Jawa Barat,17550,-6.286700000000,107.155000000000,SWASTA,B,Ada,Ada,Ledeng/PAM,Cukup
SMAS AL MAGHFIRAH,20244052,SMA,-kecamatan cikarang barat,Telajung,Kec. Cikarang Barat,Kab. Bekasi,Prov. Jawa Barat,17530,-6.321100000000,107.057400000000,SWASTA,B,Ada,Ada,Ledeng/PAM,Cukup
SMAS AL MAMUR,20238002,SMA,-,Kalijaya,Kec. Cikarang Barat,Kab. Bekasi,Prov. Jawa Barat,17530,-6.258000000000,107.139900000000,SWASTA,B,Ada,Ada,Pompa,Cukup
SMAS AL-MAHAD,69893233,SMA,Tamansari,Taman Sari,Kec. Setu,Kab. Bekasi,Prov. Jawa Barat,17360,-6.381200000000,107.056100000000,SWASTA,B,Ada,Ada,Pompa,Cukup
SMAS ATTAQWA 02 BABELAN,20246453,SMA,-,Babelan Kota,Kec. Babelan,Kab. Bekasi,Prov. Jawa Barat,17610,-6.170300000000,107.026500000000,SWASTA,B,Ada,Ada,Sumur terlindungi,Cukup
SMAS AT-TAQWA 03,20246383,SMA,KpPangkalan,Sukamekar,Kec. Sukawangi,Kab. Bekasi,Prov. Jawa Barat,17655,-6.143400000000,107.050000000000,SWASTA,B,Ada,Ada,Pompa,Cukup
SMAS AZZAHIRIYAH,20246479,SMA,-,Waringinjaya,Kec. Kedung Waringin,Kab. Bekasi,Prov. Jawa Barat,17540,-6.263400000000,107.252500000000,SWASTA,B,Ada,Ada,Pompa,Cukup
SMAS BAITURRAHMAN,20238007,SMA,-,Ridogalih,Kec. Cibarusah,Kab. Bekasi,Prov. Jawa Barat,17346,-6.441000000000,107.115800000000,SWASTA,C,Ada,Ada,Sumur terlindungi,Cukup
SMAS BHAKTI NEGARA KAB BEKASI,20253251,SMA,Rengasbandung,Tanjungbaru,Kec. Cikarang Timur,Kab. Bekasi,Prov. Jawa Barat,17823,-6.267000000000,107.221200000000,SWASTA,B,Ada,Ada,Pompa,Cukup
SMAS BINA BANGSA SUKATANI,20238008,SMA,Sukatani,Sukadarma,Kec. Sukatani,Kab. Bekasi,Prov. Jawa Barat,17630,-6.170000000000,107.179800000000,SWASTA,B,Ada,Ada,Mata air terlindungi,Cukup
SMAS BINA NEGARA,20238009,SMA,Kuda-Kuda,Bantarsari,Kec. Pebayuran,Kab. Bekasi,Prov. Jawa Barat,17710,-6.207000000000,107.249500000000,SWASTA,Belum Akreditasi,Ada,Ada,Sumur terlindungi,Cukup
SMAS BINA UMAT,69928480,SMA,,Kedungpengawas,Kec. Babelan,Kab. Bekasi,Prov. Jawa Barat,17610,-6.156366200000,107.034270500000,SWASTA,B,Ada,Ada,Ledeng/PAM,Cukup
SMAS DAARUL FIKRI,69873594,SMA,Telaga Murni,Telagamurni,Kec. Cikarang Barat,Kab. Bekasi,Prov. Jawa Barat,17520,-6.311800000000,107.088500000000,SWASTA,B,Ada,Ada,Pompa,Cukup
SMAS DAARUL QURAN,69728579,SMA,Ciantra,Cibarusahjaya,Kec. Cibarusah,Kab. Bekasi,Prov. Jawa Barat,17852,-6.346800000000,107.110700000000,SWASTA,A,Ada,Ada,Ledeng/PAM,Cukup
SMAS DARUL MUALLAMAH,20238011,SMA,Pasir Kupang,Nagasari,Kec. Serang Baru,Kab. Bekasi,Prov. Jawa Barat,17337,-6.416400000000,107.143800000000,SWASTA,B,Ada,Tidak ada,Air hujan,Kurang
SMAS DARUL MUTAQIN,20238028,SMA,-,Wibawamulya,Kec. Cibarusah,Kab. Bekasi,Prov. Jawa Barat,17344,-6.421100000000,107.106900000000,SWASTA,B,Ada,Ada,Sumur terlindungi,Cukup
SMAS DIAN HARAPAN,20238013,SMA,Cibatu,Cibatu,Kec. Cikarang Selatan,Kab. Bekasi,Prov. Jawa Barat,17550,-6.338800000000,107.150300000000,SWASTA,A,Ada,Ada,Ledeng/PAM,Cukup
SMAS DON BOSCO III,20253810,SMA,PASIRSARI,Pasirsari,Kec. Cikarang Selatan,Kab. Bekasi,Prov. Jawa Barat,17550,-6.321200000000,107.139100000000,SWASTA,A,Ada,Ada,Ledeng/PAM,Cukup
SMAS IMAN MUARAGEMBONG,20251860,SMA,Pantai Mekar,Pantaimekar,Kec. Muara Gembong,Kab. Bekasi,Prov. Jawa Barat,17730,-5.988300000000,107.040000000000,SWASTA,B,Ada,Ada,Pompa,Cukup
SMAS INFORMATIKA,20270709,SMA,II,Sukadaya,Kec. Sukawangi,Kab. Bekasi,Prov. Jawa Barat,17656,-6.121600000000,107.167000000000,SWASTA,B,Ada,Tidak ada,Ledeng/PAM,Cukup
SMAS ISLAM AL-KAMAL,20246452,SMA,-,Karangmulya,Kec. Bojong Mangu,Kab. Bekasi,Prov. Jawa Barat,17356,-6.441100000000,107.162400000000,SWASTA,B,Ada,Ada,Sumur terlindungi,Kurang
SMAS ISLAM AL-MUNIR,20253561,SMA,Jejalenjaya,Jejalen Jaya,Kec. Tambun Utara,Kab. Bekasi,Prov. Jawa Barat,17567,-6.230600000000,107.066700000000,SWASTA,A,Ada,Ada,Pompa,Cukup
SMAS ISLAM ANNUR BABELAN,20253898,SMA,I,Bunibakti,Kec. Babelan,Kab. Bekasi,Prov. Jawa Barat,,-6.141100000000,107.019200000000,SWASTA,B,Ada,Ada,Sumur terlindungi,Cukup
SMAS ISLAM ASY SYIFA,20238006,SMA,-,Jayasampurna,Kec. Serang Baru,Kab. Bekasi,Prov. Jawa Barat,17332,-6.381400000000,107.085300000000,SWASTA,B,Ada,Ada,Sumur terlindungi,Cukup
SMAS ISLAM FATAHILLAH CABANGBUNGIN,20275311,SMA,-,Sindangjaya,Kec. Cabangbungin,Kab. Bekasi,Prov. Jawa Barat,17720,-6.085500000000,107.133600000000,SWASTA,C,Ada,Ada,Pompa,Cukup
SMAS ISLAM KARANGBAHAGIA,20253753,SMA,-,Sukaraya,Kec. Karang Bahagia,Kab. Bekasi,Prov. Jawa Barat,17530,-6.237600000000,107.159500000000,SWASTA,B,Ada,Ada,Ledeng/PAM,Cukup
SMAS ISLAM MIFTAHUL ULUM,20238014,SMA,-,Burangkeng,Kec. Setu,Kab. Bekasi,Prov. Jawa Barat,17320,-6.343800000000,107.033300000000,SWASTA,A,Ada,Ada,Ledeng/PAM,Cukup
SMAS ISLAM NUR EL GHAZY,20238019,SMA,-,Tambun,Kec. Tambun Selatan,Kab. Bekasi,Prov. Jawa Barat,17511,-6.270900000000,107.075600000000,SWASTA,A,Ada,Ada,Pompa,Cukup
SMAS ISLAM PB SOEDIRMAN 2 BEKASI,20238020,SMA,-,Setia Asih,Kec. Taruma Jaya,Kab. Bekasi,Prov. Jawa Barat,17215,-6.169351000000,106.999983000000,SWASTA,A,Ada,Ada,Ledeng/PAM,Cukup
SMAS ISLAM PUTRA DARMA,69753773,SMA,Sumber jaya,Sumberjaya,Kec. Tambun Selatan,Kab. Bekasi,Prov. Jawa Barat,17510,-6.241000000000,107.079100000000,SWASTA,A,Ada,Ada,Pompa,Cukup
SMAS ISLAM YASPIA CIBARUSAH,20238029,SMA,-,Sindangmulya,Kec. Cibarusah,Kab. Bekasi,Prov. Jawa Barat,17343,-6.428300000000,107.084700000000,SWASTA,A,Ada,Ada,Ledeng/PAM,Cukup
SMAS IT AL BINAA,20253130,SMA,Tambun,Kertasari,Kec. Pebayuran,Kab. Bekasi,Prov. Jawa Barat,17710,-6.137200000000,107.259600000000,SWASTA,A,Ada,Ada,Sumur terlindungi,Cukup
SMAS IT AL FIDAA,69728578,SMA,,Setiamekar,Kec. Tambun Selatan,Kab. Bekasi,Prov. Jawa Barat,17510,-6.252200000000,107.047000000000,SWASTA,A,Ada,Ada,Pompa,Cukup
SMAS IT AL LUTFAH,20244764,SMA,Ciantra,Ciantra,Kec. Cikarang Selatan,Kab. Bekasi,Prov. Jawa Barat,17550,-6.341200000000,107.114800000000,SWASTA,A,Ada,Ada,Pompa,Cukup
SMAS IT AL-MAIDAH,60725084,SMA,III,Sukamulya,Kec. Sukatani,Kab. Bekasi,Prov. Jawa Barat,17653,-6.078600000000,107.089200000000,SWASTA,C,Ada,Ada,Sumur terlindungi,Cukup
SMAS IT ATTAUHID BABELAN,20253934,SMA,-,Muarabakti,Kec. Babelan,Kab. Bekasi,Prov. Jawa Barat,17610,-6.095800000000,107.052800000000,SWASTA,A,Ada,Ada,Sumur terlindungi,Cukup
SMAS IT DARUL MUHSININ,20268951,SMA,-,Wanasari,Kec. Cibitung,Kab. Bekasi,Prov. Jawa Barat,17520,-6.247400000000,107.085500000000,SWASTA,C,Ada,Ada,Pompa,Cukup
SMAS IT KI HAJAR DEWANTORO,69902897,SMA,Sumberjaya,Sumberjaya,Kec. Tambun Selatan,Kab. Bekasi,Prov. Jawa Barat,17510,-6.217000000000,107.076500000000,SWASTA,B,Ada,Ada,Sumur terlindungi,Cukup
SMAS IT MUSLIMAH SEJATI,70045722,SMA,,Tridayasakti,Kec. Tambun Selatan,Kab. Bekasi,Prov. Jawa Barat,17510,-6.243500000000,107.074500000000,SWASTA,Belum Akreditasi,Ada,Ada,Lainnya,Cukup
SMAS IT THORIQ BIN ZIYAD,20257102,SMA,Jatimulya,Jatimulya,Kec. Tambun Selatan,Kab. Bekasi,Prov. Jawa Barat,17515,-6.269900000000,107.029700000000,SWASTA,A,Ada,Ada,Sumur terlindungi,Cukup
SMAS JAYA SUTI ABADI,20238015,SMA,-,Tridayasakti,Kec. Tambun Selatan,Kab. Bekasi,Prov. Jawa Barat,17510,-6.243600000000,107.064600000000,SWASTA,A,Ada,Ada,Sumur terlindungi,Cukup
SMAS JHON PAULS SCHOOL,69775473,SPK SMA,,Pusakarakyat,Kec. Taruma Jaya,Kab. Bekasi,Prov. Jawa Barat,17214,-6.153600000000,106.982000000000,SWASTA,B,Ada,Ada,Ledeng/PAM,Cukup
SMAS KRISTEN IPEKA GRAND WISATA,69927177,SMA,Lambangsari,Lambangsari,Kec. Tambun Selatan,Kab. Bekasi,Prov. Jawa Barat,,-6.289400000000,107.040800000000,SWASTA,A,Ada,Ada,Ledeng/PAM,Cukup
SMAS KRISTEN NASIONAL ANGLO,20238018,SMA,Serang,Serang,Kec. Cikarang Selatan,Kab. Bekasi,Prov. Jawa Barat,17550,-6.348000000000,107.138400000000,SWASTA,A,Ada,Ada,Ledeng/PAM,Cukup
SMAS MUTIARA ISLAMI PLUS,69841003,SMA,"Kaveling B, Perumahan KSB",Sukaragam,Kec. Serang Baru,Kab. Bekasi,Prov. Jawa Barat,17330,-6.396600000000,107.107000000000,SWASTA,A,Ada,Ada,Sumur terlindungi,Cukup
SMAS NURUL YAQIN,20245435,SMA,Dusun 1,Sukatenang,Kec. Sukawangi,Kab. Bekasi,Prov. Jawa Barat,17654,-6.095900000000,107.069700000000,SWASTA,B,Ada,Ada,Sumur terlindungi,Cukup
SMAS PANGUDI LUHUR BERNARDUS,69864644,SMA,Hegarmukti,Hegarmukti,Kec. Cikarang Pusat,Kab. Bekasi,Prov. Jawa Barat,17530,-6.358400000000,107.185900000000,SWASTA,A,Ada,Ada,Ledeng/PAM,Cukup
SMAS PESANTREN DARUL IKHLAS,69899932,SMA,Kp.Kongsi,Jayasampurna,Kec. Serang Baru,Kab. Bekasi,Prov. Jawa Barat,17330,-6.371800000000,107.093200000000,SWASTA,B,Ada,Ada,Ledeng/PAM,Cukup
SMAS PLUS BINAAUL UMMAH,20280610,SMA,BUWEK JAYA,Sumberjaya,Kec. Tambun Selatan,Kab. Bekasi,Prov. Jawa Barat,17510,-6.231600000000,107.082600000000,SWASTA,B,Ada,Ada,Pompa,Cukup
SMAS PRESIDEN (BOARDING SCHOOL),20252288,SMA,-,Simpangan,Kec. Cikarang Utara,Kab. Bekasi,Prov. Jawa Barat,17551,-6.281300000000,107.168400000000,SWASTA,A,Ada,Ada,Ledeng/PAM,Cukup
SMAS PUSAKA NUSANTARA 2,20238570,SMA,Mekarsari,Mekarsari,Kec. Tambun Selatan,Kab. Bekasi,Prov. Jawa Barat,17510,-6.261500000000,107.059000000000,SWASTA,A,Ada,Ada,Pompa,Cukup
SMAS RIYADLUL JANNAH,20244733,SMA,Sempu,Pasirgombong,Kec. Cikarang Utara,Kab. Bekasi,Prov. Jawa Barat,17530,-6.276600000000,107.151500000000,SWASTA,B,Ada,Ada,Pompa,Cukup
SMAS SABILUL MUHTADIN,20251918,SMA,Babelan Kota,Babelan Kota,Kec. Babelan,Kab. Bekasi,Prov. Jawa Barat,17612,-6.164500000000,107.044600000000,SWASTA,B,Ada,Ada,Mata air terlindungi,Cukup
SMAS SEKOLAH RAKYAT,20246454,SMA,III,Kedungpengawas,Kec. Babelan,Kab. Bekasi,Prov. Jawa Barat,17610,-6.146100000000,107.049300000000,SWASTA,A,Ada,Ada,Sumur terlindungi,Cukup
SMAS TERPADU PELITA BANGSA,69889026,SMA,Blukbuk,Pantaibahagia,Kec. Muara Gembong,Kab. Bekasi,Prov. Jawa Barat,17730,-6.012988000000,107.068434000000,SWASTA,B,Ada,Ada,Sumur terlindungi,Cukup
SMAS TUNAS BANGSA PEBAYURAN,20251802,SMA,Karangharja,Karangharja,Kec. Pebayuran,Kab. Bekasi,Prov. Jawa Barat,17710,-6.108700000000,107.211600000000,SWASTA,B,Ada,Ada,Pompa,Cukup
SMAS YADIKA 13,20268860,SMA,-,Jejalen Jaya,Kec. Tambun Utara,Kab. Bekasi,Prov. Jawa Barat,17567,-6.215400000000,107.073000000000,SWASTA,A,Ada,Ada,Pompa,Cukup
SMAS YADIKA 8 JATI MULYA,20238027,SMA,-,Jatimulya,Kec. Tambun Selatan,Kab. Bekasi,Prov. Jawa Barat,17515,-6.272600000000,107.018800000000,SWASTA,A,Ada,Ada,Ledeng/PAM,Cukup
SMAS YAPINK TAMBUN SELATAN,20251809,SMA,Tambun Selatan,Tambun,Kec. Tambun Selatan,Kab. Bekasi,Prov. Jawa Barat,17511,-6.261900000000,107.060600000000,SWASTA,A,Ada,Ada,Pompa,Cukup
SMA NEGERI 1 BOJONGGEDE,69888996,SMA,Kp. Sudimampir,Cimanggis,Kec. Bojong Gede,Kab. Bogor,Prov. Jawa Barat,16320,-6.497600000000,106.778800000000,NEGERI,A,Ada,Ada,Pompa,Cukup
SMA NEGERI 1 LEUWISADENG,69954894,SMA,Leuwisadeng,Leuwisadeng,Kec. Leuwisadeng,Kab. Bogor,Prov. Jawa Barat,16641,-6.574600000000,106.599200000000,NEGERI,A,Ada,Ada,Sumur terlindungi,Cukup
SMA NEGERI 1 TANJUNGSARI,69962280,SMA,01,Antajaya,Kec. Tanjung Sari,Kab. Bogor,Prov. Jawa Barat,16840,-6.569500000000,107.145000000000,NEGERI,A,Ada,Ada,Sumur terlindungi,Cukup
SMA NEGERI 2 CILEUNGSI,69926270,SMA,Rawahingkik,Cipenjo,Kec. Cileungsi,Kab. Bogor,Prov. Jawa Barat,16820,-6.394200000000,106.977800000000,NEGERI,A,Ada,Ada,Pompa,Cukup
SMAN 1 BABAKAN MADANG,20231322,SMA,Kp. Banceuy,Babakan Madang,Kec. Babakan Madang,Kab. Bogor,Prov. Jawa Barat,16811,-6.569800000000,106.866500000000,NEGERI,A,Ada,Ada,Ledeng/PAM,Cukup
SMAN 1 CARINGIN,20254098,SMA,Cimande Hilir,Cimande Hilir,Kec. Caringin,Kab. Bogor,Prov. Jawa Barat,16730,-6.704700000000,106.824800000000,NEGERI,A,Ada,Ada,Ledeng/PAM,Cukup
SMAN 1 CARIU,20200884,SMA,TANGGULUN,Cariu,Kec. Cariu,Kab. Bogor,Prov. Jawa Barat,16840,-6.523500000000,107.126600000000,NEGERI,A,Ada,Ada,Ledeng/PAM,Cukup
SMAN 1 CIAMPEA,20200676,SMA,Karang Mas,Cibadak,Kec. Ciampea,Kab. Bogor,Prov. Jawa Barat,16620,-6.556100000000,106.689900000000,NEGERI,A,Ada,Tidak ada,Ledeng/PAM,Cukup
SMAN 1 CIAWI BOGOR,20200685,SMA,-,Banjar Waru,Kec. Ciawi,Kab. Bogor,Prov. Jawa Barat,16720,-6.676200000000,106.861200000000,NEGERI,A,Ada,Ada,Ledeng/PAM,Cukup
SMAN 1 CIBINONG,20200885,SMA,Kelurahan Ciriung,Ciriung,Kec. Cibinong,Kab. Bogor,Prov. Jawa Barat,16918,-6.470353300000,106.861806700000,NEGERI,A,Ada,Ada,Ledeng/PAM,Cukup
SMAN 1 CIBUNGBULANG,20231324,SMA,Cisauk,Cibatok 1,Kec. Cibungbulang,Kab. Bogor,Prov. Jawa Barat,16630,-6.587400000000,106.662900000000,NEGERI,A,Ada,Ada,Sumur terlindungi,Cukup
SMAN 1 CIGOMBONG,20200886,SMA,Bojong Kiharib,Wates Jaya,Kec. Cigombong,Kab. Bogor,Prov. Jawa Barat,16740,-6.749200000000,106.804100000000,NEGERI,A,Ada,Ada,Sumur terlindungi,Kurang
SMAN 1 CIGUDEG,20231325,SMA,-,Cigudeg,Kec. Cigudeg,Kab. Bogor,Prov. Jawa Barat,16660,-6.554100000000,106.536400000000,NEGERI,A,Ada,Ada,Sumur terlindungi,Cukup
SMAN 1 CIJERUK,20271050,SMA,Gegerbitung,Cijeruk,Kec. Cijeruk,Kab. Bogor,Prov. Jawa Barat,16740,-6.705400000000,106.795600000000,NEGERI,A,Ada,Ada,Sumur terlindungi,Cukup
SMAN 1 CILEUNGSI,20200681,SMA,Kp. Pasar Lama,Cileungsi,Kec. Cileungsi,Kab. Bogor,Prov. Jawa Barat,16820,-6.394100000000,106.956100000000,NEGERI,A,Ada,Ada,Ledeng/PAM,Cukup
SMAN 1 CIOMAS,20232374,SMA,-,Sukaharja,Kec. Ciomas,Kab. Bogor,Prov. Jawa Barat,16610,-6.604800000000,106.749700000000,NEGERI,A,Ada,Ada,Ledeng/PAM,Kurang
SMAN 1 CISARUA,20232375,SMA,Kopo Sompoy,Leuwimalang,Kec. Cisarua,Kab. Bogor,Prov. Jawa Barat,16750,-6.666100000000,106.926000000000,NEGERI,A,Ada,Ada,Ledeng/PAM,Cukup
SMAN 1 CISEENG,20232376,SMA,-,Putat Nutug,Kec. Ciseeng,Kab. Bogor,Prov. Jawa Barat,16120,-6.458000000000,106.665100000000,NEGERI,A,Ada,Tidak ada,Sumur terlindungi,Cukup
SMAN 1 CITEUREUP,20200603,SMA,Babakan,Tarikolot,Kec. Citeureup,Kab. Bogor,Prov. Jawa Barat,16810,-6.505289300000,106.888002900000,NEGERI,A,Ada,Ada,Sumur terlindungi,Kurang
SMAN 1 DRAMAGA,20232377,SMA,Dramaga,Dramaga,Kec. Dramaga,Kab. Bogor,Prov. Jawa Barat,16680,-6.569600000000,106.740000000000,NEGERI,A,Ada,Ada,Ledeng/PAM,Tidak ada
SMAN 1 GUNUNG PUTRI,20231330,SMA,Bojongnangka,Bojong Nangka,Kec. Gunungputri,Kab. Bogor,Prov. Jawa Barat,16963,-6.436500000000,106.914900000000,NEGERI,A,Ada,Ada,Pompa,Cukup
SMAN 1 GUNUNG SINDUR,20231331,SMA,GUNUNGSINDUR,Gunung Sindur,Kec. Gunung Sindur,Kab. Bogor,Prov. Jawa Barat,16340,-6.383300000000,106.659500000000,NEGERI,A,Ada,Ada,Ledeng/PAM,Cukup
SMAN 1 JASINGA,20200587,SMA,SETU,Setu,Kec. Jasinga,Kab. Bogor,Prov. Jawa Barat,16670,-6.471900000000,106.467700000000,NEGERI,A,Ada,Ada,Sumur terlindungi,Cukup
SMAN 1 JONGGOL,20200680,SMA,KP. RAWEUY,Sukasirna,Kec. Jonggol,Kab. Bogor,Prov. Jawa Barat,16830,-6.482500000000,107.060300000000,NEGERI,A,Ada,Ada,Sumur terlindungi,Kurang
SMAN 1 KLAPANUNGGAL,20276388,SMA,Kp. Cibugis,Kelapa Nunggal,Kec. Klapanunggal,Kab. Bogor,Prov. Jawa Barat,16820,-6.452200000000,106.960900000000,NEGERI,A,Ada,Ada,Sumur terlindungi,Cukup
SMAN 1 LEUWILIANG,20200601,SMA,Leuwiliang,Leuwiliang,Kec. Leuwiliang,Kab. Bogor,Prov. Jawa Barat,16640,-6.572100000000,106.629300000000,NEGERI,A,Ada,Ada,Ledeng/PAM,Cukup
SMAN 1 MEGAMENDUNG,20232380,SMA,Kp. Pasir Kaliki,Sukamaju,Kec. Megamendung,Kab. Bogor,Prov. Jawa Barat,16770,-6.678000000000,106.888200000000,NEGERI,A,Ada,Ada,Sumur terlindungi,Cukup
SMAN 1 NANGGUNG,20254612,SMA,Nanggung,Nanggung,Kec. Nanggung,Kab. Bogor,Prov. Jawa Barat,16650,-6.607400000000,106.537000000000,NEGERI,A,Ada,Ada,Sumur terlindungi,Cukup
SMAN 1 PAMIJAHAN,20231334,SMA,Gunung Sari,Gunung Sari,Kec. Pamijahan,Kab. Bogor,Prov. Jawa Barat,16810,-6.668500000000,106.663200000000,NEGERI,A,Ada,Ada,Sumur terlindungi,Cukup
SMAN 1 PARUNG,20200602,SMA,Kp. Jeletreng,Warujaya,Kec. Parung,Kab. Bogor,Prov. Jawa Barat,16330,-6.436900000000,106.711000000000,NEGERI,A,Ada,Ada,Pompa,Cukup
SMAN 1 PARUNG PANJANG,20200887,SMA,-,Jagabaya,Kec. Parungpanjang,Kab. Bogor,Prov. Jawa Barat,16360,-6.396180500000,106.544396500000,NEGERI,A,Ada,Ada,Sumur terlindungi,Kurang
SMAN 1 RANCABUNGUR,69754446,SMA,PASIRGAOK,Pasir Gaok,Kec. Ranca Bungur,Kab. Bogor,Prov. Jawa Barat,16310,-6.542500000000,106.717100000000,NEGERI,A,Ada,Ada,Sumur terlindungi,Kurang
SMAN 1 RUMPIN,20200903,SMA,Rumpin,Rumpin,Kec. Rumpin,Kab. Bogor,Prov. Jawa Barat,16350,-6.442400000000,106.640200000000,NEGERI,A,Ada,Ada,Sumur terlindungi,Cukup
SMAN 1 SUKAJAYA,20232382,SMA,Sukajaya,Sukajaya,Kec. Sukajaya,Kab. Bogor,Prov. Jawa Barat,16660,-6.592800000000,106.518700000000,NEGERI,A,Ada,Ada,Sumur terlindungi,Cukup
SMAN 1 SUKAMAKMUR,20232383,SMA,Kp Awilega,Sukamulya,Kec. Sukamakmur,Kab. Bogor,Prov. Jawa Barat,16830,-6.577800000000,107.007300000000,NEGERI,B,Ada,Ada,Ledeng/PAM,Cukup
SMAN 1 SUKARAJA,20231337,SMA,Kp Babakan Tumas,Cikeas,Kec. Sukaraja,Kab. Bogor,Prov. Jawa Barat,16710,-6.585400000000,106.844900000000,NEGERI,A,Ada,Ada,Sumur terlindungi,Cukup
SMAN 1 TAJURHALANG,20232371,SMA,Tajurhalang,Tajur Halang,Kec. Tajurhalang,Kab. Bogor,Prov. Jawa Barat,16320,-6.476600000000,106.756900000000,NEGERI,A,Ada,Ada,Sumur terlindungi,Cukup
SMAN 1 TAMANSARI,20200604,SMA,calobak,Taman Sari,Kec. Tamansari,Kab. Bogor,Prov. Jawa Barat,16610,-6.655000000000,106.748400000000,NEGERI,A,Ada,Ada,Lainnya,Cukup
SMAN 1 TENJO,20231338,SMA,Babakan,Babakan,Kec. Tenjo,Kab. Bogor,Prov. Jawa Barat,16370,-6.348000000000,106.463800000000,NEGERI,A,Ada,Ada,Ledeng/PAM,Cukup
SMAN 1 TENJOLAYA,69752279,SMA,-,Tapos 1,Kec. Tenjolaya,Kab. Bogor,Prov. Jawa Barat,16371,-6.642900000000,106.693900000000,NEGERI,B,Ada,Ada,Sumur terlindungi,Cukup
SMAN 2 CIBINONG,20200691,SMA,Karadenan,Karadenan,Kec. Cibinong,Kab. Bogor,Prov. Jawa Barat,16913,-6.522861700000,106.807865000000,NEGERI,A,Ada,Ada,Pompa,Cukup
SMAN 2 GUNUNG PUTRI,20270776,SMA,Pabuaran,Ciangsana,Kec. Gunungputri,Kab. Bogor,Prov. Jawa Barat,16968,-6.364300000000,106.957300000000,NEGERI,A,Ada,Ada,Pompa,Kurang
SMAN 2 JONGGOL,69986555,SMA,Desa Jonggol,Jonggol,Kec. Jonggol,Kab. Bogor,Prov. Jawa Barat,16830,-6.470500000000,107.074000000000,NEGERI,B,Ada,Ada,Sumur terlindungi,Cukup
SMAN 3 CIBINONG,20231339,SMA,Nanggewer,Nanggewer,Kec. Cibinong,Kab. Bogor,Prov. Jawa Barat,16912,-6.510813000000,106.823105000000,NEGERI,A,Ada,Ada,Sumur terlindungi,Cukup
SMAN 4 CIBINONG,69918146,SMA,Kp. Bojong Koneng,Cibinong,Kec. Cibinong,Kab. Bogor,Prov. Jawa Barat,16911,-6.486213300000,106.858278300000,NEGERI,A,Ada,Ada,Sumur terlindungi,Cukup
SMA AL AMIN,69827809,SMA,Cibening,Cibening,Kec. Pamijahan,Kab. Bogor,Prov. Jawa Barat,16630,-6.637700000000,106.671600000000,SWASTA,B,Ada,Tidak ada,Mata air terlindungi,Cukup
SMA AL MINHAJ,69866096,SMA,Sukamaju,Sukamantri,Kec. Tamansari,Kab. Bogor,Prov. Jawa Barat,16610,-6.653400000000,106.767600000000,SWASTA,B,Ada,Ada,Sumur terlindungi,Cukup
SMA AL WAFI IBS,69992187,SMA,Ragamukti,Citayam,Kec. Tajurhalang,Kab. Bogor,Prov. Jawa Barat,16320,-6.441700000000,106.740400000000,SWASTA,A,Ada,Ada,Sumur terlindungi,Cukup
SMA AL-BAYAN ISLAMIC BOARDING SCHOOL,70036285,SMA,,Mekar Sari,Kec. Rumpin,Kab. Bogor,Prov. Jawa Barat,,0.000000000000,0.000000000000,SWASTA,Belum Akreditasi,Ada,Ada,Lainnya,Cukup
SMA ALGEBRA ISLAMIC BOARDING SCHOOL,70050429,SMA,,Sukamahi,Kec. Megamendung,Kab. Bogor,Prov. Jawa Barat,,0.000000000000,0.000000000000,SWASTA,Belum Akreditasi,Ada,Ada,Mata air terlindungi,Cukup
SMA AL-HADIID CILEUNGSI,70031734,SMA,,Cileungsi Kidul,Kec. Cileungsi,Kab. Bogor,Prov. Jawa Barat,16820,-6.408500000000,106.963800000000,SWASTA,B,Ada,Ada,Sumur terlindungi,Cukup
SMA Al-Qur`an Wahdah Islamiyah Cibinong,70029070,SMA,Kp. Cikempong,Pakansari,Kec. Cibinong,Kab. Bogor,Prov. Jawa Barat,16914,-6.492666700000,106.828376400000,SWASTA,A,Ada,Ada,Pompa,Cukup
SMA AL-WILDAN ISLAMIC SCHOOL 14 BUMI MUTIARA,70047575,SMA,,Bojong Kulur,Kec. Gunungputri,Kab. Bogor,Prov. Jawa Barat,,0.000000000000,0.000000000000,SWASTA,Belum Akreditasi,Ada,Ada,Lainnya,Cukup
SMA AQL ISLAMIC SCHOOL,70001504,SMA,,Sukasirna,Kec. Jonggol,Kab. Bogor,Prov. Jawa Barat,16830,-6.490167000000,107.062674000000,SWASTA,B,Ada,Ada,Sumur terlindungi,Cukup
SMA BINA SPORA MANDIRI,69799885,SMA,-,Pasir Jaya,Kec. Cigombong,Kab. Bogor,Prov. Jawa Barat,16740,-6.729400000000,106.790100000000,SWASTA,B,Ada,Ada,Ledeng/PAM,Cukup
SMA BOASH,20232403,SMA,Parakan Jaya,Parakan Jaya,Kec. Kemang,Kab. Bogor,Prov. Jawa Barat,16310,-6.523300000000,106.760200000000,SWASTA,A,Ada,Ada,Sumur terlindungi,Cukup
SMA CHANDRA BUANA,70049107,SMA,,Pondok Udik,Kec. Kemang,Kab. Bogor,Prov. Jawa Barat,,0.000000000000,0.000000000000,SWASTA,Belum Akreditasi,Ada,Ada,Pompa,Cukup
SMA CIPTA CENDIKIA,69978567,SMA,Karadenan,Karadenan,Kec. Cibinong,Kab. Bogor,Prov. Jawa Barat,16913,-6.517100000000,106.810700000000,SWASTA,B,Ada,Ada,Sumur terlindungi,Cukup
SMA CITRA BERKAT,69953981,SMA,SUKAMAJU,Sukamaju,Kec. Jonggol,Kab. Bogor,Prov. Jawa Barat,16830,-6.461967000000,107.062192000000,SWASTA,A,Ada,Ada,Pompa,Cukup
SMA Daar El-Salam,70050798,SMA,Bojongkulur,Bojong Kulur,Kec. Gunungputri,Kab. Bogor,Prov. Jawa Barat,16969,-6.313600000000,106.975900000000,SWASTA,Belum Akreditasi,Ada,Ada,Ledeng/PAM,Cukup
SMA FITRAH ISLAMIC WORLD ACADEMY,69978378,SMA,Tegal Jaya,Karihkil,Kec. Ciseeng,Kab. Bogor,Prov. Jawa Barat,16120,-6.479500000000,106.674500000000,SWASTA,A,Ada,Ada,Air sungai,Cukup
SMA GENERUS MANDIRI,70042090,SMA,Gunung Putri,Gunung Putri,Kec. Gunungputri,Kab. Bogor,Prov. Jawa Barat,16961,-6.464985300000,106.888287400000,SWASTA,Belum Akreditasi,Ada,Ada,Sumur terlindungi,Cukup
SMA IC MAGNET SCHOOL,69901004,SMA,Pasir Ipis,GUNUNG MULYA,Kec. Tenjolaya,Kab. Bogor,Prov. Jawa Barat,16370,-6.634740000000,106.706094000000,SWASTA,A,Ada,Ada,Sumur terlindungi,Cukup
SMA INSAN CENDEKIA BOARDING SCHOOL,69982490,SMA,Kadumangu,Kadumangu,Kec. Babakan Madang,Kab. Bogor,Prov. Jawa Barat,16810,-6.543232000000,106.853555000000,SWASTA,A,Ada,Ada,Sumur terlindungi,Cukup
SMA INTERNATIONAL ISLAMIC SCHOOL OF INDONESIA,20252077,SMA,Hambalang,Hambalang,Kec. Citeureup,Kab. Bogor,Prov. Jawa Barat,16810,-6.552300000000,106.880900000000,SWASTA,A,Ada,Ada,Pompa,Cukup
SMA ISLAM AL AZHAR 24,70011787,SMA,,Pasir Jaya,Kec. Cigombong,Kab. Bogor,Prov. Jawa Barat,16110,-6.731248800000,106.783203000000,SWASTA,A,Ada,Ada,Mata air terlindungi,Cukup
SMA ISLAM AL MADINAH MALATI,69861171,SMA,Malati,Singasari,Kec. Jonggol,Kab. Bogor,Prov. Jawa Barat,16830,-6.486941000000,106.994870000000,SWASTA,B,Ada,Ada,Sumur terlindungi,Cukup
SMA Islam Al-Azhar BSD@Metland,70028282,SMA,,Cipenjo,Kec. Cileungsi,Kab. Bogor,Prov. Jawa Barat,16820,-6.388281200000,106.987459800000,SWASTA,Belum Akreditasi,Ada,Ada,Pompa,Cukup
SMA ISLAM AL-GHOZALI,20232351,SMA,-,Curug,Kec. Gunung Sindur,Kab. Bogor,Prov. Jawa Barat,16340,-6.394200000000,106.720900000000,SWASTA,A,Ada,Ada,Sumur terlindungi,Cukup
SMA ISLAM ARAFAH,70045207,SMA,,Kuta,Kec. Megamendung,Kab. Bogor,Prov. Jawa Barat,,0.000000000000,0.000000000000,SWASTA,Belum Akreditasi,Ada,Ada,Sumur tidak terlindungi,Cukup
SMA ISLAM CIKAL HARAPAN 2,69908200,SMA,Sukamaju,Sukamaju,Kec. Jonggol,Kab. Bogor,Prov. Jawa Barat,16830,-6.453034100000,107.041614300000,SWASTA,A,Ada,Ada,Sumur terlindungi,Cukup
SMA ISLAM DAARUL ARHAM,20231290,SMA,Kp Cipeusing,Batok,Kec. Tenjo,Kab. Bogor,Prov. Jawa Barat,16370,-6.388193000000,106.517193000000,SWASTA,B,Ada,Ada,Pompa,Cukup
SMA ISLAM DAARUL WASIILAH,70040506,SMA,,Kopo,Kec. Cisarua,Kab. Bogor,Prov. Jawa Barat,16750,-6.670600000000,106.917200000000,SWASTA,Belum Akreditasi,Ada,Ada,Sumur terlindungi,Cukup
SMA ISLAM HIDAYATUL AHKAM,70044531,SMA,,Tenjo,Kec. Tenjo,Kab. Bogor,Prov. Jawa Barat,,0.000000000000,0.000000000000,SWASTA,Belum Akreditasi,Ada,Ada,Pompa,Cukup
SMA ISLAM TERPADU AL MUSTHAFAWIYAH,69990743,SMA,PASIR MUNCANG,Sukakarya,Kec. Megamendung,Kab. Bogor,Prov. Jawa Barat,16770,-6.685800000000,106.901000000000,SWASTA,B,Ada,Ada,Sumur terlindungi,Cukup
SMA ISLAM TERPADU AL-MADINAH,20232311,SMA,-,Karadenan,Kec. Cibinong,Kab. Bogor,Prov. Jawa Barat,16913,-6.510726700000,106.805290000000,SWASTA,A,Ada,Tidak ada,Pompa,Cukup
SMA ISLAM TERPADU NURUL FIKRI BOARDING SCHOOL,69987474,SMA,Jami,Sukaluyu,Kec. Tamansari,Kab. Bogor,Prov. Jawa Barat,16610,-6.645500000000,106.739400000000,SWASTA,A,Ada,Tidak ada,Sumur terlindungi,Cukup
SMA IT AL ANDALUS,70038321,SMA,Balekambang,Balekambang,Kec. Jonggol,Kab. Bogor,Prov. Jawa Barat,16830,-6.511100000000,107.082300000000,SWASTA,Belum Akreditasi,Ada,Ada,Pompa,Cukup
SMA IT Al Fityan Boarding School Bogor,70027072,SMA,Cipicung,Mekarsari,Kec. Cileungsi,Kab. Bogor,Prov. Jawa Barat,16820,-6.400124000000,106.997664600000,SWASTA,A,Ada,Ada,Sumur terlindungi,Cukup
SMA IT AN Nawawi AL BANTANI,70006066,SMA,KP BULAK SAGA,Cibadung,Kec. Gunung Sindur,Kab. Bogor,Prov. Jawa Barat,16340,-6.408744200000,106.691753400000,SWASTA,B,Ada,Ada,Pompa,Cukup
SMA IT An-Naafi,70028128,SMA,Gunung Calingcing,Kuripan,Kec. Ciseeng,Kab. Bogor,Prov. Jawa Barat,16120,-6.431407000000,106.667836300000,SWASTA,B,Ada,Ada,Sumur terlindungi,Cukup
SMA IT ANUGERAH INSANI,70042516,SMA,Karadenan,Karadenan,Kec. Cibinong,Kab. Bogor,Prov. Jawa Barat,16913,0.002700000000,0.000300000000,SWASTA,Belum Akreditasi,Ada,Ada,Ledeng/PAM,Cukup
SMA IT DARUL QUR AN,20271471,SMA,cikarang,Pabuaran,Kec. Gunung Sindur,Kab. Bogor,Prov. Jawa Barat,16430,-6.376000000000,106.680100000000,SWASTA,A,Ada,Ada,Lainnya,Cukup
SMA IT DARUL QUR`AN MULIA,70035800,SMA,Pabuaran,Pabuaran,Kec. Gunung Sindur,Kab. Bogor,Prov. Jawa Barat,16340,-6.375300000000,106.680400000000,SWASTA,A,Ada,Ada,Lainnya,Cukup
SMA IT DINAMIKA UMAT,70038854,SMA,,Babakan,Kec. Ciseeng,Kab. Bogor,Prov. Jawa Barat,16117,0.000000000000,0.000000000000,SWASTA,Belum Akreditasi,Ada,Ada,Sumur terlindungi,Cukup
SMA IT INSAN CENDEKIA MADANI GUNUNG GEULIS BOGOR,70010104,SMA,Gunung Geulis,Gunung Geulis,Kec. Sukaraja,Kab. Bogor,Prov. Jawa Barat,16710,-6.632420500000,106.878021400000,SWASTA,A,Ada,Ada,Pompa,Cukup
SMA IT RAHMATAN LIL ALAMIN,70051494,SMA,,Cicadas,Kec. Ciampea,Kab. Bogor,Prov. Jawa Barat,,0.000000000000,0.000000000000,SWASTA,Belum Akreditasi,Ada,Ada,Sumur terlindungi,Cukup
SMA IT SERIBU BULAN BOARDING SCHOOL ,70046798,SMA,,Babakan,Kec. Tenjo,Kab. Bogor,Prov. Jawa Barat,,0.000000000000,0.000000000000,SWASTA,Belum Akreditasi,Ada,Ada,Pompa,Cukup
SMA KRISTEN PENABUR KOTA WISATA,69873999,SMA,,Ciangsana,Kec. Gunungputri,Kab. Bogor,Prov. Jawa Barat,16968,-6.349000000000,106.962700000000,SWASTA,A,Ada,Ada,Sumur terlindungi,Cukup
SMA LOGOS,70035676,SMA,Pabuaran,Pabuaran,Kec. Bojong Gede,Kab. Bogor,Prov. Jawa Barat,16921,0.000000000000,0.000000000000,SWASTA,A,Ada,Ada,Sumur terlindungi,Cukup
SMA Nahdlatul Wathan Bogor,NP905022,SMA,Kampung Saitem,Ciburayut,Kec. Cigombong,Kab. Bogor,Prov. Jawa Barat,16110,-6.717824000000,106.778502000000,SWASTA,B,Ada,Ada,Pompa,Cukup
SMA NASIONAL PLUS BPK PENABUR,69946107,SMA,Citaringgul,Citaringgul,Kec. Babakan Madang,Kab. Bogor,Prov. Jawa Barat,16810,-6.607448600000,106.931853000000,SWASTA,A,Ada,Ada,Ledeng/PAM,Cukup
SMA OMNISCHOOL,70047274,SMA,,Ciriung,Kec. Cibinong,Kab. Bogor,Prov. Jawa Barat,,-6.466300000000,106.859500000000,SWASTA,Belum Akreditasi,Ada,Ada,Ledeng/PAM,Cukup
SMA PEMBERDAYAAN UMMAT AN NAHL,69899711,SMA,KP. PASAR KEMIS,Gunung Picung,Kec. Pamijahan,Kab. Bogor,Prov. Jawa Barat,16810,-6.650600000000,106.679200000000,SWASTA,B,Ada,Ada,Pompa,Cukup
SMA PLUS  DAARUL FUDLOLA,20232327,SMA,Pabuaran Mekar,Pabuaran,Kec. Cibinong,Kab. Bogor,Prov. Jawa Barat,16916,-6.448000000000,106.850100000000,SWASTA,B,Ada,Ada,Pompa,Cukup
SMA PLUS BINA TRAMPIL,70045687,SMA,Kampung Lame,Sukasari,Kec. Rumpin,Kab. Bogor,Prov. Jawa Barat,16350,0.000000000000,0.000000000000,SWASTA,Belum Akreditasi,Ada,Ada,Sumur terlindungi,Cukup
SMA PLUS LIWAUL FURQON,69824824,SMA,CILETUH ILIR,Karacak,Kec. Leuwiliang,Kab. Bogor,Prov. Jawa Barat,16640,-6.608800000000,106.638200000000,SWASTA,B,Ada,Ada,Air sungai,Cukup
SMA PLUS PUTRA MELATI,69860526,SMA,Singasari,Singasari,Kec. Jonggol,Kab. Bogor,Prov. Jawa Barat,16830,-6.481400000000,107.028000000000,SWASTA,B,Ada,Ada,Sumur terlindungi,Cukup
SMA Qur`an el Tahfidh,70026792,SMA,,Jatisari,Kec. Cileungsi,Kab. Bogor,Prov. Jawa Barat,16820,-6.406900700000,107.054025700000,SWASTA,A,Ada,Ada,Pompa,Cukup
SMA QUR’AN TERPADU (QT) YANBU’UL QUR’AN 7 BOGOR,70041951,SMA,,Sukadamai,Kec. Sukamakmur,Kab. Bogor,Prov. Jawa Barat,,0.000000000000,0.000000000000,SWASTA,Belum Akreditasi,Ada,Ada,Ledeng/PAM,Kurang
SMA QURAN ASY SYAHID,70039426,SMA,Pabuaran Wetan,Ciangsana,Kec. Gunungputri,Kab. Bogor,Prov. Jawa Barat,16968,-6.359300000000,106.957100000000,SWASTA,Belum Akreditasi,Ada,Ada,Sumur terlindungi,Cukup
SMA RAUDHATUL MUTTAQIN,70034161,SMA,Sinarjaya,Purasari,Kec. Leuwiliang,Kab. Bogor,Prov. Jawa Barat,16640,0.000000000000,0.000000000000,SWASTA,Belum Akreditasi,Ada,Ada,Sumur terlindungi,Cukup
SMA REGINA CAELI,69874079,SMA,Cileungsi Kidul,Cileungsi Kidul,Kec. Cileungsi,Kab. Bogor,Prov. Jawa Barat,16820,-6.413600000000,107.020100000000,SWASTA,A,Ada,Ada,Sumur terlindungi,Cukup
SMA SAINTEK UHAMKA BOARDING SCHOOL,70041760,SMA,,Balekambang,Kec. Jonggol,Kab. Bogor,Prov. Jawa Barat,16830,-6.502700000000,107.081200000000,SWASTA,Belum Akreditasi,Ada,Ada,Pompa,Cukup
SMA SALMAN ALFARISI,70047388,SMA,Kp Kramat,Harapan Jaya,Kec. Cibinong,Kab. Bogor,Prov. Jawa Barat,16914,0.000000000000,0.000000000000,SWASTA,Belum Akreditasi,Ada,Ada,Sumur terlindungi,Cukup
SMA Sampoerna,70030489,SMA,Cijayanti Babakan Madang,Cijayanti,Kec. Babakan Madang,Kab. Bogor,Prov. Jawa Barat,16808,0.000000000000,0.000000000000,SWASTA,Belum Akreditasi,Ada,Ada,Ledeng/PAM,Cukup
SMA SCHOOL OF UNIVERSE,69787173,SMA,Pamagersari,Pamager Sari,Kec. Parung,Kab. Bogor,Prov. Jawa Barat,16330,-6.440100000000,106.733800000000,SWASTA,A,Ada,Ada,Sumur terlindungi,Cukup
SMA Sekolah Alam Cikeas,70026880,SMA,,Nagrak,Kec. Gunungputri,Kab. Bogor,Prov. Jawa Barat,16967,-6.390438000000,106.936384200000,SWASTA,A,Ada,Ada,Sumur terlindungi,Cukup
SMA SEKOLAH ANAK INDONESIA,69953095,SMA,Kadumanggu,Kadumangu,Kec. Babakan Madang,Kab. Bogor,Prov. Jawa Barat,16810,-6.578112000000,106.863690000000,SWASTA,B,Ada,Ada,Sumur terlindungi,Cukup
SMA SINAR ISLAM ASIA PASIFIC BOARDING SCHOOL,70029923,SMA,Tegal salam,Cariu,Kec. Cariu,Kab. Bogor,Prov. Jawa Barat,16839,0.000000000000,0.000000000000,SWASTA,Belum Akreditasi,Ada,Ada,Ledeng/PAM,Cukup
SMA SMART CIBINONG,70042733,SMA,Kembang Kuning,Kembang Kuning,Kec. Klapanunggal,Kab. Bogor,Prov. Jawa Barat,16710,0.000000000000,0.000000000000,SWASTA,Belum Akreditasi,Ada,Ada,Sumur terlindungi,Cukup
SMA TAHFIDHIL QURAN AL-MUSTAQIMIYYAH,70049601,SMA,,Sadeng,Kec. Leuwisadeng,Kab. Bogor,Prov. Jawa Barat,,0.000000000000,0.000000000000,SWASTA,Belum Akreditasi,Ada,Ada,Air sungai,Cukup
SMA TAHFIZH AL BASYIR,70038215,SMA,Cibeureum,Cibatok 2,Kec. Cibungbulang,Kab. Bogor,Prov. Jawa Barat,16629,0.000000000000,0.000000000000,SWASTA,Belum Akreditasi,Ada,Ada,Sumur terlindungi,Cukup
SMA TARUNA BANGSA,69972352,SMA,,Babakan Madang,Kec. Babakan Madang,Kab. Bogor,Prov. Jawa Barat,16810,-6.529131000000,106.850479000000,SWASTA,A,Ada,Ada,Ledeng/PAM,Cukup
SMA TERPADU AL-MA ARIF,70048439,SMA,,Karehkel,Kec. Leuwiliang,Kab. Bogor,Prov. Jawa Barat,,0.000000000000,0.000000000000,SWASTA,Belum Akreditasi,Ada,Ada,Sumur terlindungi,Cukup
SMAIT MUTIARA ISLAM,70049177,SMA,,Cileungsi,Kec. Cileungsi,Kab. Bogor,Prov. Jawa Barat,,-6.401100000000,106.967600000000,SWASTA,Belum Akreditasi,Ada,Ada,Sumur terlindungi,Cukup
SMAIT RAHMANIYAH,70029407,SMA,pabuaran mekar,Pabuaran,Kec. Cibinong,Kab. Bogor,Prov. Jawa Barat,16916,-6.436151000000,106.850290200000,SWASTA,A,Ada,Ada,Pompa,Cukup
SMAS AL ASIYAH,20232303,SMA,Padurenan,Pabuaran,Kec. Cibinong,Kab. Bogor,Prov. Jawa Barat,16916,-6.463488300000,106.854913300000,SWASTA,A,Ada,Ada,Pompa,Cukup
SMAS AL BASYARIAH,20232304,SMA,Rawa Panjang,Rawa Panjang,Kec. Bojong Gede,Kab. Bogor,Prov. Jawa Barat,,-6.461600000000,106.804000000000,SWASTA,B,Ada,Ada,Pompa,Cukup
SMAS AL FALAH,20232305,SMA,Cikaret,Harapan Jaya,Kec. Cibinong,Kab. Bogor,Prov. Jawa Barat,16914,-6.455255000000,106.839447000000,SWASTA,B,Ada,Ada,Sumur terlindungi,Cukup
SMAS AL HASANAH,20253857,SMA,cigombong,Cigombong,Kec. Cigombong,Kab. Bogor,Prov. Jawa Barat,16740,-6.741400000000,106.803900000000,SWASTA,B,Ada,Ada,Air kemasan,Cukup
SMAS AL HIDAYAH,20232306,SMA,Cikempong,Tengah,Kec. Cibinong,Kab. Bogor,Prov. Jawa Barat,16914,-6.485080000000,106.824058300000,SWASTA,B,Ada,Ada,Sumur terlindungi,Cukup
SMAS AL HIKMAH,20268875,SMA,-,Tapos 2,Kec. Tenjolaya,Kab. Bogor,Prov. Jawa Barat,16371,-6.631300000000,106.693500000000,SWASTA,B,Ada,Ada,Sumur terlindungi,Cukup
SMAS AL HUSNA,20232307,SMA,Komp BTN Leuwiliang Permai,Cibeber I,Kec. Leuwiliang,Kab. Bogor,Prov. Jawa Barat,16640,-6.586400000000,106.619600000000,SWASTA,A,Ada,Ada,Ledeng/PAM,Cukup
SMAS AL IJTIHAD,20231268,SMA,-,Cimayang,Kec. Pamijahan,Kab. Bogor,Prov. Jawa Barat,16810,-6.610900000000,106.669700000000,SWASTA,B,Ada,Ada,Sumur terlindungi,Cukup
SMAS AL JIHAD,20271985,SMA,Kp Puswa,GUNUNG MULYA,Kec. Tenjolaya,Kab. Bogor,Prov. Jawa Barat,16620,-6.647800000000,106.704400000000,SWASTA,B,Ada,Ada,Ledeng/PAM,Cukup
SMAS AL KAHFI,20252852,SMA,SROGOL,Srogol,Kec. Cigombong,Kab. Bogor,Prov. Jawa Barat,16110,-6.745500000000,106.820700000000,SWASTA,A,Ada,Ada,Sumur terlindungi,Cukup
SMAS AL KAUTSAR,69757497,SMA,KP SOMANG,Parung Panjang,Kec. Parungpanjang,Kab. Bogor,Prov. Jawa Barat,16360,-6.361300000000,106.562600000000,SWASTA,B,Ada,Ada,Ledeng/PAM,Kurang
SMAS AL KHAIRIYAH,20232310,SMA,-,Tajur,Kec. Citeureup,Kab. Bogor,Prov. Jawa Barat,16810,-6.548800000000,106.915900000000,SWASTA,B,Ada,Ada,Sumur terlindungi,Cukup
SMAS AL MUKLISIN,20231301,SMA,Cibentang,Cibentang,Kec. Ciseeng,Kab. Bogor,Prov. Jawa Barat,16120,-6.445700000000,106.687200000000,SWASTA,A,Ada,Ada,Sumur terlindungi,Cukup
SMAS AL MUSTHOPA,20231272,SMA,Blok Jambu,Tenjo,Kec. Tenjo,Kab. Bogor,Prov. Jawa Barat,16370,-6.326700000000,106.466300000000,SWASTA,B,Ada,Ada,Pompa,Cukup
SMAS AL NUR,20200682,SMA,Pabuaran,Pabuaran,Kec. Cibinong,Kab. Bogor,Prov. Jawa Barat,16916,-6.461813300000,106.852550000000,SWASTA,A,Ada,Ada,Sumur terlindungi,Cukup
SMAS AMALIAH,20232313,SMA,TIPAR,Ciawi,Kec. Ciawi,Kab. Bogor,Prov. Jawa Barat,16720,-6.655700000000,106.849600000000,SWASTA,A,Ada,Ada,Sumur terlindungi,Cukup
SMAS AN NAJAH,20246436,SMA,Cikoleang,Sukamulya,Kec. Rumpin,Kab. Bogor,Prov. Jawa Barat,16350,-6.429700000000,106.575400000000,SWASTA,A,Ada,Ada,Pompa,Cukup
SMAS AN NUR ALIYYAH,20268738,SMA,Nagrak,Nagrak,Kec. Gunungputri,Kab. Bogor,Prov. Jawa Barat,16967,-6.389500000000,106.948700000000,SWASTA,A,Ada,Ada,Pompa,Cukup
SMAS AS SYUJA IYAH,20232315,SMA,NAGRAK,Nagrak,Kec. Sukaraja,Kab. Bogor,Prov. Jawa Barat,16710,-6.598800000000,106.843500000000,SWASTA,A,Ada,Ada,Sumur terlindungi,Cukup
SMAS ASHRIYAH NURUL IMAN,20257671,SMA,WARU JAYA,Warujaya,Kec. Parung,Kab. Bogor,Prov. Jawa Barat,16330,-6.443600000000,106.708300000000,SWASTA,A,Ada,Ada,Lainnya,Cukup
SMAS AULIA,20200683,SMA,Kp. Jawa,Situ Ilir,Kec. Cibungbulang,Kab. Bogor,Prov. Jawa Barat,16630,-6.604800000000,106.654600000000,SWASTA,B,Ada,Ada,Sumur terlindungi,Cukup
SMAS BAITUSSALAM,20200690,SMA,-,Sasak Panjang,Kec. Tajurhalang,Kab. Bogor,Prov. Jawa Barat,16320,-6.457900000000,106.746900000000,SWASTA,B,Ada,Ada,Sumur terlindungi,Cukup
SMAS BINA BANGSA MANDIRI,20231277,SMA,-,Cikeas Udik,Kec. Gunungputri,Kab. Bogor,Prov. Jawa Barat,16966,-6.400800000000,106.937500000000,SWASTA,A,Ada,Ada,Pompa,Cukup
SMAS BINA INSAN JONGGOL,20232353,SMA,1,Sukamaju,Kec. Jonggol,Kab. Bogor,Prov. Jawa Barat,16830,-6.452600000000,107.060200000000,SWASTA,A,Ada,Ada,Lainnya,Cukup
SMAS BINA PENDIDIKAN 2,20232319,SMA,Ciangsana Cikeas Parung,Ciangsana,Kec. Gunungputri,Kab. Bogor,Prov. Jawa Barat,16968,-6.346200000000,106.961300000000,SWASTA,A,Ada,Ada,Pompa,Cukup
SMAS BINA RUHAMA,20231280,SMA,-,Sukaraja,Kec. Sukaraja,Kab. Bogor,Prov. Jawa Barat,16710,-6.589200000000,106.839100000000,SWASTA,A,Ada,Ada,Sumur terlindungi,Cukup
SMAS BP FAI UMJ,10648868,SMA,-,Jampang,Kec. Gunung Sindur,Kab. Bogor,Prov. Jawa Barat,16310,-6.476900000000,106.728000000000,SWASTA,B,Ada,Ada,Sumur terlindungi,Cukup
SMAS BUMI SEJAHTERA,20232322,SMA,-,Cimanggu 1,Kec. Cibungbulang,Kab. Bogor,Prov. Jawa Barat,16630,-6.596700000000,106.668200000000,SWASTA,B,Ada,Ada,Sumur terlindungi,Cukup
SMAS BUNDA,20253279,SMA,Bojongkulur,Bojong Kulur,Kec. Gunungputri,Kab. Bogor,Prov. Jawa Barat,16969,-6.324100000000,106.976100000000,SWASTA,A,Ada,Ada,Ledeng/PAM,Cukup
SMAS BUNDA HATI KUDUS,20231283,SMA,Nagrak,Nagrak,Kec. Gunungputri,Kab. Bogor,Prov. Jawa Barat,16968,-6.387400000000,106.955600000000,SWASTA,A,Ada,Ada,Ledeng/PAM,Cukup
SMAS CISARUA,20232324,SMA,Cisarua,Cisarua,Kec. Cisarua,Kab. Bogor,Prov. Jawa Barat,16750,-6.684900000000,106.935100000000,SWASTA,A,Ada,Ada,Ledeng/PAM,Cukup
SMAS CITRA MADANI,20253322,SMA,pabuaran,Pabuaran,Kec. Cibinong,Kab. Bogor,Prov. Jawa Barat,16916,-6.474101700000,106.846161700000,SWASTA,B,Ada,Ada,Sumur terlindungi,Cukup
SMAS CITRA NUSA,20232326,SMA,Tengah,Tengah,Kec. Cibinong,Kab. Bogor,Prov. Jawa Barat,16914,-6.474146700000,106.830415000000,SWASTA,A,Ada,Ada,Ledeng/PAM,Cukup
SMAS DAARUL ISTIQOOMAH,20231288,SMA,Rawa Hingkik,Cileungsi,Kec. Cileungsi,Kab. Bogor,Prov. Jawa Barat,16820,-6.402000000000,106.963300000000,SWASTA,B,Ada,Ada,Pompa,Kurang
SMAS DARUL FAIZIN,20232331,SMA,Kp. Caringin,Caringin,Kec. Caringin,Kab. Bogor,Prov. Jawa Barat,16730,-6.702300000000,106.816400000000,SWASTA,A,Ada,Ada,Ledeng/PAM,Kurang
SMAS DARUL KHOLIDIN,20232356,SMA,Kampung Sasak,Tegal,Kec. Kemang,Kab. Bogor,Prov. Jawa Barat,16310,-6.473400000000,106.698700000000,SWASTA,B,Ada,Ada,Pompa,Cukup
SMAS DARUSSALAM PURWASARI,20231292,SMA,MUNJUL,Purwasari,Kec. Dramaga,Kab. Bogor,Prov. Jawa Barat,16680,-6.626000000000,106.719300000000,SWASTA,B,Ada,Ada,Sumur terlindungi,Cukup
SMAS DARUT TAQWA,20232329,SMA,-,Pakansari,Kec. Cibinong,Kab. Bogor,Prov. Jawa Barat,16915,-6.483273300000,106.843178300000,SWASTA,A,Ada,Ada,Sumur terlindungi,Cukup
SMAS DARUTAFSIR,20200670,SMA,Cibanteng,Cibanteng,Kec. Ciampea,Kab. Bogor,Prov. Jawa Barat,16620,-6.558400000000,106.715300000000,SWASTA,A,Ada,Ada,Sumur terlindungi,Cukup
SMAS DWIWARNA,20200686,SMA,Pamegar Sari,Pamager Sari,Kec. Parung,Kab. Bogor,Prov. Jawa Barat,16330,-6.452000000000,106.729600000000,SWASTA,A,Ada,Ada,Sumur terlindungi,Cukup
SMAS FAJAR DUNIA,20254158,SMA,Mampir,Mampir,Kec. Cileungsi,Kab. Bogor,Prov. Jawa Barat,16820,-6.436400000000,106.994900000000,SWASTA,A,Ada,Ada,Sumur terlindungi,Cukup
SMAS FAJAR HIDAYAH,20252184,SMA,Ciangsana,Ciangsana,Kec. Gunungputri,Kab. Bogor,Prov. Jawa Barat,16968,-6.365900000000,106.955400000000,SWASTA,A,Ada,Ada,Sumur terlindungi,Cukup
SMAS FATHAN MUBINA,20232335,SMA,Gugunung,Banjar Sari,Kec. Ciawi,Kab. Bogor,Prov. Jawa Barat,16760,-6.677900000000,106.864600000000,SWASTA,A,Ada,Ada,Ledeng/PAM,Cukup
SMAS GEMILANG YASIFA,20253249,SMA,-,Citaringgul,Kec. Babakan Madang,Kab. Bogor,Prov. Jawa Barat,16811,-6.561200000000,106.857100000000,SWASTA,B,Ada,Ada,Sumur terlindungi,Cukup
SMAS GITA PGRI,20232336,SMA,-,Wates Jaya,Kec. Cigombong,Kab. Bogor,Prov. Jawa Barat,16740,-6.749300000000,106.804800000000,SWASTA,B,Ada,Ada,Ledeng/PAM,Cukup
SMAS GLOBAL MANDIRI,20254358,SMA,-,Wanaherang,Kec. Gunungputri,Kab. Bogor,Prov. Jawa Barat,16965,-6.407900000000,106.939500000000,SWASTA,A,Ada,Ada,Sumur terlindungi,Cukup
SMAS HANURA,20232337,SMA,CIHIDEUNG UDIK,Cihideung Udik,Kec. Ciampea,Kab. Bogor,Prov. Jawa Barat,16620,-6.565700000000,106.711500000000,SWASTA,B,Ada,Ada,Sumur terlindungi,Cukup
SMAS HARAPAN BANGSA,20200688,SMA,Kp. Cibandawa,Ciburuy,Kec. Cigombong,Kab. Bogor,Prov. Jawa Barat,16740,-6.735900000000,106.818600000000,SWASTA,B,Ada,Ada,Sumur terlindungi,Cukup
SMAS HIDAYATUL IKHWAN,20200689,SMA,KP. SUKASIRNA Desa Tenjo Kecamatan Tenjo Kabupaten Bogor,Tenjo,Kec. Tenjo,Kab. Bogor,Prov. Jawa Barat,16370,-6.328400000000,106.454200000000,SWASTA,B,Ada,Ada,Lainnya,Cukup
SMAS IBNU AQIL,20232338,SMA,-,Laladon,Kec. Ciomas,Kab. Bogor,Prov. Jawa Barat,16610,-6.579100000000,106.754600000000,SWASTA,A,Ada,Ada,Mata air terlindungi,Cukup
SMAS IBNU HAJAR,20232339,SMA,Pasarean,Pasarean,Kec. Pamijahan,Kab. Bogor,Prov. Jawa Barat,16810,-6.636200000000,106.657600000000,SWASTA,A,Ada,Ada,Sumur terlindungi,Cukup
SMAS INDOCEMENT,20231299,SMA,-,Puspanegara,Kec. Citeureup,Kab. Bogor,Prov. Jawa Barat,16810,-6.483800000000,106.878700000000,SWASTA,A,Ada,Ada,Sumur terlindungi,Cukup
SMAS ISLAM HASMI,20270720,SMA,Cimanglid,Sukamantri,Kec. Tamansari,Kab. Bogor,Prov. Jawa Barat,16610,-6.637400000000,106.778800000000,SWASTA,A,Ada,Ada,Ledeng/PAM,Cukup
SMAS ISLAM PAMBUDI LUHUR,20231304,SMA,Kp. Segog,Cibening,Kec. Pamijahan,Kab. Bogor,Prov. Jawa Barat,16810,-6.638300000000,106.679700000000,SWASTA,A,Ada,Ada,Mata air terlindungi,Kurang
SMAS ISLAM RIYADLUL JANNAH,20251938,SMA,,Singajaya,Kec. Jonggol,Kab. Bogor,Prov. Jawa Barat,16830,-6.235800000000,107.357200000000,SWASTA,A,Ada,Ada,Sumur terlindungi,Kurang
SMAS IT RAUDHATUL ULUM,20276389,SMA,KP CIJEURAI DESA CIGUDEG,Cigudeg,Kec. Cigudeg,Kab. Bogor,Prov. Jawa Barat,16660,-6.554200000000,106.547600000000,SWASTA,B,Ada,Ada,Sumur terlindungi,Cukup
SMAS IT YAPIRA,69770473,SMA,Medang,Sukamulya,Kec. Rumpin,Kab. Bogor,Prov. Jawa Barat,16350,-6.362200000000,106.648000000000,SWASTA,A,Ada,Tidak ada,Sumur terlindungi,Cukup
SMAS KETAPANG 3,20254097,SMA,NANGGEWER,Nagrak,Kec. Gunungputri,Kab. Bogor,Prov. Jawa Barat,16968,-6.400300000000,106.948100000000,SWASTA,A,Ada,Ada,Ledeng/PAM,Cukup
SMAS KORNITA,20231308,SMA,Babakan,Babakan,Kec. Dramaga,Kab. Bogor,Prov. Jawa Barat,16680,-6.584100000000,106.740400000000,SWASTA,A,Ada,Ada,Ledeng/PAM,Cukup
SMAS LABS SCHOOL KAIZEN,69786312,SMA,Bumi Mutiara,Bojong Kulur,Kec. Gunungputri,Kab. Bogor,Prov. Jawa Barat,16969,-6.331300000000,106.971800000000,SWASTA,A,Ada,Ada,Sumur terlindungi,Cukup
SMAS MA ARIF NU,20268864,SMA,-,Pagelaran,Kec. Ciomas,Kab. Bogor,Prov. Jawa Barat,16610,-6.601300000000,106.759600000000,SWASTA,B,Ada,Ada,Sumur terlindungi,Cukup
SMAS MADANIA,20231312,SMA,Desa Tegal,Tegal,Kec. Kemang,Kab. Bogor,Prov. Jawa Barat,16330,-6.489600000000,106.718900000000,SWASTA,A,Ada,Ada,Ledeng/PAM,Cukup
SMAS MAFAZAH,20231313,SMA,-,Barengkok,Kec. Leuwiliang,Kab. Bogor,Prov. Jawa Barat,16640,-6.592855000000,106.634198000000,SWASTA,B,Ada,Ada,Ledeng/PAM,Cukup
SMAS Man Ana,69774834,SMA,KP SUSUKAN,Gunung Picung,Kec. Pamijahan,Kab. Bogor,Prov. Jawa Barat,16630,-6.652900000000,106.666500000000,SWASTA,B,Ada,Ada,Mata air terlindungi,Cukup
SMAS MANBAUL HUDA,20231314,SMA,SERENA,SIRNASARI,Kec. Tanjung Sari,Kab. Bogor,Prov. Jawa Barat,16841,-6.615900000000,107.155700000000,SWASTA,B,Ada,Ada,Sumur terlindungi,Cukup
SMAS MANDALA,20231315,SMA,-,Cibeber I,Kec. Leuwiliang,Kab. Bogor,Prov. Jawa Barat,16640,-6.584000000000,106.618300000000,SWASTA,B,Ada,Ada,Ledeng/PAM,Cukup
SMAS MARDI WALUYA,20231316,SMA,CIRIUNG,Ciriung,Kec. Cibinong,Kab. Bogor,Prov. Jawa Barat,16918,-6.465500000000,106.858500000000,SWASTA,A,Ada,Ada,Pompa,Cukup
SMAS MARSUDIRINI,20231317,SMA,Tegal,Tegal,Kec. Kemang,Kab. Bogor,Prov. Jawa Barat,16310,-6.482100000000,106.703000000000,SWASTA,A,Ada,Ada,Pompa,Cukup
SMAS MATHLAHUL HUDA,20253557,SMA,Cibunar,Cibunar,Kec. Parungpanjang,Kab. Bogor,Prov. Jawa Barat,16360,-6.342900000000,106.563300000000,SWASTA,A,Ada,Ada,Sumur terlindungi,Kurang
SMAS MIFTAHUL HUDA AL BARKAH,20272074,SMA,Sukawangi,Sukawangi,Kec. Sukamakmur,Kab. Bogor,Prov. Jawa Barat,16830,-6.655800000000,107.082600000000,SWASTA,B,Ada,Ada,Sumur terlindungi,Cukup
SMAS MIFTHAUSSAADAH,60730230,SMA,-,Gintung Cilejet,Kec. Parungpanjang,Kab. Bogor,Prov. Jawa Barat,16360,-6.356300000000,106.528900000000,SWASTA,B,Ada,Ada,Ledeng/PAM,Cukup
SMAS MUHAMMADIYAH CILEUNGSI,20200677,SMA,Cileungsi,Cileungsi,Kec. Cileungsi,Kab. Bogor,Prov. Jawa Barat,16820,-6.399300000000,106.966100000000,SWASTA,A,Ada,Ada,Ledeng/PAM,Cukup
SMAS MUHAMMADIYAH PAMIJAHAN,20232368,SMA,-,Ciasmara,Kec. Pamijahan,Kab. Bogor,Prov. Jawa Barat,16810,-6.683300000000,106.647900000000,SWASTA,A,Ada,Ada,Mata air terlindungi,Cukup
SMAS MUHAMMADIYAH PARUNG,20232366,SMA,-,Bojong Indah,Kec. Parung,Kab. Bogor,Prov. Jawa Barat,16330,-6.435100000000,106.696900000000,SWASTA,B,Ada,Ada,Sumur terlindungi,Cukup
SMAS MUHAMMADIYAH PURASEDA,20253120,SMA,-,Puraseda,Kec. Leuwiliang,Kab. Bogor,Prov. Jawa Barat,16640,-6.651200000000,106.626200000000,SWASTA,A,Ada,Ada,Sumur terlindungi,Cukup
SMAS MULIA BUANA,20232369,SMA,Sukasari,Kabasiran,Kec. Parungpanjang,Kab. Bogor,Prov. Jawa Barat,16360,-6.345400000000,106.572800000000,SWASTA,B,Ada,Ada,Ledeng/PAM,Cukup
SMAS NURUL FALAAH,20252959,SMA,Dusun III,Cibadung,Kec. Gunung Sindur,Kab. Bogor,Prov. Jawa Barat,16340,-6.410600000000,106.695500000000,SWASTA,A,Ada,Ada,Sumur terlindungi,Cukup
SMAS NURUL HIKMAH,20268950,SMA,Padurenan,Pabuaran,Kec. Cibinong,Kab. Bogor,Prov. Jawa Barat,16916,-6.453700000000,106.851200000000,SWASTA,C,Ada,Ada,Sumur terlindungi,Cukup
SMAS NURUL HIKMAH,20231303,SMA,-,Sukamanah,Kec. Jonggol,Kab. Bogor,Prov. Jawa Barat,16830,-6.438900000000,107.055000000000,SWASTA,A,Ada,Ada,Sumur terlindungi,Cukup
SMAS PANCAR BAKTI,20280621,SMA,Cimandala,Karang Tengah,Kec. Babakan Madang,Kab. Bogor,Prov. Jawa Barat,16810,-6.600800000000,106.929500000000,SWASTA,B,Ada,Ada,Mata air terlindungi,Cukup
SMAS PELITA HARAPAN,20231343,SPK SMA,Babakan Madang,Sentul,Kec. Babakan Madang,Kab. Bogor,Prov. Jawa Barat,16810,-6.619500000000,106.774200000000,SWASTA,A,Ada,Ada,Ledeng/PAM,Cukup
SMAS PGRI CIAWI,20232392,SMA,Kp. Gugunung,Banjar Wangi,Kec. Ciawi,Kab. Bogor,Prov. Jawa Barat,16760,-6.677200000000,106.860300000000,SWASTA,A,Ada,Ada,Ledeng/PAM,Cukup
SMAS PGRI CIBINONG,20232396,SMA,Lingkungan 03 Citatah Ciriung,Ciriung,Kec. Cibinong,Kab. Bogor,Prov. Jawa Barat,16918,-6.467156700000,106.864916700000,SWASTA,A,Ada,Ada,Pompa,Kurang
SMAS PGRI JASINGA,20231347,SMA,koleang,Koleang,Kec. Jasinga,Kab. Bogor,Prov. Jawa Barat,16670,-6.483600000000,106.471100000000,SWASTA,B,Ada,Tidak ada,Pompa,Kurang
SMAS PGRI JONGGOL,20232391,SMA,Kp. Rawa Makmur Ds. Singajaya,Singajaya,Kec. Jonggol,Kab. Bogor,Prov. Jawa Barat,16830,-6.469300000000,107.060800000000,SWASTA,B,Ada,Ada,Sumur terlindungi,Kurang
SMAS PGRI LEUWILIANG,20200669,SMA,adun,Cibeber I,Kec. Leuwiliang,Kab. Bogor,Prov. Jawa Barat,16640,-6.585000000000,106.616800000000,SWASTA,A,Ada,Ada,Sumur terlindungi,Cukup
SMAS PGRI RUMPIN,20231348,SMA,Leuwihalang,Cibodas,Kec. Rumpin,Kab. Bogor,Prov. Jawa Barat,16350,-6.504600000000,106.654600000000,SWASTA,A,Ada,Ada,Sumur terlindungi,Cukup
SMAS PILAR INDONESIA,20279952,SMA,Cikeas Ilir,Ciangsana,Kec. Gunungputri,Kab. Bogor,Prov. Jawa Barat,16968,-6.371200000000,106.948100000000,SWASTA,A,Ada,Ada,Sumur terlindungi,Cukup
SMAS PLUS CENDEKIA CIKEAS,20268965,SMA,Desa Nagrak,Nagrak,Kec. Gunungputri,Kab. Bogor,Prov. Jawa Barat,16967,-6.385800000000,106.946900000000,SWASTA,B,Ada,Ada,Pompa,Cukup
SMAS PLUS DARUSSALAM KOPOSARI,20269650,SMA,Cileungsi,Cileungsi,Kec. Cileungsi,Kab. Bogor,Prov. Jawa Barat,16820,-6.397800000000,106.956000000000,SWASTA,B,Ada,Ada,Sumur terlindungi,Cukup
SMAS PLUS IBNU SINA,69775678,SMA,desa,Cibening,Kec. Pamijahan,Kab. Bogor,Prov. Jawa Barat,16810,-6.630600000000,106.679200000000,SWASTA,B,Ada,Ada,Sumur terlindungi,Cukup
SMAS PM AT TAQWA,69786982,SMA,-,Nagrak,Kec. Gunungputri,Kab. Bogor,Prov. Jawa Barat,16967,-6.381200000000,106.944100000000,SWASTA,A,Ada,Ada,Sumur terlindungi,Cukup
SMAS PURWA BHAKTI,20268437,SMA,CILEUNGSI,Cileungsi,Kec. Ciawi,Kab. Bogor,Prov. Jawa Barat,16760,-6.733800000000,106.833700000000,SWASTA,B,Ada,Ada,Mata air terlindungi,Kurang
SMAS PUSPA BANGSA,20271986,SMA,2,Cibadak,Kec. Sukamakmur,Kab. Bogor,Prov. Jawa Barat,16830,-6.578500000000,106.959100000000,SWASTA,C,Ada,Ada,Ledeng/PAM,Cukup
SMAS PUSPA MEKAR,20254122,SMA,-,Gunung Sari,Kec. Citeureup,Kab. Bogor,Prov. Jawa Barat,16810,-6.501800000000,106.901600000000,SWASTA,B,Ada,Ada,Sumur terlindungi,Cukup
SMAS RIYADLUL JANNAH,20200671,SMA,KAMPUNG BINONG DESA BABAKAN KECAMATAN CISEENG,Babakan,Kec. Ciseeng,Kab. Bogor,Prov. Jawa Barat,16330,-6.468700000000,106.711600000000,SWASTA,A,Ada,Ada,Sumur terlindungi,Cukup
SMAS SAINT ENOCH,20253093,SMA,-,Sukamaju,Kec. Jonggol,Kab. Bogor,Prov. Jawa Barat,16830,-6.444600000000,107.040700000000,SWASTA,B,Ada,Ada,Pompa,Cukup
SMAS SEJAHTERA YASINA,20232412,SMA,Pajagan,Wates Jaya,Kec. Cigombong,Kab. Bogor,Prov. Jawa Barat,16110,-6.752500000000,106.792100000000,SWASTA,B,Ada,Ada,Sumur terlindungi,Tidak ada
SMAS SMART EKSELENSIA INDONESIA,20231356,SMA,Dusun Jampang,Jampang,Kec. Kemang,Kab. Bogor,Prov. Jawa Barat,16310,-6.473500000000,106.729500000000,SWASTA,A,Ada,Ada,Ledeng/PAM,Cukup
SMAS TAMAN ISLAM,20200673,SMA,-,Situ Udik,Kec. Cibungbulang,Kab. Bogor,Prov. Jawa Barat,16630,-6.614200000000,106.656400000000,SWASTA,B,Ada,Ada,Sumur terlindungi,Cukup
SMAS TARBIYATUL FALAH,20200674,SMA,CINANGKA,Cinangka,Kec. Ciampea,Kab. Bogor,Prov. Jawa Barat,16620,-6.585300000000,106.705500000000,SWASTA,B,Ada,Ada,Sumur terlindungi,Cukup
SMAS TERPADU ATAM BINA INSANI,20232404,SMA,-,Kalong I,Kec. Leuwisadeng,Kab. Bogor,Prov. Jawa Barat,16650,-6.566600000000,106.559500000000,SWASTA,B,Ada,Ada,Sumur terlindungi,Cukup
SMAS TRIPLE J CITEUREUP,20200675,SMA,-,Karang Asem Barat,Kec. Citeureup,Kab. Bogor,Prov. Jawa Barat,16810,-6.485500000000,106.866700000000,SWASTA,A,Ada,Ada,Sumur terlindungi,Cukup
SMAS TRISULA,20253974,SMA,-,Tlajung Udik,Kec. Gunungputri,Kab. Bogor,Prov. Jawa Barat,16962,-6.451600000000,106.908400000000,SWASTA,C,Ada,Ada,Sumur terlindungi,Cukup
SMAS WIDYA KUSUMA,20231359,SMA,Cileungsi Kidul,Cileungsi,Kec. Cileungsi,Kab. Bogor,Prov. Jawa Barat,16820,-6.432300000000,106.956200000000,SWASTA,A,Ada,Ada,Pompa,Cukup
SMAS WIJAYA PLUS CIAWI,20232406,SMA,-,Bitung Sari,Kec. Ciawi,Kab. Bogor,Prov. Jawa Barat,16740,-6.676800000000,106.839800000000,SWASTA,Belum Akreditasi,Ada,Ada,Sumur terlindungi,Cukup
SMAS YADIKA 7 BOGOR,20231361,SMA,PARAKANJAYA,Parakan Jaya,Kec. Kemang,Kab. Bogor,Prov. Jawa Barat,16310,-6.519878000000,106.757610000000,SWASTA,A,Ada,Ada,Sumur terlindungi,Cukup
SMAS YAPIDA,20232409,SMA,SANDING 1,Bojong Nangka,Kec. Gunungputri,Kab. Bogor,Prov. Jawa Barat,16963,-6.427800000000,106.906000000000,SWASTA,A,Ada,Ada,Sumur terlindungi,Cukup
SMAS YAPISA,20232410,SMA,NAGRAK,Nagrak,Kec. Gunungputri,Kab. Bogor,Prov. Jawa Barat,16967,-6.384000000000,106.942200000000,SWASTA,A,Ada,Ada,Sumur terlindungi,Cukup
SMAS YAPNI,20232411,SMA,PONDOK RAJEG,Pondok Rajeg,Kec. Cibinong,Kab. Bogor,Prov. Jawa Barat,16914,-6.462875000000,106.824948300000,SWASTA,B,Ada,Ada,Sumur terlindungi,Cukup
SMA NEGERI 1 PANUMBANGAN,70013944,SMA,Buanamekar,Buanamekar,Kec. Panumbangan,Kab. Ciamis,Prov. Jawa Barat,46263,-7.064070400000,108.194505000000,NEGERI,Belum Akreditasi,Ada,Ada,Mata air terlindungi,Cukup
SMAN 1 BANJARSARI,20211563,SMA,RATAWANGI,Ratawangi,Kec. Banjarsari,Kab. Ciamis,Prov. Jawa Barat,46383,-7.502500000000,108.631600000000,NEGERI,A,Ada,Ada,Sumur terlindungi,Cukup
SMAN 1 BAREGBEG,20211491,SMA,Baregbeg,Baregbeg,Kec. Baregbeg,Kab. Ciamis,Prov. Jawa Barat,46274,-7.315200000000,108.357600000000,NEGERI,A,Ada,Ada,Sumur terlindungi,Cukup
SMAN 1 CIAMIS,20211565,SMA,-,Ciamis,Kec. Ciamis,Kab. Ciamis,Prov. Jawa Barat,46211,-7.330600000000,108.355100000000,NEGERI,A,Ada,Ada,Ledeng/PAM,Cukup
SMAN 1 CIHAURBEUTI,20211578,SMA,PAMOKOLAN,Pamokolan,Kec. Cihaurbeuti,Kab. Ciamis,Prov. Jawa Barat,46262,-7.195567000000,108.200400000000,NEGERI,A,Ada,Ada,Sumur terlindungi,Cukup
SMAN 1 CIMARAGAS,20252287,SMA,SUKAHAYU,Cimaragas,Kec. Cimaragas,Kab. Ciamis,Prov. Jawa Barat,46381,-7.370800000000,108.463700000000,NEGERI,A,Ada,Ada,Sumur terlindungi,Cukup
SMAN 1 CISAGA,20252324,SMA,Sembungjaya,Mekarmukti,Kec. Cisaga,Kab. Ciamis,Prov. Jawa Barat,46386,-7.349940000000,108.510478000000,NEGERI,A,Ada,Ada,Ledeng/PAM,Cukup
SMAN 1 KAWALI,20211490,SMA,Pogorsari,Kawalimukti,Kec. Kawali,Kab. Ciamis,Prov. Jawa Barat,46253,-7.186900000000,108.363900000000,NEGERI,A,Ada,Ada,Ledeng/PAM,Cukup
SMAN 1 LAKBOK,20211502,SMA,CINTAJAYA,Cintajaya,Kec. Lakbok,Kab. Ciamis,Prov. Jawa Barat,46385,-7.387900000000,108.674800000000,NEGERI,A,Ada,Tidak ada,Sumur terlindungi,Cukup
SMAN 1 LUMBUNG,20263279,SMA,Nylindung,Lumbung,Kec. Lumbung,Kab. Ciamis,Prov. Jawa Barat,46258,-7.161700000000,108.330900000000,NEGERI,A,Ada,Ada,Sumur terlindungi,Cukup
SMAN 1 PAMARICAN,20211504,SMA,Cibenda,Neglasari,Kec. Pamarican,Kab. Ciamis,Prov. Jawa Barat,46382,-7.442700000000,108.519600000000,NEGERI,A,Ada,Ada,Sumur terlindungi,Cukup
SMAN 1 PANAWANGAN,20211505,SMA,Kaliwon,Cinyasag,Kec. Panawangan,Kab. Ciamis,Prov. Jawa Barat,46255,-7.091100000000,108.375300000000,NEGERI,A,Ada,Ada,Mata air terlindungi,Cukup
SMAN 1 RANCAH,20211509,SMA,SINDANG,Rancah,Kec. Rancah,Kab. Ciamis,Prov. Jawa Barat,46387,-7.207300000000,108.501800000000,NEGERI,A,Ada,Ada,Sumur terlindungi,Cukup
SMAN 1 SINDANGKASIH,20238437,SMA,SUKAMAJU No 358,Sindangkasih,Kec. Sindangkasih,Kab. Ciamis,Prov. Jawa Barat,46268,-7.309000000000,108.243400000000,NEGERI,A,Ada,Ada,Ledeng/PAM,Cukup
SMAN 1 SUKADANA,20253152,SMA,Desa,Margaharja,Kec. Sukadana,Kab. Ciamis,Prov. Jawa Barat,46272,-7.256900000000,108.444800000000,NEGERI,A,Ada,Ada,Sumur terlindungi,Cukup
SMAN 2 BANJARSARI,20255008,SMA,Purwasari,CIGAYAM,Kec. Banjarsari,Kab. Ciamis,Prov. Jawa Barat,46383,-7.502200000000,108.563400000000,NEGERI,A,Ada,Ada,Sumur terlindungi,Cukup
SMAN 2 CIAMIS,20211500,SMA,Linggasari,Linggasari,Kec. Ciamis,Kab. Ciamis,Prov. Jawa Barat,46216,-7.329300000000,108.345800000000,NEGERI,A,Ada,Ada,Ledeng/PAM,Cukup
SMAN 3 CIAMIS,20211499,SMA,Maleber,Maleber,Kec. Ciamis,Kab. Ciamis,Prov. Jawa Barat,46214,-7.319943300000,108.339161700000,NEGERI,A,Ada,Ada,Ledeng/PAM,Cukup
SMA AL MANSHUR,70042032,SMA,Sindangjaya,Sandingtaman,Kec. Panjalu,Kab. Ciamis,Prov. Jawa Barat,46264,-7.149800000000,108.307000000000,SWASTA,Belum Akreditasi,Ada,Ada,Mata air tdk terlindungi,Cukup
SMA ERHA JATINAGARA,69988140,SMA,Kulon,Jatinagara,Kec. Jatinagara,Kab. Ciamis,Prov. Jawa Barat,46273,-7.171549000000,108.418592000000,SWASTA,B,Ada,Ada,Sumur terlindungi,Cukup
SMA ISLAM TERPADU AR-ROFI`I JATILUHUR,70040620,SMA,KARANGANYAR,Rancah,Kec. Rancah,Kab. Ciamis,Prov. Jawa Barat,46387,-7.187700000000,108.498800000000,SWASTA,Belum Akreditasi,Ada,Ada,Sumur terlindungi,Cukup
SMA ISLAM TERPADU IRFANI QURANICPRENEUR BILINGUAL SCHOOL,70043021,SMA,kelurahan kertasari,Kertasari,Kec. Ciamis,Kab. Ciamis,Prov. Jawa Barat,46213,0.000000000000,0.000000000000,SWASTA,Belum Akreditasi,Ada,Ada,Sumur terlindungi,Cukup
SMA NUSANTARA CIAMIS,70010787,SMA,Baregbeg,Sukamaju,Kec. Baregbeg,Kab. Ciamis,Prov. Jawa Barat,,-7.318734400000,108.368590400000,SWASTA,B,Ada,Ada,Ledeng/PAM,Cukup
SMA Tahfidz Anharul Ulum,70024225,SMA,SUKAJADI,Winduraja,Kec. Kawali,Kab. Ciamis,Prov. Jawa Barat,46253,-7.178437600000,108.371545200000,SWASTA,B,Ada,Ada,Pompa,Cukup
SMA TERPADU AL-MU`AAWANAH,70006980,SMA,Cibingbin,Rajadesa,Kec. Rajadesa,Kab. Ciamis,Prov. Jawa Barat,46254,-7.182400000000,108.437900000000,SWASTA,B,Ada,Ada,Pompa,Cukup
SMA TERPADU CIKANYERE,69988141,SMA,Cigoong,Sirnabaya,Kec. Rajadesa,Kab. Ciamis,Prov. Jawa Barat,46254,-7.178220000000,108.434260000000,SWASTA,B,Ada,Ada,Pompa,Cukup
SMA TERPADU DAMPASAN,69882355,SMA,TUBAN,Ratawangi,Kec. Banjarsari,Kab. Ciamis,Prov. Jawa Barat,46383,-7.512264000000,108.636231000000,SWASTA,B,Ada,Ada,Sumur terlindungi,Cukup
SMAS AL HASAN BANJARSARI,20263274,SMA,Sumanding,Kawasen,Kec. Banjarsari,Kab. Ciamis,Prov. Jawa Barat,46383,-7.512500000000,108.618200000000,SWASTA,B,Ada,Ada,Sumur terlindungi,Cukup
SMAS AL MUMINUN CIPAKU,20263276,SMA,Panyingkiran,Muktisari,Kec. Cipaku,Kab. Ciamis,Prov. Jawa Barat,46252,-7.266300000000,108.391400000000,SWASTA,C,Ada,Ada,Sumur terlindungi,Cukup
SMAS Al-Fadlil,70011225,SMA,kalapagada,Kalapasawit,Kec. Lakbok,Kab. Ciamis,Prov. Jawa Barat,46385,-7.394561200000,108.658527000000,SWASTA,B,Ada,Ada,Sumur terlindungi,Cukup
SMAS AR RISSALAH,20252464,SMA,TIMBANGWINDU,Pamalayan,Kec. Cijeungjing,Kab. Ciamis,Prov. Jawa Barat,46271,-7.323800000000,108.383900000000,SWASTA,A,Ada,Ada,Ledeng/PAM,Cukup
SMAS IBNU SIENA CIKONENG,20256408,SMA,margaluyu,Margaluyu,Kec. Cikoneng,Kab. Ciamis,Prov. Jawa Barat,46261,-7.216600000000,108.498500000000,SWASTA,A,Ada,Tidak ada,Sumur terlindungi,Cukup
SMAS PLUS DARUSSALAM,20252465,SMA,Kandanggajah,Dewasari,Kec. Cijeungjing,Kab. Ciamis,Prov. Jawa Barat,46271,-7.334600000000,108.391500000000,SWASTA,A,Ada,Ada,Sumur terlindungi,Cukup
SMAS PLUS INFORMATIKA,20251798,SMA,Karangsari,Maleber,Kec. Ciamis,Kab. Ciamis,Prov. Jawa Barat,46214,-7.323625500000,108.345901700000,SWASTA,A,Ada,Ada,Ledeng/PAM,Cukup
SMAS PLUS MULTAZAM,20211562,SMA,SINDANG,Nagarajaya,Kec. Panawangan,Kab. Ciamis,Prov. Jawa Barat,46255,-7.133600000000,108.423800000000,SWASTA,A,Ada,Ada,Sumur terlindungi,Cukup
SMAS YRM CIHAWAR,20251964,SMA,CIHAWAR MEKARSARI,Sukaharja,Kec. Rajadesa,Kab. Ciamis,Prov. Jawa Barat,46254,-7.196800000000,108.507700000000,SWASTA,A,Ada,Ada,Sumur terlindungi,Cukup
SMA NEGERI  1 CIBEBER,20203740,SMA,Mayak,Mayak,Kec. Cibeber,Kab. Cianjur,Prov. Jawa Barat,43262,-6.916400000000,107.121700000000,NEGERI,A,Ada,Ada,Ledeng/PAM,Cukup
SMA NEGERI  1 CIBINONG,20203741,SMA,-,Sukajadi,Kec. Cibinong,Kab. Cianjur,Prov. Jawa Barat,43271,-7.320300000000,107.129300000000,NEGERI,A,Ada,Ada,Sumur terlindungi,Cukup
SMA NEGERI  1 CILAKU,20203742,SMA,-,Sirnagalih,Kec. Cilaku,Kab. Cianjur,Prov. Jawa Barat,43285,-6.848500000000,107.136100000000,NEGERI,A,Ada,Ada,Ledeng/PAM,Cukup
SMA NEGERI  1 CIRANJANG,20203743,SMA,-,Ciranjang,Kec. Ciranjang,Kab. Cianjur,Prov. Jawa Barat,43282,-6.818100000000,107.247000000000,NEGERI,A,Ada,Ada,Sumur terlindungi,Tidak ada
SMA NEGERI  1 KADUPANDAK,20252192,SMA,Babakan,Kadupandak,Kec. Kadupandak,Kab. Cianjur,Prov. Jawa Barat,43268,-7.254100000000,107.047200000000,NEGERI,A,Ada,Ada,Ledeng/PAM,Cukup
SMA NEGERI 1 MANDE,20252202,SMA,-,Bobojong,Kec. Mande,Kab. Cianjur,Prov. Jawa Barat,43292,-6.763400000000,107.238100000000,NEGERI,A,Ada,Ada,Mata air terlindungi,Tidak ada
SMA NEGERI 1 PACET,20203744,SMA,Tegal Tengah,Sukanagalih,Kec. Pacet,Kab. Cianjur,Prov. Jawa Barat,43253,-6.701400000000,107.052700000000,NEGERI,A,Ada,Ada,Sumur terlindungi,Cukup
SMA NEGERI 1 PASIRKUDA,69761934,SMA,Padamulya,PADAMULYA,Kec. Pasirkuda,Kab. Cianjur,Prov. Jawa Barat,43266,-7.199200000000,107.199600000000,NEGERI,B,Ada,Ada,Ledeng/PAM,Cukup
SMA NEGERI 1 SINDANG BARANG,20203745,SMA,-,Saganten,Kec. Sindang Barang,Kab. Cianjur,Prov. Jawa Barat,43272,-7.452200000000,107.138400000000,NEGERI,A,Ada,Ada,Sumur terlindungi,Cukup
SMA NEGERI 1 SUKANAGARA,20203734,SMA,-,SUKAMEKAR,Kec. Sukanagara,Kab. Cianjur,Prov. Jawa Barat,43264,-7.091200000000,107.135900000000,NEGERI,A,Ada,Ada,Ledeng/PAM,Cukup
SMA NEGERI 1 SUKARESMI,20203733,SMA,-,Kawungluwuk,Kec. Sukaresmi,Kab. Cianjur,Prov. Jawa Barat,43254,-6.719800000000,107.076200000000,NEGERI,A,Ada,Ada,Sumur terlindungi,Cukup
SMA NEGERI 1 warungkondang,20203722,SMA,-,Cintaasih,Kec. Gekbrong,Kab. Cianjur,Prov. Jawa Barat,43256,-6.908300000000,107.087800000000,NEGERI,A,Ada,Ada,Sumur terlindungi,Cukup
SMA NEGERI 2 CIBINONG,69886260,SMA,PADASUKA,Padasuka,Kec. Cibinong,Kab. Cianjur,Prov. Jawa Barat,43271,-7.251700000000,107.234000000000,NEGERI,B,Ada,Ada,Sumur terlindungi,Cukup
SMAN 1 BOJONGPICUNG,69964651,SMA,,Jati,Kec. Bojong Picung,Kab. Cianjur,Prov. Jawa Barat,43283,-6.866800000000,107.238100000000,NEGERI,A,Ada,Ada,Sumur terlindungi,Kurang
SMAN 1 CIANJUR,20203739,SMA,-,Sawah Gede,Kec. Cianjur,Kab. Cianjur,Prov. Jawa Barat,43212,-6.824476000000,107.131545200000,NEGERI,A,Ada,Ada,Pompa,Cukup
SMAN 1 KARANG TENGAH,69964390,SMA,Sukasarana,Sukasarana,Kec. Karang Tengah,Kab. Cianjur,Prov. Jawa Barat,43281,-6.784700000000,107.201900000000,NEGERI,A,Ada,Ada,Pompa,Cukup
SMAN 1 PAGELARAN,69957429,SMA,,Sindangkerta,Kec. Pagelaran,Kab. Cianjur,Prov. Jawa Barat,43266,-7.189508200000,107.147137200000,NEGERI,B,Ada,Ada,Sumur terlindungi,Cukup
SMAN 2 CIANJUR,20203723,SMA,Kp. Gombong,Limbangan Sari,Kec. Cianjur,Kab. Cianjur,Prov. Jawa Barat,43251,-6.824500000000,107.122500000000,NEGERI,A,Ada,Ada,Sumur terlindungi,Cukup
SMA ADYATAMA,70035106,SMA,,Kanoman,Kec. Cibeber,Kab. Cianjur,Prov. Jawa Barat,,0.000000000000,0.000000000000,SWASTA,Belum Akreditasi,Ada,Ada,Sumur terlindungi,Cukup
SMA AL KAMIL ISLAMIC BOARDING SCHOOL,69943680,SMA,Mekarsari,Hegarmanah,Kec. Sukaluyu,Kab. Cianjur,Prov. Jawa Barat,43284,-6.813600000000,107.237700000000,SWASTA,B,Ada,Ada,Pompa,Cukup
SMA AL MA MOEN,69929051,SMA,,Sabandar,Kec. Karang Tengah,Kab. Cianjur,Prov. Jawa Barat,43281,-6.810300000000,107.167800000000,SWASTA,B,Ada,Tidak ada,Sumur terlindungi,Cukup
SMA AL-HASBI ,69904078,SMA,Kp. Nyelempet,Sukasari,Kec. Cilaku,Kab. Cianjur,Prov. Jawa Barat,43285,-6.878230000000,107.143400300000,SWASTA,B,Ada,Ada,Sumur terlindungi,Cukup
SMA AL-HIDAYAH,69874367,SMA,Mekarwangi,Wanasari,Kec. Agrabinta,Kab. Cianjur,Prov. Jawa Barat,43273,-7.405500000000,106.957000000000,SWASTA,B,Ada,Ada,Pompa,Kurang
SMA AL-JUNDIYAH,69956708,SMA,,Warudoyong,Kec. Cikalong Kulon,Kab. Cianjur,Prov. Jawa Barat,43291,-6.709920000000,107.236979000000,SWASTA,C,Ada,Ada,Sumur terlindungi,Cukup
SMA AWWALULHUDA,69902487,SMA,Bojongkaso,Bojongkaso,Kec. Agrabinta,Kab. Cianjur,Prov. Jawa Barat,43273,-7.393737000000,106.822719000000,SWASTA,C,Ada,Ada,Pompa,Cukup
SMA BINA INSAN MULIA CIBINONG,69921082,SMA,Kertamanah,Panyindangan,Kec. Cibinong,Kab. Cianjur,Prov. Jawa Barat,43271,-7.396900000000,107.094300000000,SWASTA,C,Ada,Ada,Sumur terlindungi,Kurang
SMA BUDI BAKTI 1,69899008,SMA,Pasirjambu,Mekarsari,Kec. Naringgul,Kab. Cianjur,Prov. Jawa Barat,43274,-7.374984500000,107.349164300000,SWASTA,C,Ada,Ada,Air hujan,Kurang
SMA BUDI BAKTI 2,69899009,SMA,Mekarjaya,Mekarjaya,Kec. Cidaun,Kab. Cianjur,Prov. Jawa Barat,43275,-7.301500000000,107.443800000000,SWASTA,C,Ada,Ada,Sumur terlindungi,Cukup
SMA CIMENTENG,69874000,SMA,Mekarsari,Mekarsari,Kec. Pagelaran,Kab. Cianjur,Prov. Jawa Barat,43266,-7.168388000000,107.216645000000,SWASTA,Tidak Terakreditasi,Ada,Ada,Ledeng/PAM,Cukup
SMA CITRA NUSANTARA SINDANGBARANG,69921989,SMA,MEKARLAKSANA,MEKARLAKSANA,Kec. Sindang Barang,Kab. Cianjur,Prov. Jawa Barat,43272,-7.466400000000,107.168800000000,SWASTA,B,Ada,Ada,Ledeng/PAM,Cukup
SMA COKROAMINOTO BALEGEDE,69949270,SMA,Sindangkasih,Balegede,Kec. Naringgul,Kab. Cianjur,Prov. Jawa Barat,43274,-7.412470800000,107.289134000000,SWASTA,B,Ada,Ada,Sumur terlindungi,Cukup
SMA COKROAMINOTO SUKARESMI,69786222,SMA,,Kawungluwuk,Kec. Sukaresmi,Kab. Cianjur,Prov. Jawa Barat,43254,-6.842600000000,107.026900000000,SWASTA,B,Ada,Ada,Sumur terlindungi,Cukup
SMA DAARUL MUAWANAH,69907646,SMA,Sukarame,Kertasari,Kec. Sindang Barang,Kab. Cianjur,Prov. Jawa Barat,43272,-7.435736000000,107.076694000000,SWASTA,C,Ada,Ada,Sumur terlindungi,Cukup
SMA DAR EL FIKRI CIANJUR,69883257,SMA,Sukaluyu,Sukaluyu,Kec. Sukaluyu,Kab. Cianjur,Prov. Jawa Barat,43284,-6.852400000000,107.208500000000,SWASTA,B,Ada,Ada,Sumur terlindungi,Cukup
SMA DARUL ULUM KADUPANDAK,69922305,SMA,Caringin,Wargaasih,Kec. Kadupandak,Kab. Cianjur,Prov. Jawa Barat,43268,-7.182800000000,107.024000000000,SWASTA,B,Ada,Ada,Sumur terlindungi,Cukup
SMA HISHNUS SALAM,69978248,SMA,gelarwangi,GELARWANGI,Kec. Cidaun,Kab. Cianjur,Prov. Jawa Barat,43275,-7.362574000000,107.461889000000,SWASTA,C,Ada,Ada,Air sungai,Cukup
SMA ISLAM AL-ISTIQOMAH,69906513,SMA,Ciheulang Langensari,Langensari,Kec. Karang Tengah,Kab. Cianjur,Prov. Jawa Barat,43281,-6.836900000000,107.186900000000,SWASTA,B,Ada,Ada,Sumur terlindungi,Cukup
SMA ISLAM AL-KHAIRIYAH,69888857,SMA,Pataruman,Mulyasari,Kec. Cilaku,Kab. Cianjur,Prov. Jawa Barat,43285,-6.890986000000,107.173065000000,SWASTA,B,Ada,Ada,Sumur terlindungi,Cukup
SMA ISLAM ANNABA,69956371,SMA,Kp. Rancagoong,Rancagoong,Kec. Cilaku,Kab. Cianjur,Prov. Jawa Barat,43285,-6.852992000000,107.110920000000,SWASTA,B,Ada,Ada,Ledeng/PAM,Kurang
SMA ISLAM KREATIF MUHAMMADIYAH CIANJUR,69831977,SMA,,Sawah Gede,Kec. Cianjur,Kab. Cianjur,Prov. Jawa Barat,43212,-6.839900000000,107.142500000000,SWASTA,B,Ada,Ada,Sumur terlindungi,Cukup
SMA ISLAM QURANI AL-BAHJAH CIANJUR,70045344,SMA,Cijedil,Cijedil,Kec. Cugenang,Kab. Cianjur,Prov. Jawa Barat,43252,0.000000000000,0.000000000000,SWASTA,Belum Akreditasi,Ada,Ada,Sumur terlindungi,Cukup
SMA ISLAM TERPADU AL-AMIN,70038213,SMA,KEBON MANGGU,Sindanglaka,Kec. Karang Tengah,Kab. Cianjur,Prov. Jawa Barat,43281,107.174300000000,-6.783700000000,SWASTA,Belum Akreditasi,Ada,Ada,Sumur terlindungi,Cukup
SMA ISLAM TERPADU AL-IKHLAS,70038416,SMA,Gunung Putri,Sukatani,Kec. Pacet,Kab. Cianjur,Prov. Jawa Barat,43253,-6.755100000000,107.011000000000,SWASTA,Belum Akreditasi,Ada,Ada,Mata air terlindungi,Cukup
SMA IT ADZIKRI NURUL HUDA,69939969,SMA,Gelar Jaya,Girijaya,Kec. Pasirkuda,Kab. Cianjur,Prov. Jawa Barat,43266,-7.246700000000,107.188900000000,SWASTA,B,Ada,Ada,Ledeng/PAM,Cukup
SMA IT AL-HUDA,69900219,SMA,SINDANGJAYA,Sindangjaya,Kec. Ciranjang,Kab. Cianjur,Prov. Jawa Barat,43282,-6.800900000000,107.265200000000,SWASTA,B,Ada,Ada,Sumur terlindungi,Cukup
SMA IT BAITUL ILMI CIANJUR,70046799,SMA,,Gasol,Kec. Cugenang,Kab. Cianjur,Prov. Jawa Barat,,0.000000000000,0.000000000000,SWASTA,Belum Akreditasi,Ada,Ada,Sumur terlindungi,Cukup
SMA IT Daarut Taqwa Asyamsuriyyah,70029865,SMA,Sabandadar,Sabandar,Kec. Karang Tengah,Kab. Cianjur,Prov. Jawa Barat,43281,0.000000000000,0.000000000000,SWASTA,B,Ada,Tidak ada,Sumur terlindungi,Cukup
SMA IT INSAN MANDIRI ARRAHMAN,70033961,SMA,Cikanyere,Cikanyere,Kec. Sukaresmi,Kab. Cianjur,Prov. Jawa Barat,43254,0.000000000000,0.000000000000,SWASTA,A,Ada,Ada,Sumur terlindungi,Cukup
SMA IT MUTAWAKKILIN,70040088,SMA,Cibogo 3,Mekargalih,Kec. Ciranjang,Kab. Cianjur,Prov. Jawa Barat,43282,0.000000000000,0.000000000000,SWASTA,Belum Akreditasi,Ada,Ada,Sumur terlindungi,Cukup
SMA IT NURUL ISLAM,69881555,SMA,Cicongkok,Kubang,Kec. Sukaresmi,Kab. Cianjur,Prov. Jawa Barat,43254,-6.721764000000,107.119974000000,SWASTA,C,Ada,Ada,Air sungai,Kurang
SMA IT NURUL ITTIHAD,69954141,SMA,WARINGINSARI,Sukagalih,Kec. Takokak,Kab. Cianjur,Prov. Jawa Barat,43265,-7.087373000000,106.993752000000,SWASTA,C,Ada,Tidak ada,Lainnya,Cukup
SMA IT TUNAS BANGSA ,69945596,SMA,Hegarmanah,Sinarbakti,Kec. Cijati,Kab. Cianjur,Prov. Jawa Barat,43284,-7.288200000000,106.983800000000,SWASTA,C,Ada,Tidak ada,Sumur terlindungi,Cukup
SMA JUMHURIYYAH,69929546,SMA,Sirnasari,Bunisari,Kec. Agrabinta,Kab. Cianjur,Prov. Jawa Barat,43273,-7.346300000000,106.938300000000,SWASTA,C,Ada,Ada,Pompa,Kurang
SMA MANARULHUDA,69930653,SMA,Pamokolan,Sukamanah,Kec. Karang Tengah,Kab. Cianjur,Prov. Jawa Barat,43281,-6.827300000000,107.153600000000,SWASTA,C,Ada,Ada,Sumur terlindungi,Cukup
SMA MIFTAHUL ULUM,69903026,SMA,SINDANGHAYU,Sukasirna,Kec. Leles,Kab. Cianjur,Prov. Jawa Barat,43278,-7.359500000000,107.031600000000,SWASTA,C,Ada,Ada,Sumur terlindungi,Kurang
SMA NAHWA CANTIGI,69974471,SMA,mekarjaya,Sukamulya,Kec. Cikadu,Kab. Cianjur,Prov. Jawa Barat,43272,-7.272100000000,107.255000000000,SWASTA,B,Ada,Ada,Ledeng/PAM,Cukup
SMA NURUL HUDA,70014071,SMA,,Pusakasari,Kec. Leles,Kab. Cianjur,Prov. Jawa Barat,43278,-7.373000000000,106.982000000000,SWASTA,C,Ada,Ada,Pompa,Kurang
SMA NURUL JANAH,69925473,SMA,Kampung. Rawaputat,Sukaraharja,Kec. Cibeber,Kab. Cianjur,Prov. Jawa Barat,43262,-6.952212100000,107.152003300000,SWASTA,C,Ada,Ada,Sumur terlindungi,Cukup
SMA PESANTREN UNGGUL AL BAYAN CENDEKIA,70039709,SMA,Sindanglaka,Sindanglaka,Kec. Karang Tengah,Kab. Cianjur,Prov. Jawa Barat,43281,0.000000000000,0.000000000000,SWASTA,Belum Akreditasi,Ada,Ada,Sumur terlindungi,Cukup
SMA PGRI CIBEBER,69968942,SMA,,Cimanggu,Kec. Cibeber,Kab. Cianjur,Prov. Jawa Barat,43262,-6.935200000000,107.152200000000,SWASTA,B,Ada,Ada,Sumur terlindungi,Cukup
SMA PGRI KADUPANDAK,69944385,SMA,Wargasari,Wargasari,Kec. Kadupandak,Kab. Cianjur,Prov. Jawa Barat,43268,-7.235949100000,107.011080800000,SWASTA,B,Ada,Ada,Ledeng/PAM,Kurang
SMA PGRI SINDANGBARANG,69973143,SMA,Mekarjaya,Talagasari,Kec. Sindang Barang,Kab. Cianjur,Prov. Jawa Barat,43272,-7.435800000000,107.080800000000,SWASTA,C,Ada,Ada,Pompa,Tidak ada
SMA PLUS AD DA`WAH,20203696,SMA,Ciherang,Ciherang,Kec. Pacet,Kab. Cianjur,Prov. Jawa Barat,43253,-6.758600000000,107.047400000000,SWASTA,B,Ada,Ada,Sumur terlindungi,Cukup
SMA PLUS AL-MUSLIMUN,69881554,SMA,SUKALUYU,Hegarmanah,Kec. Sukaluyu,Kab. Cianjur,Prov. Jawa Barat,43284,-6.857980000000,107.223008000000,SWASTA,B,Ada,Ada,Sumur terlindungi,Cukup
SMA PLUS AT-TAQWA,69883634,SMA,Komplek BTN Griya Binong Indah Blok F,Cibinong Hilir,Kec. Cilaku,Kab. Cianjur,Prov. Jawa Barat,43285,-6.859600000000,107.153600000000,SWASTA,B,Ada,Ada,Ledeng/PAM,Cukup
SMA PLUS BAHRUL ULUM,69856264,SMA,Mekarwangi,Karangwangi,Kec. Cidaun,Kab. Cianjur,Prov. Jawa Barat,43275,-7.473600000000,107.409800000000,SWASTA,B,Ada,Ada,Ledeng/PAM,Kurang
SMA PLUS PGRI CIRANJANG,20203736,SMA,Ciranjang,Ciranjang,Kec. Ciranjang,Kab. Cianjur,Prov. Jawa Barat,43282,-6.821800000000,107.246800000000,SWASTA,A,Ada,Ada,Sumur terlindungi,Cukup
SMA PLUS SIROJUSSYAFIIYYAH,69945126,SMA,SINDANGJAYA,Sindangjaya,Kec. Cipanas,Kab. Cianjur,Prov. Jawa Barat,43253,-6.739300000000,107.016700000000,SWASTA,B,Ada,Ada,Sumur tidak terlindungi,Cukup
SMA PRIMA TELADAN,69939970,SMA,Mangunkerta,Mangunkerta,Kec. Cugenang,Kab. Cianjur,Prov. Jawa Barat,43252,-6.801500000000,107.060600000000,SWASTA,C,Ada,Ada,Sumur terlindungi,Cukup
SMA PUTRA JUANG,69888448,SMA,Sukatani,Sukatani,Kec. Haurwangi,Kab. Cianjur,Prov. Jawa Barat,43283,-6.878239000000,107.256945000000,SWASTA,C,Ada,Ada,Sumur terlindungi,Cukup
SMA SULTAN AGUNG,69988550,SMA,CIKANGKARENG,Cikangkareng,Kec. Cibinong,Kab. Cianjur,Prov. Jawa Barat,43271,-7.234861000000,107.259314300000,SWASTA,Belum Akreditasi,Ada,Ada,Lainnya,Cukup
SMA SULTAN GIRI,69972894,SMA,,Neglasari,Kec. Cidaun,Kab. Cianjur,Prov. Jawa Barat,43273,-7.658700000000,107.420500000000,SWASTA,B,Ada,Ada,Sumur terlindungi,Cukup
SMA SULTHAN BARUNA,69900067,SMA,SIMPANG,Padaluyu,Kec. Cikadu,Kab. Cianjur,Prov. Jawa Barat,43272,-7.344162500000,107.233671700000,SWASTA,C,Ada,Ada,Pompa,Cukup
SMA TARBIYATUL ISLAM,69946712,SMA,Kertajadi,Kertajadi,Kec. Cidaun,Kab. Cianjur,Prov. Jawa Barat,43275,-7.488300000000,107.347600000000,SWASTA,C,Ada,Ada,Ledeng/PAM,Cukup
SMA TERPADU AL MASHUM MARDIYAH,20252189,SMA,-,Galudra,Kec. Cugenang,Kab. Cianjur,Prov. Jawa Barat,43252,-6.782200000000,107.048000000000,SWASTA,A,Ada,Ada,Sumur terlindungi,Cukup
SMA TRI DARMA NUSANTARA,69896859,SMA,Gunungbatu,Cinerang,Kec. Naringgul,Kab. Cianjur,Prov. Jawa Barat,43274,-7.421118000000,107.245596000000,SWASTA,C,Ada,Ada,Sumur terlindungi,Kurang
SMA ZAD IQBS,70039755,SMA,CIBEREUM,Cibeureum,Kec. Cugenang,Kab. Cianjur,Prov. Jawa Barat,43252,0.000000000000,0.000000000000,SWASTA,Belum Akreditasi,Ada,Ada,Sumur terlindungi,Cukup
SMAS  ISLAM AL MAZIYYAH CILAKU,20203702,SMA,-,Sirnagalih,Kec. Cilaku,Kab. Cianjur,Prov. Jawa Barat,43285,-6.862400000000,107.127100000000,SWASTA,B,Ada,Ada,Sumur terlindungi,Cukup
SMAS AL AZHARY CIANJUR,20203697,SMA,PANEMBONG,Pamoyanan,Kec. Cianjur,Kab. Cianjur,Prov. Jawa Barat,43211,-6.816000000000,107.130200000000,SWASTA,A,Ada,Ada,Sumur terlindungi,Cukup
SMAS AL BARKAH,20252653,SMA,SUKARESMI,Mekar Sari,Kec. Cikalong Kulon,Kab. Cianjur,Prov. Jawa Barat,43291,-6.660700000000,107.173300000000,SWASTA,B,Ada,Ada,Mata air terlindungi,Cukup
SMAS AL FALAH,69758123,SMA,Depok,Sukaluyu,Kec. Cijati,Kab. Cianjur,Prov. Jawa Barat,43277,-7.256200000000,107.012400000000,SWASTA,B,Ada,Ada,Mata air terlindungi,Cukup
SMAS AL IANAH CIANJUR,20203701,SMA,-,Pamoyanan,Kec. Cianjur,Kab. Cianjur,Prov. Jawa Barat,43211,-6.839900000000,107.139500000000,SWASTA,B,Ada,Ada,Pompa,Cukup
SMAS AL ITTIHAD CIANJUR,20252046,SMA,Bojong,Bojong,Kec. Karang Tengah,Kab. Cianjur,Prov. Jawa Barat,43281,-6.801900000000,107.172400000000,SWASTA,A,Ada,Ada,Mata air terlindungi,Cukup
SMAS AL MUAWANAH CIANJUR,20203698,SMA,-,Pamoyanan,Kec. Cianjur,Kab. Cianjur,Prov. Jawa Barat,43211,-6.818500000000,107.138000000000,SWASTA,B,Ada,Ada,Sumur terlindungi,Kurang
SMAS AL QODIRIYAH CIBEBER,20254341,SMA,-,Cibaregbeg,Kec. Cibeber,Kab. Cianjur,Prov. Jawa Barat,43262,-6.915400000000,107.169200000000,SWASTA,B,Ada,Ada,Sumur terlindungi,Kurang
SMAS BPK PENABUR,20203699,SMA,Solokpandan,Muka,Kec. Cianjur,Kab. Cianjur,Prov. Jawa Barat,43214,-6.815500000000,107.148100000000,SWASTA,A,Ada,Ada,Sumur terlindungi,Cukup
SMAS COKROAMINOTO CIANJUR,20203700,SMA,Pamoyanan,Pamoyanan,Kec. Cianjur,Kab. Cianjur,Prov. Jawa Barat,43211,-6.818100000000,107.137000000000,SWASTA,B,Ada,Ada,Pompa,Cukup
SMAS ISLAMIC AL-IRSYAD BOARDING SCHOOL,69786347,SMA,Palasari,Palasari,Kec. Cipanas,Kab. Cianjur,Prov. Jawa Barat,43253,-6.715600000000,107.038700000000,SWASTA,B,Ada,Ada,Sumur terlindungi,Cukup
SMAS KANAAN,20203704,SMA,Muka,Muka,Kec. Cianjur,Kab. Cianjur,Prov. Jawa Barat,43215,-6.814400000000,107.144200000000,SWASTA,A,Ada,Ada,Pompa,Cukup
SMAS KARYA BAKTI,20203703,SMA,SIPON KALER,Haurwangi,Kec. Haurwangi,Kab. Cianjur,Prov. Jawa Barat,43286,-6.826600000000,107.310400000000,SWASTA,B,Ada,Ada,Sumur terlindungi,Cukup
SMAS MAARIF PACET,20252047,SMA,-,Cipendawa,Kec. Pacet,Kab. Cianjur,Prov. Jawa Barat,43253,-6.752300000000,107.045800000000,SWASTA,B,Ada,Ada,Sumur terlindungi,Cukup
SMAS MARDI YUANA CIANJUR,20252016,SMA,SAWAH GEDE,Sawah Gede,Kec. Cianjur,Kab. Cianjur,Prov. Jawa Barat,43212,-6.832000000000,107.134800000000,SWASTA,A,Ada,Ada,Sumur terlindungi,Cukup
SMAS MIFTAHUL HUDA,20203705,SMA,Batukasur,Mandalawangi,Kec. Leles,Kab. Cianjur,Prov. Jawa Barat,43278,-7.325900000000,107.064700000000,SWASTA,B,Ada,Ada,Ledeng/PAM,Kurang
SMAS MUHAMADIYAH CIPANAS,20203719,SMA,Sukasari,Sindanglaya,Kec. Cipanas,Kab. Cianjur,Prov. Jawa Barat,43253,-6.730000000000,107.037200000000,SWASTA,A,Ada,Ada,Ledeng/PAM,Cukup
SMAS PASUNDAN 1 CIANJUR,20252051,SMA,Sabandar,Sabandar,Kec. Karang Tengah,Kab. Cianjur,Prov. Jawa Barat,43281,-6.813000000000,107.149500000000,SWASTA,A,Ada,Ada,Ledeng/PAM,Cukup
SMAS PASUNDAN 2 CIANJUR,20252015,SMA,BojongMeron,Solokpandan,Kec. Cianjur,Kab. Cianjur,Prov. Jawa Barat,43214,-6.822500000000,107.142600000000,SWASTA,A,Ada,Tidak ada,Ledeng/PAM,Kurang
SMAS PASUNDAN CIKALONGKULON,20203720,SMA,-,Neglasari,Kec. Cikalong Kulon,Kab. Cianjur,Prov. Jawa Barat,43291,-6.712400000000,107.211100000000,SWASTA,A,Ada,Ada,Sumur terlindungi,Cukup
SMAS PGRI CIANJUR,20203721,SMA,Nagrak,Nagrak,Kec. Cianjur,Kab. Cianjur,Prov. Jawa Barat,43251,-6.837800000000,107.127300000000,SWASTA,B,Ada,Ada,Ledeng/PAM,Cukup
SMAS PGRI CIDAUN,69786634,SMA,Sukaresmi,Cimaragang,Kec. Cidaun,Kab. Cianjur,Prov. Jawa Barat,43275,-7.408300000000,107.423500000000,SWASTA,B,Ada,Ada,Pompa,Cukup
SMAS PGRI CIKADU,69786633,SMA,Singkup,Sukamulya,Kec. Cikadu,Kab. Cianjur,Prov. Jawa Barat,43272,-7.359000000000,107.002800000000,SWASTA,C,Ada,Ada,Ledeng/PAM,Cukup
SMAS PGRI CIPANAS,20203735,SMA,-,Sindanglaya,Kec. Cipanas,Kab. Cianjur,Prov. Jawa Barat,43253,-6.731500000000,107.033200000000,SWASTA,A,Ada,Ada,Sumur terlindungi,Cukup
SMAS PGRI NARINGGUL,20276398,SMA,Naringgul,Naringgul,Kec. Naringgul,Kab. Cianjur,Prov. Jawa Barat,43274,-7.333600000000,107.328900000000,SWASTA,B,Ada,Ada,Mata air terlindungi,Cukup
SMAS PGRI TAKOKAK,20252048,SMA,Kp. Cibodas,Pasawahan,Kec. Takokak,Kab. Cianjur,Prov. Jawa Barat,43265,-7.056300000000,107.003100000000,SWASTA,A,Ada,Ada,Sumur terlindungi,Kurang
SMAS PLUS TAUHIDUL AFKAR,20255779,SMA,Cibadak,Sukanagalih,Kec. Pacet,Kab. Cianjur,Prov. Jawa Barat,43253,-6.712100000000,107.059300000000,SWASTA,B,Ada,Ada,Ledeng/PAM,Kurang
SMAS RAUDATUL ISLAM,20258552,SMA,Simpang Jambe,Sukapura,Kec. Cidaun,Kab. Cianjur,Prov. Jawa Barat,43275,-7.480500000000,107.225800000000,SWASTA,B,Ada,Ada,Sumur terlindungi,Cukup
SMA NEGERI 1 KALIWEDI,69968471,SMA,DUSUN 1,Guwa Kidul,Kec. Kaliwedi,Kab. Cirebon,Prov. Jawa Barat,45165,-6.571500000000,108.381400000000,NEGERI,B,Ada,Ada,Sumur terlindungi,Cukup
SMA NEGERI DEPOK,70035047,SMA,Kamas,Keduanan,Kec. Depok,Kab. Cirebon,Prov. Jawa Barat,45652,0.000000000000,0.000000000000,NEGERI,Belum Akreditasi,Ada,Ada,Pompa,Cukup
SMA Negeri Tengah Tani,70032560,SMA,,Dawuan,Kec. Tengah Tani,Kab. Cirebon,Prov. Jawa Barat,,0.000000000000,0.000000000000,NEGERI,Belum Akreditasi,Ada,Ada,Sumur terlindungi,Cukup
SMAN 1 ARJAWINANGUN,20214971,SMA,Kebonpring,Arjawinangun,Kec. Arjawinangun,Kab. Cirebon,Prov. Jawa Barat,45162,-6.639500000000,108.404900000000,NEGERI,A,Ada,Ada,Ledeng/PAM,Cukup
SMAN 1 ASTANAJAPURA,20214970,SMA,1,Kanci,Kec. Astana Japura,Kab. Cirebon,Prov. Jawa Barat,45181,-6.788200000000,108.618100000000,NEGERI,A,Ada,Ada,Pompa,Cukup
SMAN 1 BABAKAN,20214969,SMA,03,Karangwangun,Kec. Babakan,Kab. Cirebon,Prov. Jawa Barat,45191,-6.854600000000,108.722100000000,NEGERI,A,Ada,Ada,Sumur terlindungi,Cukup
SMAN 1 BEBER,20214968,SMA,Kliwon,Beber,Kec. Beber,Kab. Cirebon,Prov. Jawa Barat,45172,-6.832100000000,108.521800000000,NEGERI,A,Ada,Ada,Ledeng/PAM,Cukup
SMAN 1 CILEDUG,20214967,SMA,-,Jatiseeng Kidul,Kec. Ciledug,Kab. Cirebon,Prov. Jawa Barat,45188,-6.914300000000,108.730000000000,NEGERI,A,Ada,Ada,Pompa,Cukup
SMAN 1 CIWARINGIN,20214966,SMA,Sipelem,Bringin,Kec. Ciwaringin,Kab. Cirebon,Prov. Jawa Barat,45167,-6.661000000000,108.393700000000,NEGERI,A,Ada,Ada,Sumur terlindungi,Cukup
SMAN 1 DUKUPUNTANG,20214965,SMA,-,Sindangmekar,Kec. Dukupuntang,Kab. Cirebon,Prov. Jawa Barat,45652,-6.762728300000,108.446060000000,NEGERI,A,Ada,Ada,Sumur terlindungi,Kurang
SMAN 1 GEGESIK,20214980,SMA,II,Gegesik Kidul,Kec. Gegesik,Kab. Cirebon,Prov. Jawa Barat,45164,-6.599500000000,108.419400000000,NEGERI,A,Ada,Ada,Ledeng/PAM,Cukup
SMAN 1 JAMBLANG,20214996,SMA,-,Sitiwinangun,Kec. Jamblang,Kab. Cirebon,Prov. Jawa Barat,45157,-6.699000000000,108.452500000000,NEGERI,A,Ada,Ada,Pompa,Cukup
SMAN 1 KAPETAKAN,69969195,SMA,BLOK 3,Pegagan Lor,Kec. Kapetakan,Kab. Cirebon,Prov. Jawa Barat,45152,-6.592700000000,108.513200000000,NEGERI,A,Ada,Ada,Sumur terlindungi,Cukup
SMAN 1 KARANG WARENG,20214986,SMA,03,Kubangdeleg,Kec. Karangwareng,Kab. Cirebon,Prov. Jawa Barat,45186,-6.872200000000,108.658300000000,NEGERI,A,Ada,Ada,Sumur terlindungi,Cukup
SMAN 1 LEMAHABANG,20214995,SMA,1,Cipeujeuh Wetan,Kec. Lemah Abang,Kab. Cirebon,Prov. Jawa Barat,45183,-6.830600000000,108.621400000000,NEGERI,A,Ada,Ada,Ledeng/PAM,Cukup
SMAN 1 LOSARI,20214993,SMA,-,Losari Lor,Kec. Losari,Kab. Cirebon,Prov. Jawa Barat,45192,-6.841900000000,108.807600000000,NEGERI,A,Ada,Ada,Lainnya,Cukup
SMAN 1 PABEDILAN,20214992,SMA,Silihasih,Silihasih,Kec. Pabedilan,Kab. Cirebon,Prov. Jawa Barat,45193,-6.839900000000,108.750900000000,NEGERI,A,Ada,Ada,Pompa,Cukup
SMAN 1 PALIMANAN,20214985,SMA,Pegagan,Pegagan,Kec. Palimanan,Kab. Cirebon,Prov. Jawa Barat,45161,-6.706300000000,108.422900000000,NEGERI,A,Ada,Ada,Sumur terlindungi,Cukup
SMAN 1 PLUMBON,20214990,SMA,Karangasem,Karangasem,Kec. Plumbon,Kab. Cirebon,Prov. Jawa Barat,45155,-6.693700000000,108.479400000000,NEGERI,A,Ada,Ada,Pompa,Cukup
SMAN 1 SUMBER,20214989,SMA,,Sumber,Kec. Sumber,Kab. Cirebon,Prov. Jawa Barat,45611,-6.760800000000,108.478500000000,NEGERI,A,Ada,Ada,Pompa,Cukup
SMAN 1 SURANENGGALA,20214981,SMA,Suranenggala Kidul,Suranenggala Kidul,Kec. Suranenggala,Kab. Cirebon,Prov. Jawa Barat,45159,-6.625000000000,108.515800000000,NEGERI,A,Ada,Ada,Ledeng/PAM,Cukup
SMAN 1 SUSUKAN,20244680,SMA,-,Susukan,Kec. Susukan,Kab. Cirebon,Prov. Jawa Barat,45166,-6.624000000000,108.376900000000,NEGERI,A,Ada,Ada,Sumur terlindungi,Cukup
SMAN 1 WALED,20214988,SMA,KAMPUNG BARU,Waled Kota,Kec. Waled,Kab. Cirebon,Prov. Jawa Barat,45187,-6.914000000000,108.715400000000,NEGERI,A,Ada,Ada,Ledeng/PAM,Cukup
SMA Al Islam Islamic Boarding School,69896978,SMA,Mareme,Kondangsari,Kec. Beber,Kab. Cirebon,Prov. Jawa Barat,45172,-6.796800000000,108.527500000000,SWASTA,A,Ada,Ada,Ledeng/PAM,Cukup
SMA ISLAM QURANI AL BAHJAH CIREBON 2,69952594,SMA,Buyut,Buyut,Kec. Gunung Jati,Kab. Cirebon,Prov. Jawa Barat,45151,-6.650400000000,108.508000000000,SWASTA,A,Ada,Ada,Sumur terlindungi,Cukup
SMA ISLAM QURANI ALBAHJAH,69952597,SMA,Sendang,Sendang,Kec. Sumber,Kab. Cirebon,Prov. Jawa Barat,45611,-6.755700000000,108.504000000000,SWASTA,A,Ada,Ada,Pompa,Cukup
SMA IT AKMALA SABILA,70011442,SMA,,Kecomberan,Kec. Talun,Kab. Cirebon,Prov. Jawa Barat,,0.000000000000,0.000000000000,SWASTA,B,Ada,Ada,Ledeng/PAM,Cukup
SMA IT AL-BURHANY,70011522,SMA,Pekauman,Bode Lor,Kec. Plumbon,Kab. Cirebon,Prov. Jawa Barat,45155,-6.715600000000,108.490100000000,SWASTA,A,Ada,Ada,Sumur terlindungi,Cukup
SMA Pesantren Gedongan,69899623,SMA,IV Blok Gedongan,Ender,Kec. Pangenan,Kab. Cirebon,Prov. Jawa Barat,45182,-6.830200000000,108.695200000000,SWASTA,B,Ada,Ada,Ledeng/PAM,Tidak ada
SMA PLUS AL ANWARIYAH,70043992,SMA,Blok IV Al Anwariyah,Tegalgubug Lor,Kec. Arjawinangun,Kab. Cirebon,Prov. Jawa Barat,45162,0.000000000000,0.000000000000,SWASTA,Belum Akreditasi,Ada,Ada,Ledeng/PAM,Cukup
SMA UNGGULAN BINA INSAN MULIA,70035586,SMA,Cikuda,Cisaat,Kec. Dukupuntang,Kab. Cirebon,Prov. Jawa Barat,45652,-6.778000000000,108.440700000000,SWASTA,A,Ada,Ada,Mata air terlindungi,Cukup
SMAS ISLAMIYAH WERU,20244671,SMA,Weru Lor,Weru Lor,Kec. Weru,Kab. Cirebon,Prov. Jawa Barat,45154,-6.703591700000,108.507281700000,SWASTA,B,Ada,Ada,Pompa,Cukup
SMAS KRAMAT DUKUPUNTANG,20215025,SMA,-,Dukupuntang,Kec. Dukupuntang,Kab. Cirebon,Prov. Jawa Barat,45652,-6.768005000000,108.415415000000,SWASTA,A,Ada,Ada,Ledeng/PAM,Cukup
SMAS MADINATUNNAJAH,20254004,SMA,Dusun 02,Kalimukti,Kec. Pabedilan,Kab. Cirebon,Prov. Jawa Barat,45193,-6.870100000000,108.789900000000,SWASTA,A,Ada,Ada,Sumur terlindungi,Cukup
SMAS MANDIRI KEDAWUNG,20215024,SMA,-,Kedungjaya,Kec. Kedawung,Kab. Cirebon,Prov. Jawa Barat,45153,-6.720800000000,108.534700000000,SWASTA,A,Ada,Ada,Ledeng/PAM,Cukup
SMAS MUHAMMADIYAH KEDAWUNG,20215023,SMA,-,Kedungjaya,Kec. Kedawung,Kab. Cirebon,Prov. Jawa Barat,45153,-6.710400000000,108.537100000000,SWASTA,A,Ada,Ada,Ledeng/PAM,Cukup
SMAS MUHAMMADIYAH LEMAHABANG,20244672,SMA,,Leuwidingding,Kec. Lemah Abang,Kab. Cirebon,Prov. Jawa Barat,45183,-6.839600000000,108.636200000000,SWASTA,A,Ada,Ada,Pompa,Cukup
SMAS NASRUL ULUM GEGESIK,20215022,SMA,02,Jagapura Kulon,Kec. Gegesik,Kab. Cirebon,Prov. Jawa Barat,45164,-6.538700000000,108.416200000000,SWASTA,B,Ada,Ada,Ledeng/PAM,Cukup
SMAS NU CILEDUG,20215021,SMA,Kliwon,Ciledug Kulon,Kec. Ciledug,Kab. Cirebon,Prov. Jawa Barat,45188,-6.903200000000,108.749000000000,SWASTA,A,Ada,Ada,Sumur terlindungi,Cukup
SMAS NU LEMAHABANG,20244673,SMA,02,LEMAHABANG,Kec. Lemah Abang,Kab. Cirebon,Prov. Jawa Barat,45183,-6.830900000000,108.632000000000,SWASTA,A,Ada,Ada,Pompa,Cukup
SMAS PGRI BABAKAN,20244676,SMA,-,Babakan,Kec. Babakan,Kab. Cirebon,Prov. Jawa Barat,45191,-6.860400000000,108.721800000000,SWASTA,A,Ada,Ada,Sumur terlindungi,Cukup
SMAS PGRI KARANGSEMBUNG,20215019,SMA,-,Karangsuwung,Kec. Karang Sembung,Kab. Cirebon,Prov. Jawa Barat,45186,-6.845400000000,108.639000000000,SWASTA,B,Ada,Ada,Pompa,Cukup
SMAS PGRI KEDAWUNG,20215020,SMA,Sutawinangun,Sutawinangun,Kec. Kedawung,Kab. Cirebon,Prov. Jawa Barat,45153,-6.712300000000,108.547000000000,SWASTA,B,Ada,Ada,Pompa,Cukup
SMAS PGRI KLANGENAN,20214998,SMA,Klangenan,Klangenan,Kec. Klangenan,Kab. Cirebon,Prov. Jawa Barat,45156,-6.710200000000,108.440100000000,SWASTA,B,Ada,Ada,Sumur terlindungi,Cukup
SMAS PGRI LOSARI,20214997,SMA,Dusun Karangsari,Losari Kidul,Kec. Losari,Kab. Cirebon,Prov. Jawa Barat,45192,-6.844200000000,108.807900000000,SWASTA,B,Ada,Ada,Ledeng/PAM,Cukup
SMAS PGRI PALIMANAN,20214979,SMA,-,Palimanan Timur,Kec. Palimanan,Kab. Cirebon,Prov. Jawa Barat,45161,-6.714000000000,108.436300000000,SWASTA,A,Ada,Ada,Pompa,Cukup
SMAS PGRI PLUMBON,20214978,SMA,Karangmulya,Karangmulya,Kec. Plumbon,Kab. Cirebon,Prov. Jawa Barat,45155,-6.702500000000,108.484400000000,SWASTA,B,Tidak ada,Tidak ada,Lainnya,Tidak ada
SMAS PLUS NU PANGURAGAN,20214977,SMA,Blok 1,Panguragan Kulon,Kec. Panguragan,Kab. Cirebon,Prov. Jawa Barat,45163,-6.626900000000,108.451400000000,SWASTA,A,Ada,Ada,Ledeng/PAM,Cukup
SMAS PUI GEGESIK,20214976,SMA,1,Panunggul,Kec. Gegesik,Kab. Cirebon,Prov. Jawa Barat,45164,-6.592600000000,108.430100000000,SWASTA,A,Ada,Ada,Ledeng/PAM,Cukup
SMAS SUNAN GUNUNG JATI TENGAHTANI,20214975,SMA,-,Batembat,Kec. Tengah Tani,Kab. Cirebon,Prov. Jawa Barat,45174,-6.706100000000,108.519000000000,SWASTA,A,Ada,Ada,Sumur terlindungi,Cukup
SMAS YADIKA KEDAWUNG,20244677,SMA,-,Kedawung,Kec. Kedawung,Kab. Cirebon,Prov. Jawa Barat,45153,-6.717600000000,108.529900000000,SWASTA,A,Ada,Ada,Sumur terlindungi,Cukup
SMAS YAKPI SUSUKAN,20244679,SMA,Sumyang,Susukan,Kec. Susukan,Kab. Cirebon,Prov. Jawa Barat,45166,-6.627600000000,108.375800000000,SWASTA,A,Ada,Ada,Pompa,Cukup
SMAS YAPISA DUKUPUNTANG,20214973,SMA,Puntang Kulon,Dukupuntang,Kec. Dukupuntang,Kab. Cirebon,Prov. Jawa Barat,45652,-6.768175000000,108.418515000000,SWASTA,B,Ada,Ada,Pompa,Cukup
SMAN 1 GARUT,20227474,SMA,HAURPANGGUNG,Jayaraga,Kec. Tarogong Kidul,Kab. Garut,Prov. Jawa Barat,44151,-7.205200000000,107.902700000000,NEGERI,A,Ada,Ada,Sumur tidak terlindungi,Cukup
SMAN 10 GARUT,20227468,SMA,Blok Pasir Gede,Sindangsari,Kec. Leuwigoong,Kab. Garut,Prov. Jawa Barat,44192,-7.111100000000,107.951900000000,NEGERI,A,Ada,Ada,Pompa,Cukup
SMAN 11 GARUT,20227466,SMA,Regol,Regol,Kec. Garut Kota,Kab. Garut,Prov. Jawa Barat,44114,-7.217200000000,107.902000000000,NEGERI,A,Ada,Ada,Ledeng/PAM,Tidak ada
SMAN 12 GARUT,20227465,SMA,Pasir Ipis,Cisewu,Kec. Cisewu,Kab. Garut,Prov. Jawa Barat,44166,-7.372000000000,107.498600000000,NEGERI,A,Ada,Ada,Mata air terlindungi,Cukup
SMAN 13 GARUT,20209236,SMA,Kp. Batununggul,Dunguswiru,Kec. Blubur Limbangan,Kab. Garut,Prov. Jawa Barat,44186,-7.031700000000,107.999200000000,NEGERI,A,Ada,Ada,Sumur terlindungi,Cukup
SMAN 14 GARUT,20227473,SMA,Depok,Sukamukti,Kec. Sukawening,Kab. Garut,Prov. Jawa Barat,44184,-7.155600000000,108.010800000000,NEGERI,A,Ada,Ada,Sumur terlindungi,Cukup
SMAN 15 GARUT,20209195,SMA,sukajaya,Sukajaya,Kec. Tarogong Kidul,Kab. Garut,Prov. Jawa Barat,44151,-7.216000000000,107.889100000000,NEGERI,A,Ada,Ada,Ledeng/PAM,Cukup
SMAN 16 GARUT,20209237,SMA,KP.CIDATAR,Cidatar,Kec. Cisurupan,Kab. Garut,Prov. Jawa Barat,44163,-7.328100000000,107.792800000000,NEGERI,A,Ada,Ada,Sumur terlindungi,Cukup
SMAN 17 GARUT,20227472,SMA,-,Cintarakyat,Kec. Samarang,Kab. Garut,Prov. Jawa Barat,44161,-7.212500000000,107.857900000000,NEGERI,A,Ada,Ada,Ledeng/PAM,Cukup
SMAN 18 GARUT,20209182,SMA,-,Sindanggalih,Kec. Karangpawitan,Kab. Garut,Prov. Jawa Barat,44182,-7.214600000000,107.945500000000,NEGERI,A,Ada,Ada,Pompa,Cukup
SMAN 19 GARUT,20227458,SMA,-,Mulyasari,Kec. Bayongbong,Kab. Garut,Prov. Jawa Barat,44162,-7.269700000000,107.814100000000,NEGERI,A,Ada,Ada,Ledeng/PAM,Cukup
SMAN 2 GARUT,20227467,SMA,-,Leles,Kec. Leles,Kab. Garut,Prov. Jawa Barat,44152,-7.103500000000,107.898600000000,NEGERI,A,Ada,Ada,Sumur terlindungi,Cukup
SMAN 20 GARUT,20209193,SMA,-,Cigintung,Kec. Singajaya,Kab. Garut,Prov. Jawa Barat,44173,-7.483500000000,107.918400000000,NEGERI,A,Ada,Ada,Air sungai,Kurang
SMAN 21 GARUT,20209194,SMA,-,Sukamulya,Kec. Talegong,Kab. Garut,Prov. Jawa Barat,44167,-7.293400000000,107.529300000000,NEGERI,A,Ada,Ada,Sumur terlindungi,Cukup
SMAN 22 GARUT,20209232,SMA,-,Cisompet,Kec. Cisompet,Kab. Garut,Prov. Jawa Barat,44174,-7.554800000000,107.808800000000,NEGERI,A,Ada,Ada,Sumur terlindungi,Cukup
SMAN 23 GARUT,20227470,SMA,Jatigede,Jatiwangi,Kec. Pakenjeng,Kab. Garut,Prov. Jawa Barat,44164,-7.451300000000,107.680600000000,NEGERI,A,Ada,Ada,Sumur terlindungi,Cukup
SMAN 24 GARUT,20209213,SMA,Kp. Pamuruyan,Pangauban,Kec. Cisurupan,Kab. Garut,Prov. Jawa Barat,44163,-7.274500000000,107.782400000000,NEGERI,A,Ada,Ada,Sumur terlindungi,Cukup
SMAN 25 GARUT,20227457,SMA,KP. CIANTEN,Banyuresmi,Kec. Banyuresmi,Kab. Garut,Prov. Jawa Barat,44191,-7.156400000000,107.949500000000,NEGERI,A,Ada,Ada,Sumur tidak terlindungi,Cukup
SMAN 26 GARUT,20209351,SMA,Tegalpanjang,Tegalpanjang,Kec. Sucinaraja,Kab. Garut,Prov. Jawa Barat,44115,-7.198200000000,107.977200000000,NEGERI,B,Ada,Ada,Ledeng/PAM,Cukup
SMAN 27 GARUT,20227461,SMA,Kp.Legok Jawa,Karya Mukti,Kec. Cibalong,Kab. Garut,Prov. Jawa Barat,44176,-7.677900000000,107.803300000000,NEGERI,A,Ada,Ada,Ledeng/PAM,Cukup
SMAN 28 GARUT,20227460,SMA,RANCABUAYA,Purbayani,Kec. Caringin,Kab. Garut,Prov. Jawa Barat,44168,-7.522600000000,107.487100000000,NEGERI,A,Ada,Ada,Pompa,Kurang
SMAN 29 GARUT,69753909,SMA,JAGABAYA,Jagabaya,Kec. Mekarmukti,Kab. Garut,Prov. Jawa Barat,44155,-7.554100000000,107.582300000000,NEGERI,A,Ada,Ada,Air sungai,Kurang
SMAN 3 GARUT,20209183,SMA,Kp. Loji,Keresek,Kec. Cibatu,Kab. Garut,Prov. Jawa Barat,44185,-7.100300000000,107.985100000000,NEGERI,A,Ada,Ada,Ledeng/PAM,Cukup
SMAN 30 GARUT,69786423,SMA,Kp. Lembang,Cihurip,Kec. Cihurip,Kab. Garut,Prov. Jawa Barat,44173,-7.500600000000,107.860700000000,NEGERI,A,Ada,Ada,Sumur terlindungi,Cukup
SMAN 31 Garut,69971763,SMA,Sancang,Sancang,Kec. Cibalong,Kab. Garut,Prov. Jawa Barat,44176,-7.692100000000,107.889700000000,NEGERI,B,Ada,Tidak ada,Sumur terlindungi,Cukup
SMAN 32 GARUT,69971267,SMA,Wangunjaya,Wangunjaya,Kec. Banjarwangi,Kab. Garut,Prov. Jawa Barat,44172,-7.407400000000,107.883700000000,NEGERI,B,Ada,Ada,Sumur terlindungi,Cukup
SMAN 4 GARUT,20227463,SMA,GIRIAWAS,Giriawas,Kec. Cikajang,Kab. Garut,Prov. Jawa Barat,44171,-7.365200000000,107.820500000000,NEGERI,A,Ada,Ada,Mata air terlindungi,Cukup
SMAN 5 GARUT,20227471,SMA,Cikopo,Pameungpeuk,Kec. Pameungpeuk,Kab. Garut,Prov. Jawa Barat,44175,-7.636600000000,107.731400000000,NEGERI,A,Ada,Ada,Sumur terlindungi,Cukup
SMAN 6 GARUT,20227475,SMA,MEKARJAYA,Haurpanggung,Kec. Tarogong Kidul,Kab. Garut,Prov. Jawa Barat,44151,-7.196400000000,107.906800000000,NEGERI,A,Ada,Ada,Sumur terlindungi,Cukup
SMAN 7 GARUT,20227459,SMA,Kp Hanjuang,Hanjuang,Kec. Bungbulang,Kab. Garut,Prov. Jawa Barat,44165,-7.466700000000,107.594400000000,NEGERI,A,Ada,Ada,Sumur terlindungi,Cukup
SMAN 8 GARUT,20227464,SMA,Kp. Pasanggrahan,Pasanggrahan,Kec. Cilawu,Kab. Garut,Prov. Jawa Barat,44181,-7.263300000000,107.908000000000,NEGERI,A,Ada,Ada,Sumur terlindungi,Cukup
SMAN 9 GARUT,20227469,SMA,Kp. Bojongsari Tangsi,Malangbong,Kec. Malangbong,Kab. Garut,Prov. Jawa Barat,44188,-7.060800000000,108.090700000000,NEGERI,A,Ada,Ada,Sumur terlindungi,Cukup
SMA AL - AMANAH BUNGBULANG,69877293,SMA,Rancakole,Tegallega,Kec. Bungbulang,Kab. Garut,Prov. Jawa Barat,44165,-7.497600000000,107.554800000000,SWASTA,B,Ada,Ada,Sumur terlindungi,Cukup
SMA AL-AMANAH PAKENJENG,69849075,SMA,Bihbul,Tanjungjaya,Kec. Pakenjeng,Kab. Garut,Prov. Jawa Barat,44164,-7.429627000000,107.779332000000,SWASTA,B,Ada,Ada,Sumur terlindungi,Cukup
SMA AL-HASBILLAH CISOMPET,69881316,SMA,Cintalaksana,Cihaurkuning,Kec. Cisompet,Kab. Garut,Prov. Jawa Barat,44174,-7.584900000000,107.819000000000,SWASTA,B,Ada,Ada,Sumur terlindungi,Cukup
SMA AL-IHSAN BOARDING SCHOOL,70047427,SMA,,Putrajawa,Kec. Selaawi,Kab. Garut,Prov. Jawa Barat,,-7.012400000000,107.986500000000,SWASTA,Belum Akreditasi,Ada,Ada,Pompa,Tidak ada
SMA ANNUR WAHID,70037893,SMA,,Cihaurkuning,Kec. Cisompet,Kab. Garut,Prov. Jawa Barat,,0.000000000000,0.000000000000,SWASTA,Belum Akreditasi,Ada,Tidak ada,Sumur terlindungi,Cukup
SMA ANSHARU SUNNAH CILAME,70049862,SMA,,Sukarasa,Kec. Pangatikan,Kab. Garut,Prov. Jawa Barat,,0.000000000000,0.000000000000,SWASTA,Belum Akreditasi,Ada,Ada,Pompa,Cukup
SMA ASSA`ADAH,70038822,SMA,,Limbangantengah,Kec. Blubur Limbangan,Kab. Garut,Prov. Jawa Barat,44186,0.000000000000,0.000000000000,SWASTA,Belum Akreditasi,Ada,Ada,Ledeng/PAM,Cukup
SMA BANJARWANGI SATU,69912321,SMA,Wangun,Wangunjaya,Kec. Banjarwangi,Kab. Garut,Prov. Jawa Barat,44172,-7.456200000000,107.863000000000,SWASTA,B,Ada,Ada,Air sungai,Cukup
SMA BHAKTI PUTRA INDONESIA,69923901,SMA,Dusun 1 Cikarang,Cikarang,Kec. Cisewu,Kab. Garut,Prov. Jawa Barat,44166,-7.387508000000,107.505937300000,SWASTA,B,Ada,Ada,Air kemasan,Cukup
SMA BINA NUSA PURWAJAYA,69931913,SMA,Babakan,Purwajaya,Kec. Peundeuy,Kab. Garut,Prov. Jawa Barat,44178,-7.566871400000,107.912489600000,SWASTA,C,Ada,Ada,Sumur terlindungi,Cukup
SMA BIP MALANGBONG,69919741,SMA,1,Barudua,Kec. Malangbong,Kab. Garut,Prov. Jawa Barat,44188,-7.100900000000,108.084900000000,SWASTA,B,Ada,Ada,Pompa,Cukup
SMA BOARDING AR-ROHMAT,70035109,SMA,,Pasawahan,Kec. Tarogong Kaler,Kab. Garut,Prov. Jawa Barat,44151,-7.158900000000,107.898000000000,SWASTA,B,Ada,Ada,Sumur terlindungi,Cukup
SMA ISLAM AS SAKINAH PAKENJENG,70008041,SMA,Cirinu,Pasirlangu,Kec. Pakenjeng,Kab. Garut,Prov. Jawa Barat,44164,-7.475000000000,107.646900000000,SWASTA,B,Ada,Ada,Mata air terlindungi,Tidak ada
SMA ISLAM MEKARBAKTI BUNGBULANG,20262037,SMA,Cibolang,Mekarbakti,Kec. Bungbulang,Kab. Garut,Prov. Jawa Barat,44165,-7.441900000000,107.602200000000,SWASTA,B,Ada,Tidak ada,Ledeng/PAM,Cukup
SMA ISLAM NURUL BAYAN SUKAWANGI,69947934,SMA,Sukawangi,Sukawangi,Kec. Singajaya,Kab. Garut,Prov. Jawa Barat,44173,-7.499309400000,107.922767100000,SWASTA,B,Ada,Ada,Pompa,Tidak ada
SMA ISLAM TERPADU AL-FALAH BUNGBULANG,69830402,SMA,CITALAHAB,Mekarjaya,Kec. Bungbulang,Kab. Garut,Prov. Jawa Barat,44165,-7.454600000000,107.585600000000,SWASTA,B,Ada,Ada,Mata air terlindungi,Cukup
SMA ISLAM TERPADU ANNISA KADUNGORA,69989797,SMA,SUKAMANAH,Talagasari,Kec. Kadungora,Kab. Garut,Prov. Jawa Barat,44153,-7.082900000000,107.893500000000,SWASTA,B,Ada,Ada,Sumur terlindungi,Cukup
SMA ISLAM TERPADU LEKOR,70040919,SMA,Kp Lekor,Lembang,Kec. Leles,Kab. Garut,Prov. Jawa Barat,44152,-7.095900000000,107.878100000000,SWASTA,Belum Akreditasi,Ada,Ada,Sumur terlindungi,Cukup
SMA ISLAM TERPADU MEKARMUKTI,69872006,SMA,I (Kadupugur),Mekarmukti,Kec. Mekarmukti,Kab. Garut,Prov. Jawa Barat,44165,-7.537783000000,107.564766000000,SWASTA,B,Ada,Ada,Sumur terlindungi,Cukup
SMA IT AL - MUAWANAH CIGEDUG,69877297,SMA,Kp. Cigedug Tonggoh,Cigedug,Kec. Cigedug,Kab. Garut,Prov. Jawa Barat,44162,-7.334900000000,107.807800000000,SWASTA,B,Ada,Ada,Sumur terlindungi,Cukup
SMA IT AS - SYAKUR,69894140,SMA,Cicara,Padamulya,Kec. Pasirwangi,Kab. Garut,Prov. Jawa Barat,44161,-7.221519000000,107.786556000000,SWASTA,C,Ada,Ada,Air sungai,Cukup
SMA IT ASSYIFA,69907337,SMA,Kp Ciening,Sirnagalih,Kec. Cisurupan,Kab. Garut,Prov. Jawa Barat,44163,-7.303700000000,107.789500000000,SWASTA,B,Ada,Ada,Sumur terlindungi,Cukup
SMA IT ATTA AWUN,69980025,SMA,,Sukaresmi,Kec. Sukaresmi,Kab. Garut,Prov. Jawa Barat,44163,-7.259200000000,107.812800000000,SWASTA,B,Ada,Ada,Ledeng/PAM,Cukup
SMA IT BAITUL HIKMAH AS-SHIDDIQ,69947905,SMA,CIKAPUNDUHAN,Sirnajaya,Kec. Pasirwangi,Kab. Garut,Prov. Jawa Barat,44161,-7.217895300000,107.797440100000,SWASTA,B,Ada,Ada,Sumur terlindungi,Cukup
SMA IT CARINGIN,69910388,SMA,Cimahi,Cimahi,Kec. Caringin,Kab. Garut,Prov. Jawa Barat,44166,-7.479234800000,107.497848700000,SWASTA,B,Ada,Ada,Pompa,Cukup
SMA IT CILOA LIMBANGAN,69899602,SMA,Ciloa,Limbangantimur,Kec. Blubur Limbangan,Kab. Garut,Prov. Jawa Barat,44186,-7.033400000000,107.982800000000,SWASTA,B,Ada,Ada,Pompa,Cukup
SMA IT Daarul Amiin,70029864,SMA,02,Barusuda,Kec. Cigedug,Kab. Garut,Prov. Jawa Barat,44162,-7.353100000000,107.810400000000,SWASTA,B,Ada,Ada,Pompa,Cukup
SMA IT DARUL ABROR ISLAMIC BOARDING SCHOOL,70049861,SMA,,Mekarwangi,Kec. Tarogong Kaler,Kab. Garut,Prov. Jawa Barat,,0.000000000000,0.000000000000,SWASTA,Belum Akreditasi,Ada,Ada,Ledeng/PAM,Cukup
SMA IT MAROKO,69922135,SMA,Cibueuk,Maroko,Kec. Cibalong,Kab. Garut,Prov. Jawa Barat,44176,-7.648800000000,107.888200000000,SWASTA,B,Ada,Ada,Sumur terlindungi,Cukup
SMA IT MEKARJAYA,69950277,SMA,1,Mekarjaya,Kec. Sukaresmi,Kab. Garut,Prov. Jawa Barat,44163,-7.245949000000,107.787610800000,SWASTA,B,Ada,Tidak ada,Ledeng/PAM,Cukup
SMA IT MEKARSEWU,69859376,SMA,,MEKARSEWU,Kec. Cisewu,Kab. Garut,Prov. Jawa Barat,44166,-7.352700000000,107.494200000000,SWASTA,B,Ada,Ada,Mata air terlindungi,Kurang
SMA IT NURUL HUDA KAIMAS,69896045,SMA,Maripari,Maripari,Kec. Sukawening,Kab. Garut,Prov. Jawa Barat,44185,-7.136300000000,107.984800000000,SWASTA,B,Ada,Ada,Pompa,Cukup
SMA IT RIJALUL GOD,69897254,SMA,Cibungur,Sukarame,Kec. Caringin,Kab. Garut,Prov. Jawa Barat,44169,-7.436800000000,107.532100000000,SWASTA,B,Ada,Ada,Sumur terlindungi,Cukup
SMA IT SILIWANGI,69947043,SMA,Mekarsiliwangi,SUKALILAH,Kec. Sukaresmi,Kab. Garut,Prov. Jawa Barat,44162,-7.251600000000,107.786600000000,SWASTA,C,Ada,Ada,Lainnya,Cukup
SMA IT SINARSARI,69867931,SMA,Citeureup,Sirnabakti,Kec. Pameungpeuk,Kab. Garut,Prov. Jawa Barat,44175,-7.617129000000,107.760131000000,SWASTA,B,Ada,Ada,Ledeng/PAM,Cukup
SMA IT TALEGONG,69949062,SMA,Pamoyanan,Sukalaksana,Kec. Talegong,Kab. Garut,Prov. Jawa Barat,44167,-7.279900000000,107.548900000000,SWASTA,C,Ada,Ada,Mata air terlindungi,Kurang
SMA IT YASPIMIYAH,70048201,SMA,,Cinisti,Kec. Bayongbong,Kab. Garut,Prov. Jawa Barat,,0.000000000000,0.000000000000,SWASTA,Belum Akreditasi,Ada,Ada,Sumur terlindungi,Cukup
SMA MAFAZA INDONESIA,70045786,SMA,,Cibiuk Kaler,Kec. Cibiuk,Kab. Garut,Prov. Jawa Barat,44193,0.000000000000,0.000000000000,SWASTA,Belum Akreditasi,Ada,Ada,Sumur terlindungi,Cukup
SMA MUHAMMADIYAH 1 TALEGONG,69941916,SMA,Kp. Datar Kibawang,Sukalaksana,Kec. Talegong,Kab. Garut,Prov. Jawa Barat,44167,-7.277946800000,107.531230900000,SWASTA,C,Ada,Ada,Sumur terlindungi,Cukup
SMA MUHAMMADIYAH CIKELET,20271683,SMA,Mekarsari,Cikelet,Kec. Cikelet,Kab. Garut,Prov. Jawa Barat,44177,-7.627200000000,107.677700000000,SWASTA,B,Ada,Ada,Sumur terlindungi,Cukup
SMA NANJUNG HARAPAN,69967026,SMA,Kp Tanjung,Selaawi,Kec. Selaawi,Kab. Garut,Prov. Jawa Barat,44187,-7.002898000000,108.020502000000,SWASTA,B,Ada,Ada,Mata air terlindungi,Cukup
SMA NURUL AMIN,69944359,SMA,CINTARAKYAT,Cintarakyat,Kec. Samarang,Kab. Garut,Prov. Jawa Barat,44161,-7.218800000000,107.850200000000,SWASTA,B,Ada,Ada,Sumur terlindungi,Cukup
SMA NURUL FALAH CINANGSI,69929246,SMA,,Depok,Kec. Pakenjeng,Kab. Garut,Prov. Jawa Barat,44164,-7.485138300000,107.651054700000,SWASTA,A,Ada,Tidak ada,Pompa,Cukup
SMA NUSA BANGSA,69948400,SMA,,Banjarwangi,Kec. Banjarwangi,Kab. Garut,Prov. Jawa Barat,44172,-7.427900000000,107.891600000000,SWASTA,B,Ada,Ada,Sumur tidak terlindungi,Kurang
SMA PGRI MALANGBONG,69931917,SMA,kp. Gudang,Cisitu,Kec. Malangbong,Kab. Garut,Prov. Jawa Barat,44188,-7.043600000000,108.085500000000,SWASTA,C,Ada,Ada,Ledeng/PAM,Cukup
SMA PLUS AL-HIDAYAH CILAWU,20271843,SMA,-,Mekarsari,Kec. Cilawu,Kab. Garut,Prov. Jawa Barat,44181,-7.295800000000,107.910500000000,SWASTA,B,Ada,Ada,Pompa,Cukup
SMA PLUS AL-MUQORROBIN CISOMPET,69900119,SMA,Desa,Cikondang,Kec. Cisompet,Kab. Garut,Prov. Jawa Barat,44174,-7.582800000000,107.866900000000,SWASTA,B,Ada,Ada,Air sungai,Cukup
SMA PLUS AL-QOMARIYAH WALAHIR,69896002,SMA,,Cintadamai,Kec. Sukaresmi,Kab. Garut,Prov. Jawa Barat,44163,-7.251580000000,107.795259000000,SWASTA,B,Ada,Ada,Sumur terlindungi,Cukup
SMA PLUS MA RUFUL HIDAYAH ,69936614,SMA,Barukai,Cigedug,Kec. Cigedug,Kab. Garut,Prov. Jawa Barat,44162,-7.326159000000,107.844826900000,SWASTA,B,Ada,Ada,Mata air terlindungi,Kurang
SMA PLUS PERJUANGAN 78,69940395,SMA,,Giriawas,Kec. Cikajang,Kab. Garut,Prov. Jawa Barat,44171,-7.387164400000,107.795268900000,SWASTA,B,Ada,Ada,Sumur terlindungi,Cukup
SMA PLUS SINGAJAYA,69946512,SMA,Cijungklang,Girimukti,Kec. Singajaya,Kab. Garut,Prov. Jawa Barat,44173,-7.465800000000,107.889300000000,SWASTA,B,Ada,Ada,Sumur terlindungi,Kurang
SMA PLUS SUKARAJA,69991794,SMA,Jl KH Zaenal Arief KM 3 Sukaraja Jatisari Karangpawitan,Jatisari,Kec. Karangpawitan,Kab. Garut,Prov. Jawa Barat,44182,-7.234220400000,107.960379300000,SWASTA,B,Ada,Ada,Pompa,Cukup
SMA Pondok Pesantren Aminul Ummah,70034792,SMA,Wanamekar,Wanamekar,Kec. Wanaraja,Kab. Garut,Prov. Jawa Barat,44183,0.000000000000,0.000000000000,SWASTA,Belum Akreditasi,Ada,Ada,Sumur terlindungi,Cukup
SMA SIROJUL HUDA SUKAWENING,69902577,SMA,Babakan,Pasanggrahan,Kec. Sukawening,Kab. Garut,Prov. Jawa Barat,44184,-7.142800000000,108.016000000000,SWASTA,B,Ada,Ada,Lainnya,Kurang
SMA SITI AISYAH KADUNGORA,69896046,SMA,MANDALASARI,Mandalasari,Kec. Kadungora,Kab. Garut,Prov. Jawa Barat,44153,-7.084800000000,107.878000000000,SWASTA,B,Ada,Ada,Ledeng/PAM,Cukup
SMA SURURON,69788577,SMA,Kampung Nagrog,Sarimukti,Kec. Pasirwangi,Kab. Garut,Prov. Jawa Barat,44161,-7.231400000000,107.771500000000,SWASTA,B,Ada,Tidak ada,Mata air terlindungi,Cukup
SMA TUNAS KARYA,69935579,SMA,KP. CIRATA,Sukahurip,Kec. Cigedug,Kab. Garut,Prov. Jawa Barat,44162,-7.342795800000,107.818614300000,SWASTA,C,Ada,Ada,Sumur terlindungi,Kurang
SMA TUNAS PERSADA MALANGBONG,69859377,SMA,,Mekarasih,Kec. Malangbong,Kab. Garut,Prov. Jawa Barat,44188,-7.023100000000,108.083300000000,SWASTA,B,Ada,Ada,Sumur terlindungi,Cukup
SMAS AL FATAH LIMBANGAN,20227432,SMA,,Limbangantengah,Kec. Blubur Limbangan,Kab. Garut,Prov. Jawa Barat,44186,-7.035700000000,107.975500000000,SWASTA,A,Ada,Ada,Sumur terlindungi,Cukup
SMAS AL HIKMAH CIBATU,20227433,SMA,-,Keresek,Kec. Cibatu,Kab. Garut,Prov. Jawa Barat,44185,-7.097200000000,107.982900000000,SWASTA,A,Ada,Ada,Sumur terlindungi,Cukup
SMAS AL-MADINAH CIBATU,20276140,SMA,Cibunar,Cibunar,Kec. Cibatu,Kab. Garut,Prov. Jawa Barat,44185,-7.076600000000,107.987500000000,SWASTA,B,Ada,Ada,Sumur terlindungi,Cukup
SMAS AR RAHMAN KADUNGORA,20227434,SMA,Talagasari,Talagasari,Kec. Kadungora,Kab. Garut,Prov. Jawa Barat,44153,-7.092400000000,107.898900000000,SWASTA,C,Ada,Ada,Pompa,Cukup
SMAS ASSHIDDIQIYAH,20227435,SMA,-,Sucikaler,Kec. Karangpawitan,Kab. Garut,Prov. Jawa Barat,44182,-7.213300000000,107.924700000000,SWASTA,A,Ada,Ada,Pompa,Cukup
SMAS BAITUL HIKMAH TAROGONG KALER,20209377,SMA,LANGEN SARI,Langensari,Kec. Tarogong Kaler,Kab. Garut,Prov. Jawa Barat,44151,-7.185800000000,107.889200000000,SWASTA,A,Ada,Ada,Ledeng/PAM,Cukup
SMAS BIDAYATUL FAIZIN CIKAJANG,69759073,SMA,-,Cipangramatan,Kec. Cikajang,Kab. Garut,Prov. Jawa Barat,44171,-7.420300000000,107.806800000000,SWASTA,B,Ada,Ada,Mata air tdk terlindungi,Kurang
SMAS CILEDUG AL-MUSADDADIYAH,20227437,SMA,Jayaraga,Jayaraga,Kec. Tarogong Kidul,Kab. Garut,Prov. Jawa Barat,44151,-7.206000000000,107.895600000000,SWASTA,A,Ada,Ada,Ledeng/PAM,Cukup
SMAS DAARUTTIBYAN,69963074,SMA,Wangunjaya,Wangunjaya,Kec. Banjarwangi,Kab. Garut,Prov. Jawa Barat,44172,-7.405500000000,107.891000000000,SWASTA,B,Ada,Ada,Sumur terlindungi,Cukup
SMAS DARUSSALAM WANARAJA,20209374,SMA,Wanaraja,Wanaraja,Kec. Wanaraja,Kab. Garut,Prov. Jawa Barat,44183,-7.218800000000,107.997100000000,SWASTA,A,Ada,Ada,Ledeng/PAM,Cukup
SMAS ISLAM CIKUYA BUNGBULANG,20209191,SMA,Cikuya,Mekarjaya,Kec. Bungbulang,Kab. Garut,Prov. Jawa Barat,44165,-7.459300000000,107.575200000000,SWASTA,A,Ada,Ada,Sumur terlindungi,Cukup
SMAS ISLAM NURUL IMAN,69760688,SMA,Mekarbakti,Purbayani,Kec. Caringin,Kab. Garut,Prov. Jawa Barat,44169,-7.482800000000,107.519000000000,SWASTA,B,Ada,Ada,Ledeng/PAM,Kurang
SMAS ISLAM PESANTREN GALMASI,20227439,SMA,-,Nanjungjaya,Kec. Kersamanah,Kab. Garut,Prov. Jawa Barat,44185,-7.053900000000,108.019700000000,SWASTA,B,Ada,Ada,Sumur terlindungi,Cukup
SMAS ISLAM TERPADU AL KAFI CIGEDUG,69822687,SMA,Negla,Cigedug,Kec. Cigedug,Kab. Garut,Prov. Jawa Barat,44162,-7.331700000000,107.821600000000,SWASTA,B,Ada,Ada,Sumur terlindungi,Kurang
SMAS ISLAM TERPADU SITUWANGI CIKAJANG,69822688,SMA,Giriawas,Giriawas,Kec. Cikajang,Kab. Garut,Prov. Jawa Barat,44171,-7.371900000000,107.821000000000,SWASTA,A,Ada,Ada,Sumur terlindungi,Cukup
SMAS ISLAMIC CENTRE PAKENJENG,69962327,SMA,CILAMPAYAN,Tanjungjaya,Kec. Pakenjeng,Kab. Garut,Prov. Jawa Barat,44164,-7.459800000000,107.630800000000,SWASTA,C,Ada,Ada,Sumur terlindungi,Cukup
SMAS IT BAITURROHMAN,69856918,SMA,Dua,Sirnajaya,Kec. Tarogong Kaler,Kab. Garut,Prov. Jawa Barat,44151,-7.199100000000,107.859000000000,SWASTA,C,Ada,Ada,Sumur terlindungi,Cukup
SMAS MA ARIF KADUNGORA,20270792,SMA,-,Harumansari,Kec. Kadungora,Kab. Garut,Prov. Jawa Barat,44153,-7.072500000000,107.927900000000,SWASTA,B,Ada,Ada,Ledeng/PAM,Cukup
SMAS MAARIF BANYURESMI,20253399,SMA,Kp. Teureup,Sukakarya,Kec. Banyuresmi,Kab. Garut,Prov. Jawa Barat,44191,-7.154400000000,107.892500000000,SWASTA,B,Ada,Ada,Pompa,Cukup
SMAS MAARIF NURUL HIDAYAH CIKELET,20227446,SMA,Pamalayan,Pamalayan,Kec. Cikelet,Kab. Garut,Prov. Jawa Barat,44177,-7.627200000000,107.709300000000,SWASTA,B,Ada,Tidak ada,Sumur terlindungi,Cukup
SMAS MAARIF PEUNDEUY,20227440,SMA,Peundeuy,Saribakti,Kec. Peundeuy,Kab. Garut,Prov. Jawa Barat,44178,-7.548800000000,107.906200000000,SWASTA,A,Ada,Ada,Mata air terlindungi,Kurang
SMAS MUHAMMADIYAH 1 GARUT,20227441,SMA,-,Regol,Kec. Garut Kota,Kab. Garut,Prov. Jawa Barat,44114,-7.217943000000,107.909780000000,SWASTA,A,Ada,Ada,Sumur terlindungi,Cukup
SMAS MUHAMMADIYAH BANYURESMI,20227442,SMA,Kp. Cipicung,Banyuresmi,Kec. Banyuresmi,Kab. Garut,Prov. Jawa Barat,44191,-7.197800000000,107.903000000000,SWASTA,A,Ada,Ada,Sumur terlindungi,Cukup
SMAS MUHAMMADIYAH CIBIUK,20227443,SMA,Cibiuk Kaler,Cibiuk Kaler,Kec. Cibiuk,Kab. Garut,Prov. Jawa Barat,44193,-7.069600000000,107.962900000000,SWASTA,A,Ada,Ada,Sumur terlindungi,Cukup
SMAS MUHAMMADIYAH KADUNGORA,20227445,SMA,SUKASARI,Karangtengah,Kec. Kadungora,Kab. Garut,Prov. Jawa Barat,44153,-7.071800000000,107.899000000000,SWASTA,A,Ada,Ada,Ledeng/PAM,Cukup
SMAS MUHAMMADIYAH PAKENJENG,69849359,SMA,NAGRAK,Pasirlangu,Kec. Pakenjeng,Kab. Garut,Prov. Jawa Barat,44164,-7.455500000000,107.640600000000,SWASTA,B,Ada,Ada,Sumur terlindungi,Kurang
SMAS MUHAMMADIYAH WANARAJA,20274173,SMA,BAYUBUD,Sindangmekar,Kec. Wanaraja,Kab. Garut,Prov. Jawa Barat,44183,-7.187200000000,108.012900000000,SWASTA,A,Ada,Ada,Mata air terlindungi,Cukup
SMAS PASUNDAN GARUT,20227447,SMA,-,Kotakulon,Kec. Garut Kota,Kab. Garut,Prov. Jawa Barat,44112,-7.225208000000,107.905502000000,SWASTA,A,Ada,Ada,Ledeng/PAM,Tidak ada
SMAS PELITA BANGSA,69774710,SMA,Hegarmanah,CARINGIN,Kec. Caringin,Kab. Garut,Prov. Jawa Barat,44168,-7.139300000000,108.053000000000,SWASTA,B,Ada,Ada,Ledeng/PAM,Cukup
SMAS PEMUDA GARUT,20272059,SMA,Kp. Pakuwon,Sukanegla,Kec. Garut Kota,Kab. Garut,Prov. Jawa Barat,44113,-7.264018000000,107.944432000000,SWASTA,B,Ada,Ada,Mata air terlindungi,Cukup
SMAS PERSIS PAKENJENG,20227448,SMA,Pasirwangi,Depok,Kec. Pakenjeng,Kab. Garut,Prov. Jawa Barat,44164,-7.460700000000,107.664600000000,SWASTA,B,Ada,Ada,Sumur terlindungi,Cukup
SMAS PGRI CIBATU,20227450,SMA,Loji,Keresek,Kec. Cibatu,Kab. Garut,Prov. Jawa Barat,44185,-7.100800000000,107.986600000000,SWASTA,A,Ada,Ada,Sumur terlindungi,Cukup
SMAS PGRI GARUT,20227451,SMA,,Haurpanggung,Kec. Tarogong Kidul,Kab. Garut,Prov. Jawa Barat,44151,-7.203700000000,107.906300000000,SWASTA,A,Ada,Ada,Ledeng/PAM,Cukup
SMAS PGRI KURNIA,20227449,SMA,Kurnia,Kersamanah,Kec. Kersamanah,Kab. Garut,Prov. Jawa Barat,44185,-7.052700000000,108.035200000000,SWASTA,A,Ada,Ada,Sumur terlindungi,Cukup
SMAS PLUS AL FURQON CIBIUK,69856919,SMA,Kp Pulobaru,Cibiuk Kaler,Kec. Cibiuk,Kab. Garut,Prov. Jawa Barat,44193,-7.079724000000,107.955462000000,SWASTA,B,Ada,Ada,Ledeng/PAM,Cukup
SMAS PLUS AL-MOENIR BAYONGBONG,69888695,SMA,Kp. Cibodas,Banjarsari,Kec. Bayongbong,Kab. Garut,Prov. Jawa Barat,44162,-7.237300000000,107.833000000000,SWASTA,B,Ada,Ada,Ledeng/PAM,Cukup
SMAS PLUS MARGAWATI GARUT KOTA,20275996,SMA,peundeuy,Margawati,Kec. Garut Kota,Kab. Garut,Prov. Jawa Barat,44113,-7.264018000000,107.944432000000,SWASTA,A,Ada,Ada,Sumur terlindungi,Kurang
SMAS PLUS NURUL IMAN,69760679,SMA,Kp. Galumpit Kidul,Cipancar,Kec. Leles,Kab. Garut,Prov. Jawa Barat,44152,-7.102400000000,107.880900000000,SWASTA,B,Ada,Ada,Sumur terlindungi,Cukup
SMAS PLUS PERSIS PAMEUNGPEUK,69755543,SMA,TEGALGEDE,Jatimulya,Kec. Pameungpeuk,Kab. Garut,Prov. Jawa Barat,44175,-7.611500000000,107.721400000000,SWASTA,B,Ada,Ada,Ledeng/PAM,Cukup
SMAS SETIA BHAKTI CILAWU,20227453,SMA,-,Ngamplang,Kec. Cilawu,Kab. Garut,Prov. Jawa Barat,44181,-7.259900000000,107.904400000000,SWASTA,B,Ada,Ada,Ledeng/PAM,Cukup
SMAS TERPADU BAITUL AMANAH PASIRWANGI,69888696,SMA,Padamulya,Padamulya,Kec. Pasirwangi,Kab. Garut,Prov. Jawa Barat,44161,-7.207704000000,107.762853000000,SWASTA,C,Ada,Tidak ada,Mata air terlindungi,Cukup
SMAS YABAFA PAKENJENG,20269278,SMA,,Neglasari,Kec. Pakenjeng,Kab. Garut,Prov. Jawa Barat,44164,-7.488900000000,107.671000000000,SWASTA,B,Ada,Tidak ada,Pompa,Cukup
SMAS YASHMIKA,69964499,SMA,Pasar Kulon,Mekarsari,Kec. Cikajang,Kab. Garut,Prov. Jawa Barat,44171,-7.336200000000,107.786400000000,SWASTA,B,Ada,Ada,Ledeng/PAM,Cukup
SMAS YASTIC KARANGTENGAH,20209187,SMA,Kp. Negla,Caringin,Kec. Karangtengah,Kab. Garut,Prov. Jawa Barat,44184,-7.095900000000,108.023500000000,SWASTA,A,Ada,Ada,Sumur terlindungi,Cukup
SMAS YKBBB LELES,20227455,SMA,HARUMAN,Haruman,Kec. Leles,Kab. Garut,Prov. Jawa Barat,44152,-7.117000000000,107.896200000000,SWASTA,A,Ada,Ada,Sumur terlindungi,Cukup
SMAS YPI PULOSARI LIMBANGAN,20209186,SMA,-,Cijolang,Kec. Blubur Limbangan,Kab. Garut,Prov. Jawa Barat,44186,-7.040200000000,107.941600000000,SWASTA,A,Ada,Ada,Sumur terlindungi,Cukup
SMAS YPI SUKAWENING,20209184,SMA,-,Pasanggrahan,Kec. Sukawening,Kab. Garut,Prov. Jawa Barat,44184,-7.160900000000,108.007500000000,SWASTA,B,Ada,Ada,Pompa,Cukup
SMA NEGERI 1 CANTIGI,69962245,SMA,DESA PANYINGKIRAN KIDUL,Panyingkiran Kidul,Kec. Cantigi,Kab. Indramayu,Prov. Jawa Barat,45251,-6.350800000000,108.277000000000,NEGERI,A,Ada,Ada,Ledeng/PAM,Cukup
SMA NEGERI 1 GABUSWETAN,69954820,SMA,GABUSKULON,Gabuskulon,Kec. Gabuswetan,Kab. Indramayu,Prov. Jawa Barat,45263,-6.438900000000,108.075600000000,NEGERI,B,Ada,Ada,Pompa,Cukup
SMA NEGERI 1 LELEA,69888854,SMA,TELAGASARI,Telagasari,Kec. Lelea,Kab. Indramayu,Prov. Jawa Barat,45261,-6.504280000000,108.222124000000,NEGERI,B,Ada,Ada,Sumur terlindungi,Cukup
SMA NEGERI 1 SUKRA,69948448,SMA,Dusun Badong,Sukra,Kec. Sukra,Kab. Indramayu,Prov. Jawa Barat,45257,-6.297600000000,107.935400000000,NEGERI,C,Ada,Ada,Pompa,Cukup
SMAN 1 ANJATAN,20215984,SMA,Lempuyang,Lempuyang,Kec. Anjatan,Kab. Indramayu,Prov. Jawa Barat,45256,-6.373800000000,107.957400000000,NEGERI,A,Ada,Ada,Pompa,Kurang
SMAN 1 BONGAS,69768187,SMA,Bongas,Bongas,Kec. Bongas,Kab. Indramayu,Prov. Jawa Barat,45255,-6.390400000000,108.009800000000,NEGERI,A,Ada,Ada,Ledeng/PAM,Cukup
SMAN 1 GANTAR,20252460,SMA,Tanjunggarut,Gantar,Kec. Gantar,Kab. Indramayu,Prov. Jawa Barat,45264,-6.509800000000,107.972400000000,NEGERI,A,Ada,Ada,Sumur terlindungi,Cukup
SMAN 1 HAURGEULIS,20215981,SMA,Sukajadi,Sukajati,Kec. Haurgeulis,Kab. Indramayu,Prov. Jawa Barat,45264,-6.465500000000,107.930600000000,NEGERI,A,Ada,Ada,Pompa,Cukup
SMAN 1 INDRAMAYU,20215980,SMA,-,Pekandangan,Kec. Indramayu,Kab. Indramayu,Prov. Jawa Barat,45216,-6.353600000000,108.323500000000,NEGERI,A,Ada,Ada,Ledeng/PAM,Cukup
SMAN 1 JATIBARANG,20215979,SMA,Blok Sana,Bulak,Kec. Jatibarang,Kab. Indramayu,Prov. Jawa Barat,45273,-6.463500000000,108.313900000000,NEGERI,A,Ada,Ada,Pompa,Cukup
SMAN 1 JUNTINYUAT,20264424,SMA,juntinyuat,Juntinyuat,Kec. Juntinyuat,Kab. Indramayu,Prov. Jawa Barat,45282,-6.429100000000,108.437200000000,NEGERI,A,Ada,Ada,Ledeng/PAM,Cukup
SMAN 1 KANDANGHAUR,20215978,SMA,Anjun,Wirapanjunan,Kec. Kandanghaur,Kab. Indramayu,Prov. Jawa Barat,45254,-6.360700000000,108.113100000000,NEGERI,A,Ada,Ada,Pompa,Cukup
SMAN 1 KEDOKANBUNDER,20264425,SMA,Tengah,Cangkingan,Kec. Kedokan Bunder,Kab. Indramayu,Prov. Jawa Barat,45286,-6.494400000000,108.400400000000,NEGERI,A,Ada,Ada,Ledeng/PAM,Cukup
SMAN 1 KRANGKENG,20215976,SMA,Krangkeng,Krangkeng,Kec. Krangkeng,Kab. Indramayu,Prov. Jawa Barat,45284,-6.496400000000,108.477100000000,NEGERI,A,Ada,Ada,Ledeng/PAM,Cukup
SMAN 1 KROYA,20215975,SMA,-,Temiyang,Kec. Kroya,Kab. Indramayu,Prov. Jawa Barat,45265,-6.497500000000,108.044700000000,NEGERI,A,Ada,Tidak ada,Pompa,Cukup
SMAN 1 LOHBENER,20233752,SMA,-,Lohbener,Kec. Lohbener,Kab. Indramayu,Prov. Jawa Barat,45252,-6.398100000000,108.283600000000,NEGERI,A,Ada,Ada,Ledeng/PAM,Cukup
SMAN 1 LOSARANG,20215974,SMA,LOSARANG,Losarang,Kec. Losarang,Kab. Indramayu,Prov. Jawa Barat,45253,-6.388300000000,108.145400000000,NEGERI,A,Ada,Ada,Pompa,Cukup
SMAN 1 SINDANG,20215991,SMA,SINDANG,Sindang,Kec. Sindang,Kab. Indramayu,Prov. Jawa Barat,45222,-6.329900000000,108.320000000000,NEGERI,A,Ada,Ada,Ledeng/PAM,Cukup
SMAN 1 SLIYEG,20215992,SMA,BLOK KASAB,Sleman Lor,Kec. Sliyeg,Kab. Indramayu,Prov. Jawa Barat,45281,-6.477000000000,108.323100000000,NEGERI,A,Ada,Ada,Ledeng/PAM,Cukup
SMAN 1 SUKAGUMIWANG,20215977,SMA,Blok Jati Suling,GEDANGAN,Kec. Sukagumiwang,Kab. Indramayu,Prov. Jawa Barat,45274,-6.551200000000,108.350000000000,NEGERI,A,Ada,Ada,Ledeng/PAM,Cukup
SMAN 1 TERISI,20215982,SMA,Karangasem,Karangasem,Kec. Terisi,Kab. Indramayu,Prov. Jawa Barat,45262,-6.473700000000,108.173100000000,NEGERI,A,Ada,Ada,Pompa,Cukup
SMAN 1 TUKDANA,20215983,SMA,KARANGKERTA,Karangkerta,Kec. Tukdana,Kab. Indramayu,Prov. Jawa Barat,45276,-6.552400000000,108.280900000000,NEGERI,A,Ada,Ada,Pompa,Cukup
SMAN 2 INDRAMAYU,20215993,SMA,,Lemahmekar,Kec. Indramayu,Kab. Indramayu,Prov. Jawa Barat,45212,-6.334200000000,108.344300000000,NEGERI,A,Ada,Ada,Ledeng/PAM,Cukup
SMA Juara Wirautama,70026791,SMA,,Patrol,Kec. Patrol,Kab. Indramayu,Prov. Jawa Barat,,0.000000000000,0.000000000000,SWASTA,B,Ada,Ada,Ledeng/PAM,Cukup
SMA NU KARANGANYAR,69880471,SMA,Karanganyar,Karanganyar,Kec. Pasekan,Kab. Indramayu,Prov. Jawa Barat,45213,-6.380400000000,108.156900000000,SWASTA,B,Ada,Ada,Ledeng/PAM,Cukup
SMA SAINS AL-QUR`AN AL-ABROR SUKRA,70037137,SMA,,Ujunggebang,Kec. Sukra,Kab. Indramayu,Prov. Jawa Barat,,0.000000000000,0.000000000000,SWASTA,Belum Akreditasi,Ada,Ada,Pompa,Cukup
SMAS AL ISHLAH BOARDING SCHOOL,20216194,SMA,Tajug,Sudimampir,Kec. Balongan,Kab. Indramayu,Prov. Jawa Barat,45285,-6.423400000000,108.366800000000,SWASTA,A,Ada,Ada,Pompa,Cukup
SMAS ASSALAFIAH INDRAMAYU,20216195,SMA,-,Singajaya,Kec. Indramayu,Kab. Indramayu,Prov. Jawa Barat,45218,-6.350100000000,108.355700000000,SWASTA,A,Ada,Ada,Sumur terlindungi,Cukup
SMAS BS MIFTAHUL ULUM TERISI,20246434,SMA,RAJASINGA,Rajasinga,Kec. Terisi,Kab. Indramayu,Prov. Jawa Barat,45262,-6.294100000000,108.911200000000,SWASTA,A,Ada,Ada,Pompa,Cukup
SMAS DARUL FIKRI BUGIS,20216211,SMA,Lungmalang,Bugis,Kec. Anjatan,Kab. Indramayu,Prov. Jawa Barat,45256,-6.390000000000,107.919400000000,SWASTA,B,Ada,Ada,Air sungai,Tidak ada
SMAS DARUSSALAM KANDANGHAUR,20233753,SMA,KERTAWINANGUN,Kertawinangun,Kec. Kandanghaur,Kab. Indramayu,Prov. Jawa Barat,45254,-6.318700000000,108.065100000000,SWASTA,A,Ada,Ada,Sumur terlindungi,Cukup
SMAS ISLAM AT-TAQWA KANDANGHAUR,20216208,SMA,BULAK,Bulak,Kec. Kandanghaur,Kab. Indramayu,Prov. Jawa Barat,45254,-6.354600000000,108.106600000000,SWASTA,B,Ada,Ada,Ledeng/PAM,Cukup
SMAS LINGGAJATI ARAHAN,20233750,SMA,linggajati,Linggajati,Kec. Arahan,Kab. Indramayu,Prov. Jawa Barat,45252,-6.354500000000,108.271500000000,SWASTA,B,Ada,Ada,Ledeng/PAM,Cukup
SMAS MAARIF LOH BENER,20233751,SMA,Legok,Legok,Kec. Lohbener,Kab. Indramayu,Prov. Jawa Barat,45252,-6.414400000000,108.292800000000,SWASTA,A,Ada,Ada,Ledeng/PAM,Cukup
SMAS MUHAMMADIYAH HAURGEULIS,20216207,SMA,HAURGEULIS,Haurgeulis,Kec. Haurgeulis,Kab. Indramayu,Prov. Jawa Barat,45264,-6.459900000000,107.944100000000,SWASTA,B,Ada,Ada,Ledeng/PAM,Cukup
SMAS MUHAMMADIYAH KARANGAMPEL,20216203,SMA,-,Karangampel,Kec. Karangampel,Kab. Indramayu,Prov. Jawa Barat,45283,-6.464100000000,108.452500000000,SWASTA,A,Ada,Ada,Ledeng/PAM,Cukup
SMAS MUHAMMADIYAH SLIYEG,20246451,SMA,Sliyeg lor,Sliyeglor,Kec. Sliyeg,Kab. Indramayu,Prov. Jawa Barat,45281,-6.454400000000,108.354500000000,SWASTA,B,Ada,Ada,Sumur terlindungi,Cukup
SMAS NU DUKUHJATI,20252983,SMA,Dukuhjati,Dukuhjati,Kec. Krangkeng,Kab. Indramayu,Prov. Jawa Barat,45284,-6.506000000000,108.465200000000,SWASTA,B,Ada,Ada,Ledeng/PAM,Cukup
SMAS NU INDRAMAYU,20216202,SMA,Dusun A,Pekandangan,Kec. Indramayu,Kab. Indramayu,Prov. Jawa Barat,45216,-6.355900000000,108.323900000000,SWASTA,A,Ada,Ada,Ledeng/PAM,Cukup
SMAS NU JUNTINYUAT,20216201,SMA,-,Segeran Kidul,Kec. Juntinyuat,Kab. Indramayu,Prov. Jawa Barat,45282,-6.471800000000,108.402200000000,SWASTA,A,Ada,Ada,Sumur terlindungi,Tidak ada
SMAS NU KAPLONGAN,20216200,SMA,Kaplongan,Karangampel,Kec. Karangampel,Kab. Indramayu,Prov. Jawa Barat,45283,-6.476400000000,108.459100000000,SWASTA,A,Ada,Tidak ada,Air sungai,Cukup
SMAS NU SUKRA,20216210,SMA,SUKAJADI,Sukra,Kec. Sukra,Kab. Indramayu,Prov. Jawa Barat,45257,-6.305700000000,107.925200000000,SWASTA,B,Ada,Ada,Pompa,Cukup
SMAS NU TENAJAR KIDUL,69757511,SMA,Tenajar Kidul,Tenajar Kidul,Kec. Kertasemaya,Kab. Indramayu,Prov. Jawa Barat,45274,-6.516500000000,108.351500000000,SWASTA,B,Ada,Ada,Pompa,Cukup
SMAS NU WIDASARI,20216198,SMA,Kongsijaya,Kongsijaya,Kec. Widasari,Kab. Indramayu,Prov. Jawa Barat,45271,-6.470200000000,108.281900000000,SWASTA,A,Ada,Ada,Ledeng/PAM,Cukup
SMAS P MKGR KERTASEMAYA,20216197,SMA,-,Tenajar Lor,Kec. Kertasemaya,Kab. Indramayu,Prov. Jawa Barat,45274,-6.500800000000,108.361000000000,SWASTA,B,Ada,Ada,Sumur terlindungi,Cukup
SMAS PERJUANGAN DWI WARNA,20252154,SMA,kliwed,Kliwed,Kec. Kertasemaya,Kab. Indramayu,Prov. Jawa Barat,45274,-6.516000000000,108.344400000000,SWASTA,B,Ada,Ada,Ledeng/PAM,Cukup
SMAS PGRI 1 SINDANG,20216196,SMA,-,Sindang,Kec. Sindang,Kab. Indramayu,Prov. Jawa Barat,45222,-6.340100000000,108.299000000000,SWASTA,B,Ada,Ada,Ledeng/PAM,Cukup
SMAS PGRI 2 SINDANG,20216175,SMA,SINDANG,Sindang,Kec. Sindang,Kab. Indramayu,Prov. Jawa Barat,45222,-6.333700000000,108.288800000000,SWASTA,A,Ada,Ada,Ledeng/PAM,Cukup
SMAS PGRI GABUS WETAN,20215990,SMA,GABUSWETAN,Gabuskulon,Kec. Gabuswetan,Kab. Indramayu,Prov. Jawa Barat,45263,-6.444600000000,108.047300000000,SWASTA,B,Ada,Ada,Pompa,Cukup
SMAS PGRI PATROL,20215988,SMA,Tiben,Patrol,Kec. Patrol,Kab. Indramayu,Prov. Jawa Barat,45258,-6.315600000000,107.994700000000,SWASTA,B,Ada,Ada,Ledeng/PAM,Cukup
SMAS PUI JATIBARANG,20215987,SMA,jatibarang baru,Jatibarang,Kec. Jatibarang,Kab. Indramayu,Prov. Jawa Barat,45273,-6.481900000000,108.307500000000,SWASTA,B,Ada,Ada,Pompa,Cukup
SMAS YAPIN KERTASEMAYA,20215985,SMA,KECAMATAN,Tulungagung,Kec. Kertasemaya,Kab. Indramayu,Prov. Jawa Barat,45274,-6.539100000000,108.352300000000,SWASTA,B,Ada,Ada,Ledeng/PAM,Cukup
SMAS YSMP CANDRADIMUKA,20216212,SMA,BLOK PREMPU I,Eretan Wetan,Kec. Kandanghaur,Kab. Indramayu,Prov. Jawa Barat,45254,-6.328900000000,108.084100000000,SWASTA,C,Ada,Ada,Ledeng/PAM,Cukup
SMAN 1 BANYUSARI,69964626,SMA,Cicinde 3,Gempol,Kec. Banyusari,Kab. Karawang,Prov. Jawa Barat,41374,-6.303300000000,107.559900000000,NEGERI,A,Ada,Ada,Pompa,Kurang
SMAN 1 BATUJAYA,20237370,SMA,Kutaampel,Kutaampel,Kec. Batujaya,Kab. Karawang,Prov. Jawa Barat,41354,-6.106500000000,107.251600000000,NEGERI,A,Ada,Ada,Ledeng/PAM,Cukup
SMAN 1 CIAMPEL,20237453,SMA,Kebon Kalapa,Kutapohaci,Kec. Ciampel,Kab. Karawang,Prov. Jawa Barat,41361,-6.390800000000,107.362400000000,NEGERI,A,Ada,Ada,Sumur terlindungi,Cukup
SMAN 1 CIBUAYA,69904549,SMA,Tegalamba,Kedungjaya,Kec. Cibuaya,Kab. Karawang,Prov. Jawa Barat,41356,-6.034200000000,107.339500000000,NEGERI,B,Ada,Ada,Pompa,Cukup
SMAN 1 CIKAMPEK,20237371,SMA,-,Jomin Barat,Kec. Kotabaru,Kab. Karawang,Prov. Jawa Barat,41374,-6.421000000000,107.473100000000,NEGERI,A,Ada,Ada,Sumur terlindungi,Cukup
SMAN 1 CILAMAYA,20217784,SMA,Kosbar,Sukatani,Kec. Cilamaya Wetan,Kab. Karawang,Prov. Jawa Barat,41384,-6.228900000000,107.554500000000,NEGERI,A,Ada,Ada,Pompa,Cukup
SMAN 1 JATISARI,20217785,SMA,Sukamaju,Jatisari,Kec. Jatisari,Kab. Karawang,Prov. Jawa Barat,41374,-6.366600000000,107.529200000000,NEGERI,A,Ada,Ada,Pompa,Cukup
SMAN 1 KARAWANG,20217786,SMA,Nagasari,Nagasari,Kec. Karawang Barat,Kab. Karawang,Prov. Jawa Barat,41312,-6.300300000000,107.302000000000,NEGERI,A,Ada,Ada,Pompa,Cukup
SMAN 1 KLARI,20217787,SMA,DUREN,Duren,Kec. Klari,Kab. Karawang,Prov. Jawa Barat,41371,-6.360200000000,107.378200000000,NEGERI,A,Ada,Ada,Pompa,Cukup
SMAN 1 LEMAHABANG,20237376,SMA,Kedawung,Kedawung,Kec. Lemahabang,Kab. Karawang,Prov. Jawa Barat,41383,-6.295833000000,107.436555000000,NEGERI,A,Ada,Ada,Pompa,Cukup
SMAN 1 MAJALAYA,69915810,SMA,Bengle,Bengle,Kec. Majalaya,Kab. Karawang,Prov. Jawa Barat,41355,-6.328200000000,107.351500000000,NEGERI,B,Ada,Ada,Lainnya,Cukup
SMAN 1 PANGKALAN,20237377,SMA,Cintaasih,Cintaasih,Kec. Pangkalan,Kab. Karawang,Prov. Jawa Barat,41362,-6.495500000000,107.218400000000,NEGERI,A,Ada,Ada,Sumur terlindungi,Tidak ada
SMAN 1 PEDES,20217788,SMA,Babakankiara,Kertaraharja,Kec. Pedes,Kab. Karawang,Prov. Jawa Barat,41353,-6.108300000000,107.363900000000,NEGERI,A,Ada,Ada,Pompa,Cukup
SMAN 1 RAWAMERTA,69734347,SMA,Krajan II,Panyingkiran,Kec. Rawamerta,Kab. Karawang,Prov. Jawa Barat,41382,-6.218300000000,107.346700000000,NEGERI,B,Ada,Ada,Pompa,Cukup
SMAN 1 RENGASDENGKLOK,20237379,SMA,KRAJAN 1A,Kutakarya,Kec. Kutawaluya,Kab. Karawang,Prov. Jawa Barat,41358,-6.243800000000,107.318500000000,NEGERI,A,Ada,Ada,Pompa,Tidak ada
SMAN 1 TEGALWARU,69915817,SMA,Cintalanggeng,Cintalanggeng,Kec. Tegalwaru,Kab. Karawang,Prov. Jawa Barat,41362,-6.506900000000,107.225400000000,NEGERI,B,Ada,Ada,Sumur terlindungi,Kurang
SMAN 1 TELAGASARI,20217781,SMA,RAWASARI,Talagamulya,Kec. Telagasari,Kab. Karawang,Prov. Jawa Barat,41381,-6.289300000000,107.393400000000,NEGERI,A,Ada,Ada,Pompa,Cukup
SMAN 1 TELUKJAMBE,20217780,SMA,Sirnabaya,Sirnabaya,Kec. Teluk Jambe Timur,Kab. Karawang,Prov. Jawa Barat,41361,-6.324100000000,107.305400000000,NEGERI,A,Ada,Ada,Pompa,Cukup
SMAN 1 TELUKJAMBE BARAT,69734348,SMA,Wanasari,Wanasari,Kec. Teluk Jambe Barat,Kab. Karawang,Prov. Jawa Barat,41361,-6.361700000000,107.233600000000,NEGERI,B,Ada,Ada,Ledeng/PAM,Kurang
SMAN 1 TEMPURAN,20217762,SMA,Pagadungan,Pagadungan,Kec. Tempuran,Kab. Karawang,Prov. Jawa Barat,41385,-6.188800000000,107.453200000000,NEGERI,A,Ada,Ada,Pompa,Cukup
SMAN 1 TIRTAJAYA,69964922,SMA,Sumurjaya,Sumurlaban,Kec. Tirtajaya,Kab. Karawang,Prov. Jawa Barat,41357,-6.098809000000,107.253053000000,NEGERI,A,Ada,Ada,Ledeng/PAM,Cukup
SMAN 2 CIKAMPEK,20247316,SMA,POPONCOL,Dawuan Tengah,Kec. Cikampek,Kab. Karawang,Prov. Jawa Barat,41373,-6.401500000000,107.431700000000,NEGERI,A,Ada,Ada,Pompa,Cukup
SMAN 2 KARAWANG,20217763,SMA,Krajan,Palumbonsari,Kec. Karawang Timur,Kab. Karawang,Prov. Jawa Barat,41351,-6.292300000000,107.329800000000,NEGERI,A,Ada,Ada,Pompa,Cukup
SMAN 2 KLARI,69915809,SMA,Duren,Duren,Kec. Klari,Kab. Karawang,Prov. Jawa Barat,41371,-6.361677000000,107.374067000000,NEGERI,B,Ada,Ada,Pompa,Cukup
SMAN 2 TELUKJAMBE TIMUR,69915815,SMA,Sukaluyu,Sukaluyu,Kec. Teluk Jambe Timur,Kab. Karawang,Prov. Jawa Barat,41361,-6.334200000000,107.282000000000,NEGERI,B,Ada,Ada,Ledeng/PAM,Cukup
SMAN 3 CIKAMPEK,69915812,SMA,Dawuan Timur,Dawuan Timur,Kec. Cikampek,Kab. Karawang,Prov. Jawa Barat,41373,-6.382200000000,107.450200000000,NEGERI,A,Ada,Ada,Pompa,Cukup
SMAN 3 KARAWANG,20217764,SMA,Karangpawitan,Karangpawitan,Kec. Karawang Barat,Kab. Karawang,Prov. Jawa Barat,41315,-6.296100000000,107.298100000000,NEGERI,A,Ada,Ada,Pompa,Cukup
SMAN 4 KARAWANG,20217765,SMA,Jatirasa Timur,Karangpawitan,Kec. Karawang Barat,Kab. Karawang,Prov. Jawa Barat,41315,-6.300200000000,107.300600000000,NEGERI,A,Ada,Ada,Sumur terlindungi,Cukup
SMAN 5 KARAWANG,20237386,SMA,guro 2,Karawang Wetan,Kec. Karawang Timur,Kab. Karawang,Prov. Jawa Barat,41314,-6.303900000000,107.306700000000,NEGERI,A,Ada,Ada,Pompa,Cukup
SMAN 6 KARAWANG,69904548,SMA,-,Karangpawitan,Kec. Karawang Barat,Kab. Karawang,Prov. Jawa Barat,41315,-6.291900000000,107.298300000000,NEGERI,B,Ada,Ada,Pompa,Cukup
SMA AL QURAN NURHASANAT,69958816,SMA,Qatar,Jatiragas,Kec. Jatisari,Kab. Karawang,Prov. Jawa Barat,41374,-6.360500000000,107.540300000000,SWASTA,B,Ada,Ada,Sumur terlindungi,Cukup
SMA BAITUL ULYA BOARDING SCHOOL,70047499,SMA,Lemahmulya,Lemahmulya,Kec. Majalaya,Kab. Karawang,Prov. Jawa Barat,41388,0.000000000000,0.000000000000,SWASTA,Belum Akreditasi,Ada,Ada,Pompa,Cukup
SMA ISLAM AL AZHAR 17 GALUH MAS KARAWANG,69989078,SMA,,Puseurjaya,Kec. Teluk Jambe Timur,Kab. Karawang,Prov. Jawa Barat,41361,-6.333592500000,107.296569200000,SWASTA,A,Ada,Ada,Ledeng/PAM,Cukup
SMA Islam Teladan Al Irsyad Al Islamiyyah,70025263,SMA,Karawang Barat,Karawang Kulon,Kec. Karawang Barat,Kab. Karawang,Prov. Jawa Barat,41311,-6.304200000000,107.289700000000,SWASTA,A,Ada,Ada,Air kemasan,Cukup
SMA ISLAM TERPADU HARAPAN UMAT KARAWANG,69947172,SMA,Pakuncen,Sukaharja,Kec. Teluk Jambe Timur,Kab. Karawang,Prov. Jawa Barat,41361,-6.314900000000,107.292100000000,SWASTA,A,Ada,Ada,Pompa,Cukup
SMA Islam Terpadu Kharisma Darussalam,70024784,SMA,Jomin Timur,Jomin Timur,Kec. Kotabaru,Kab. Karawang,Prov. Jawa Barat,41374,-6.419500000000,107.483200000000,SWASTA,B,Ada,Ada,Pompa,Kurang
SMA ISLAM TERPADU MENTARI ILMU KARAWANG,69947206,SMA,Wadas,Wadas,Kec. Teluk Jambe Timur,Kab. Karawang,Prov. Jawa Barat,41361,-6.323600000000,107.275200000000,SWASTA,A,Ada,Ada,Pompa,Cukup
SMA IT INSAN HARAPAN,70036284,SMA,Sindang Palay,Pasirmukti,Kec. Telagasari,Kab. Karawang,Prov. Jawa Barat,41382,0.000000000000,0.000000000000,SWASTA,Belum Akreditasi,Ada,Ada,Pompa,Cukup
SMA RAUDHATUL IRFAN,70036745,SMA,,Kutawargi,Kec. Rawamerta,Kab. Karawang,Prov. Jawa Barat,,-6.259000000000,107.365700000000,SWASTA,Belum Akreditasi,Ada,Ada,Pompa,Cukup
SMA TUNAS DHARMA,69957259,SMA,Gempol Motor,Tanjungpura,Kec. Karawang Barat,Kab. Karawang,Prov. Jawa Barat,41316,-6.297033000000,107.289054000000,SWASTA,A,Ada,Ada,Pompa,Cukup
SMAS AL KHOLIDIYAH,20237361,SMA,Cibogo.,Margamulya,Kec. Teluk Jambe Barat,Kab. Karawang,Prov. Jawa Barat,41362,-6.355000000000,107.257000000000,SWASTA,B,Ada,Ada,Sumur terlindungi,Cukup
SMAS ANWARUL HIDAYAH,20246722,SMA,BUGIS SELATAN,Tanahbaru,Kec. Pakisjaya,Kab. Karawang,Prov. Jawa Barat,41355,-6.043300000000,107.126200000000,SWASTA,A,Ada,Tidak ada,Sumur terlindungi,Cukup
SMAS AT TAUBAH,69734349,SMA,Kiaralawang,Tirtasari,Kec. Tirtamulya,Kab. Karawang,Prov. Jawa Barat,41372,-6.340000000000,107.436800000000,SWASTA,B,Ada,Ada,Pompa,Cukup
SMAS BHINNEKA KARAWANG,20237362,SMA,-,Karawang Kulon,Kec. Karawang Barat,Kab. Karawang,Prov. Jawa Barat,41311,-6.304600000000,107.292600000000,SWASTA,A,Ada,Ada,Pompa,Cukup
SMAS BUDI MULIA,20237363,SMA,Ciherang,Wadas,Kec. Teluk Jambe Timur,Kab. Karawang,Prov. Jawa Barat,41361,-6.337132200000,107.277215400000,SWASTA,A,Ada,Ada,Pompa,Cukup
SMAS ISLAM NURUSSALAM,20237387,SMA,BABAKAN,Medangasem,Kec. Jayakerta,Kab. Karawang,Prov. Jawa Barat,41352,-6.108800000000,107.272100000000,SWASTA,A,Ada,Ada,Ledeng/PAM,Cukup
SMAS KORPRI KARAWANG,20237366,SMA,-,Karangpawitan,Kec. Karawang Barat,Kab. Karawang,Prov. Jawa Barat,41315,-6.297000000000,107.301000000000,SWASTA,A,Ada,Ada,Pompa,Cukup
SMAS KOSGORO KARAWANG,20265273,SMA,Karang Indah,Karangpawitan,Kec. Karawang Barat,Kab. Karawang,Prov. Jawa Barat,41315,-6.295600000000,107.297500000000,SWASTA,B,Ada,Ada,Pompa,Cukup
SMAS MATHLA UL ANWAR,20265274,SMA,KRAJAN II,Telukambulu,Kec. Batujaya,Kab. Karawang,Prov. Jawa Barat,41354,-6.076000000000,107.189700000000,SWASTA,A,Ada,Ada,Ledeng/PAM,Cukup
SMAS MUHAMMADIYAH KARAWANG,20237369,SMA,Kaum I,Adiarsa Timur,Kec. Karawang Timur,Kab. Karawang,Prov. Jawa Barat,41311,-6.310200000000,107.291700000000,SWASTA,B,Ada,Ada,Pompa,Cukup
SMAS PAMOR,20253340,SMA,-,Cikampek Selatan,Kec. Cikampek,Kab. Karawang,Prov. Jawa Barat,41373,-6.405400000000,107.452100000000,SWASTA,A,Ada,Ada,Pompa,Cukup
SMAS PGRI CIKAMPEK,20237389,SMA,SUKAMULYA,Jomin Barat,Kec. Kotabaru,Kab. Karawang,Prov. Jawa Barat,41373,-6.415800000000,107.477000000000,SWASTA,A,Ada,Ada,Pompa,Kurang
SMAS SLAMET RIYADI,20252842,SMA,Purwadana,Purwadana,Kec. Teluk Jambe Timur,Kab. Karawang,Prov. Jawa Barat,41361,-6.294000000000,107.269300000000,SWASTA,A,Ada,Ada,Sumur terlindungi,Cukup
SMAS YOS SUDARSO,20265284,SMA,-,Nagasari,Kec. Karawang Barat,Kab. Karawang,Prov. Jawa Barat,41312,-6.308900000000,107.293900000000,SWASTA,A,Ada,Ada,Sumur terlindungi,Cukup
SMA NEGERI 1 CIAWIGEBANG,20212939,SMA,Puhun,Ciawigebang,Kec. Ciawigebang,Kab. Kuningan,Prov. Jawa Barat,45591,-6.974000000000,108.589400000000,NEGERI,A,Ada,Tidak ada,Sumur terlindungi,Cukup
SMA NEGERI 1 CIBINGBIN,20212954,SMA,Sukasari,Sukamaju,Kec. Cibingbin,Kab. Kuningan,Prov. Jawa Barat,45587,-7.055800000000,108.750200000000,NEGERI,A,Ada,Ada,Ledeng/PAM,Cukup
SMA NEGERI 1 CIDAHU,20212953,SMA,MANIS,Cidahu,Kec. Cidahu,Kab. Kuningan,Prov. Jawa Barat,45595,-6.981000000000,108.645800000000,NEGERI,A,Ada,Ada,Ledeng/PAM,Cukup
SMA NEGERI 1 CIGUGUR,20212938,SMA,Gibug,Cigadung,Kec. Cigugur,Kab. Kuningan,Prov. Jawa Barat,45552,-6.982600000000,108.462700000000,NEGERI,A,Ada,Ada,Sumur terlindungi,Kurang
SMA NEGERI 1 CILIMUS,20212937,SMA,Pon,Cilimus,Kec. Cilimus,Kab. Kuningan,Prov. Jawa Barat,45556,-6.874800000000,108.498400000000,NEGERI,A,Ada,Ada,Ledeng/PAM,Cukup
SMA NEGERI 1 CINIRU,20212949,SMA,Buyut Saur,Ciniru,Kec. Ciniru,Kab. Kuningan,Prov. Jawa Barat,45565,-7.045100000000,108.498700000000,NEGERI,A,Ada,Ada,Ledeng/PAM,Cukup
SMA NEGERI 1 CIWARU,20212950,SMA,PABUARAN,Lingga Jaya,Kec. Ciwaru,Kab. Kuningan,Prov. Jawa Barat,45583,-7.086200000000,108.641200000000,NEGERI,A,Ada,Ada,Sumur terlindungi,Cukup
SMA NEGERI 1 DARMA,20253827,SMA,Pahing,Cipasung,Kec. Darma,Kab. Kuningan,Prov. Jawa Barat,45562,-7.018000000000,108.392800000000,NEGERI,A,Ada,Ada,Ledeng/PAM,Cukup
SMA NEGERI 1 GARAWANGI,20212951,SMA,Lapang,Karamatwangi,Kec. Garawangi,Kab. Kuningan,Prov. Jawa Barat,45571,-6.999800000000,108.542100000000,NEGERI,A,Ada,Ada,Ledeng/PAM,Cukup
SMA NEGERI 1 JALAKSANA,20212963,SMA,Satu,Padamenak,Kec. Jalaksana,Kab. Kuningan,Prov. Jawa Barat,45554,-6.917400000000,108.491000000000,NEGERI,A,Ada,Ada,Sumur terlindungi,Cukup
SMA NEGERI 1 KADUGEDE,20212962,SMA,PAHING,Kadugede,Kec. Kadugede,Kab. Kuningan,Prov. Jawa Barat,45561,-7.004900000000,108.450600000000,NEGERI,A,Ada,Ada,Ledeng/PAM,Cukup
SMA NEGERI 1 KUNINGAN,20212961,SMA,Lamepayung,Kuningan,Kec. Kuningan,Kab. Kuningan,Prov. Jawa Barat,45511,-6.977800000000,108.482300000000,NEGERI,A,Ada,Ada,Sumur terlindungi,Cukup
SMA NEGERI 1 LEBAKWANGI,20212960,SMA,Puhun,Cinagara,Kec. Lebakwangi,Kab. Kuningan,Prov. Jawa Barat,45574,-7.027600000000,108.585800000000,NEGERI,A,Ada,Ada,Sumur terlindungi,Cukup
SMA NEGERI 1 LURAGUNG,20212959,SMA,RAHAYU,CIRAHAYU,Kec. Luragung,Kab. Kuningan,Prov. Jawa Barat,45581,-7.014100000000,108.620400000000,NEGERI,A,Ada,Ada,Ledeng/PAM,Cukup
SMA NEGERI 1 MANDIRANCAN,20212958,SMA,-,Mandirancan,Kec. Mandirancan,Kab. Kuningan,Prov. Jawa Barat,45558,-6.816200000000,108.473000000000,NEGERI,A,Ada,Ada,Pompa,Cukup
SMA NEGERI 1 PASAWAHAN,20246367,SMA,Kliwon,Pasawahan,Kec. Pasawahan,Kab. Kuningan,Prov. Jawa Barat,45559,-6.809900000000,108.434000000000,NEGERI,A,Ada,Ada,Mata air terlindungi,Cukup
SMA NEGERI 1 SUBANG,20212957,SMA,Manis,Subang,Kec. Subang,Kab. Kuningan,Prov. Jawa Barat,45586,-7.129400000000,108.525300000000,NEGERI,A,Ada,Ada,Sumur terlindungi,Cukup
SMA NEGERI 2 KUNINGAN,20212956,SMA,Lamepayung,Kuningan,Kec. Kuningan,Kab. Kuningan,Prov. Jawa Barat,45511,-6.979300000000,108.485300000000,NEGERI,A,Ada,Ada,Ledeng/PAM,Cukup
SMA NEGERI 3 KUNINGAN,20212955,SMA,-,Kuningan,Kec. Kuningan,Kab. Kuningan,Prov. Jawa Barat,45511,-6.976700000000,108.483900000000,NEGERI,A,Ada,Ada,Ledeng/PAM,Cukup
SMA AINURRAFIQ,20212946,SMA,03,Panawuan,Kec. Cigandamekar,Kab. Kuningan,Prov. Jawa Barat,45556,-6.880700000000,108.498600000000,SWASTA,A,Ada,Ada,Mata air terlindungi,Cukup
SMA BINAUL UMMAH,20270923,SMA,-,Cipari,Kec. Cigugur,Kab. Kuningan,Prov. Jawa Barat,45552,-6.963800000000,108.467400000000,SWASTA,A,Ada,Ada,Mata air terlindungi,Cukup
SMA ISLAM PLUS BAITUSSALAM KUNINGAN,70039210,SMA,CIKEDUNG,Cirendang,Kec. Kuningan,Kab. Kuningan,Prov. Jawa Barat,45511,0.000000000000,0.000000000000,SWASTA,Belum Akreditasi,Ada,Tidak ada,Sumur terlindungi,Cukup
SMA ISLAM TERPADU AL-MULTAZAM 2 LINGGAJATI,69992708,SMA,Linggajati,Linggajati,Kec. Cilimus,Kab. Kuningan,Prov. Jawa Barat,45549,-6.895969700000,108.457426900000,SWASTA,A,Ada,Ada,Ledeng/PAM,Cukup
SMA ISLAM TERPADU AN-NUR DUKUHDALEM,69944155,SMA,Dukuh,Dukuhdalem,Kec. Ciawigebang,Kab. Kuningan,Prov. Jawa Barat,45591,-6.972972300000,108.587229900000,SWASTA,A,Ada,Ada,Sumur terlindungi,Cukup
SMA IT AL-HUDA,70040372,SMA,Dusun II Blok Cipetir,Kertawangunan,Kec. Sindangagung,Kab. Kuningan,Prov. Jawa Barat,45573,0.000000000000,0.000000000000,SWASTA,Belum Akreditasi,Ada,Ada,Pompa,Cukup
SMA IT Al-Kautsar,70027600,SMA,Kliwon,Bayuning,Kec. Kadugede,Kab. Kuningan,Prov. Jawa Barat,45561,-6.993991700000,108.442010200000,SWASTA,B,Ada,Ada,Mata air terlindungi,Cukup
SMA IT AL-MULTAZAM,20252882,SMA,Satu,Maniskidul,Kec. Jalaksana,Kab. Kuningan,Prov. Jawa Barat,45554,-6.910200000000,108.483500000000,SWASTA,A,Ada,Ada,Sumur terlindungi,Cukup
SMA IT DARUL HUDA,70041954,SMA,Kliwon,Purwasari,Kec. Garawangi,Kab. Kuningan,Prov. Jawa Barat,45571,0.000000000000,0.000000000000,SWASTA,Belum Akreditasi,Ada,Ada,Sumur terlindungi,Cukup
SMA IT MANBA`UL HUDA,70032333,SMA,dusun wage,Sidaraja,Kec. Ciawigebang,Kab. Kuningan,Prov. Jawa Barat,45591,0.000000000000,0.000000000000,SWASTA,Belum Akreditasi,Ada,Ada,Sumur terlindungi,Cukup
SMA PUI CIWEDUS TIMBANG,20212940,SMA,I,Timbang,Kec. Cigandamekar,Kab. Kuningan,Prov. Jawa Barat,45556,-6.878600000000,108.515100000000,SWASTA,A,Ada,Ada,Sumur terlindungi,Cukup
SMAS ITUS JALAKSANA,20247295,SMA,Kliwon,Peusing,Kec. Jalaksana,Kab. Kuningan,Prov. Jawa Barat,45554,-6.901800000000,108.474300000000,SWASTA,A,Ada,Ada,Mata air terlindungi,Cukup
SMAS MANBAUL ULUM,20212943,SMA,PARENCA,Silebu,Kec. Pancalang,Kab. Kuningan,Prov. Jawa Barat,45557,-6.869300000000,108.532300000000,SWASTA,A,Ada,Ada,Sumur terlindungi,Cukup
SMAN 1 BANTARUJEG,20213887,SMA,Cigedang,Bantarujeg,Kec. Bantarujeg,Kab. Majalengka,Prov. Jawa Barat,45464,-6.974300000000,108.238300000000,NEGERI,A,Ada,Ada,Sumur terlindungi,Cukup
SMAN 1 CIKIJING,20213873,SMA,Malongpong,Sukasari,Kec. Cikijing,Kab. Majalengka,Prov. Jawa Barat,45466,-7.028400000000,108.343600000000,NEGERI,A,Ada,Ada,Sumur terlindungi,Cukup
SMAN 1 JATITUJUH,20213884,SMA,BOJONG DANU,Jatitujuh,Kec. Jatitujuh,Kab. Majalengka,Prov. Jawa Barat,45458,-6.657700000000,108.226600000000,NEGERI,A,Ada,Ada,Pompa,Cukup
SMAN 1 JATIWANGI,20213885,SMA,-,Loji,Kec. Jatiwangi,Kab. Majalengka,Prov. Jawa Barat,45454,-6.726500000000,108.274300000000,NEGERI,A,Ada,Ada,Sumur terlindungi,Cukup
SMAN 1 KADIPATEN,20213897,SMA,Liangjulang,Liangjulang,Kec. Kadipaten,Kab. Majalengka,Prov. Jawa Barat,45452,-6.772400000000,108.173500000000,NEGERI,A,Ada,Ada,Ledeng/PAM,Cukup
SMAN 1 KASOKANDEL,20213883,SMA,Babakan Indah,Kasokandel,Kec. Kasokandel,Kab. Majalengka,Prov. Jawa Barat,45453,-6.755600000000,108.206500000000,NEGERI,A,Ada,Ada,Sumur terlindungi,Cukup
SMAN 1 LEUWIMUNDING,20213896,SMA,Blok Rabu,Leuwimunding,Kec. Leuwimunding,Kab. Majalengka,Prov. Jawa Barat,45473,-6.733200000000,108.347900000000,NEGERI,A,Ada,Ada,Sumur terlindungi,Cukup
SMAN 1 LIGUNG,20213895,SMA,BLOK JUM'AT,Ligung,Kec. Ligung,Kab. Majalengka,Prov. Jawa Barat,45456,-6.652100000000,108.279300000000,NEGERI,A,Ada,Ada,Pompa,Cukup
SMAN 1 MAJA,20213894,SMA,-,Maja Selatan,Kec. Maja,Kab. Majalengka,Prov. Jawa Barat,45461,-6.889900000000,108.303900000000,NEGERI,A,Ada,Ada,Ledeng/PAM,Cukup
SMAN 1 MAJALENGKA,20213893,SMA,Kelurahan Majalengka Kulon,Majalengka Kulon,Kec. Majalengka,Kab. Majalengka,Prov. Jawa Barat,45418,-6.833720000000,108.217921700000,NEGERI,A,Ada,Ada,Ledeng/PAM,Cukup
SMAN 1 RAJAGALUH,20213886,SMA,-,Rajagaluh Lor,Kec. Rajagaluh,Kab. Majalengka,Prov. Jawa Barat,45472,-6.776700000000,108.341900000000,NEGERI,A,Ada,Tidak ada,Ledeng/PAM,Cukup
SMAN 1 SINDANGWANGI,20258140,SMA,Sinapeul,Jerukleueut,Kec. Sindangwangi,Kab. Majalengka,Prov. Jawa Barat,45474,-6.777800000000,108.382800000000,NEGERI,A,Ada,Ada,Ledeng/PAM,Cukup
SMAN 1 SUKAHAJI,20213892,SMA,-,Cikalong,Kec. Sukahaji,Kab. Majalengka,Prov. Jawa Barat,45471,-6.818700000000,108.282700000000,NEGERI,A,Ada,Ada,Ledeng/PAM,Kurang
SMAN 1 SUMBERJAYA,20247182,SMA,Desa Rancaputat,Rancaputat,Kec. Sumberjaya,Kab. Majalengka,Prov. Jawa Barat,45455,-6.703000000000,108.349900000000,NEGERI,A,Ada,Ada,Pompa,Cukup
SMAN 1 TALAGA,20213891,SMA,-,Ganeas,Kec. Talaga,Kab. Majalengka,Prov. Jawa Barat,45463,-6.985100000000,108.318600000000,NEGERI,A,Ada,Ada,Mata air terlindungi,Cukup
SMAN 2 MAJALENGKA,20213889,SMA,Majalengka Kulon,Majalengka Kulon,Kec. Majalengka,Kab. Majalengka,Prov. Jawa Barat,45418,-6.835800000000,108.228983300000,NEGERI,A,Ada,Ada,Sumur terlindungi,Cukup
SMA IT AL-MANSHUR,70040089,SMA,Mekarsari,Malausma,Kec. Malausma,Kab. Majalengka,Prov. Jawa Barat,45469,-7.029500000000,108.242800000000,SWASTA,Belum Akreditasi,Ada,Ada,Mata air terlindungi,Kurang
SMA IT AR - RAHMAN,70035731,SMA,Mawarsari,Gandasari,Kec. Kasokandel,Kab. Majalengka,Prov. Jawa Barat,45451,-6.758100000000,108.199600000000,SWASTA,A,Ada,Ada,Pompa,Cukup
SMA IT NURUL BAROKAH,69892332,SMA,NGALAMBANG,Kancana,Kec. Cikijing,Kab. Majalengka,Prov. Jawa Barat,45466,-6.983100000000,108.365700000000,SWASTA,B,Ada,Ada,Mata air terlindungi,Cukup
SMA NURUL FAJRI,69900793,SMA,Weragati,Weragati,Kec. Palasah,Kab. Majalengka,Prov. Jawa Barat,45475,-6.766500000000,108.296000000000,SWASTA,B,Ada,Ada,Sumur terlindungi,Cukup
SMA PLUS AT-TADZKIR,70041317,SMA,Sukamandi,Pasanggrahan,Kec. Maja,Kab. Majalengka,Prov. Jawa Barat,45461,0.003900000000,0.000300000000,SWASTA,Belum Akreditasi,Ada,Ada,Ledeng/PAM,Cukup
SMA PRAKARYA SINDANG,20213874,SMA,Santi Asromo,Pasirayu,Kec. Sindang,Kab. Majalengka,Prov. Jawa Barat,45471,-6.849800000000,108.302400000000,SWASTA,A,Ada,Ada,Sumur terlindungi,Cukup
SMAS AL MIZAN JATIWANGI,20247179,SMA,03,Ciborelang,Kec. Jatiwangi,Kab. Majalengka,Prov. Jawa Barat,45454,-6.726000000000,108.273300000000,SWASTA,A,Ada,Ada,Sumur terlindungi,Cukup
SMAS DAARUL AMANAH,20247180,SMA,Andansari Desa Singawada,Singawada,Kec. Rajagaluh,Kab. Majalengka,Prov. Jawa Barat,45472,-6.795300000000,108.350300000000,SWASTA,A,Ada,Ada,Pompa,Cukup
SMAS PGRI 1 MAJALENGKA,20213877,SMA,-,Majalengka Kulon,Kec. Majalengka,Kab. Majalengka,Prov. Jawa Barat,45418,-6.832200000000,108.210300000000,SWASTA,A,Ada,Ada,Sumur terlindungi,Cukup
SMA NEGERI 1 CIGUGUR,70001826,SMA,Cigugur,DESA CIGUGUR,KEC. CIGUGUR,Kab. Pangandaran,Prov. Jawa Barat,46392,-7.636100000000,108.422100000000,NEGERI,B,Ada,Ada,Ledeng/PAM,Cukup
SMAN 1 LANGKAPLANCAR,20251847,SMA,CIBEUREUM,DESA CIMANGGU,KEC. LANGKAPLANCAR,Kab. Pangandaran,Prov. Jawa Barat,46391,-7.502700000000,108.421600000000,NEGERI,A,Ada,Ada,Sumur terlindungi,Cukup
SMAN 1 MANGUNJAYA,20211503,SMA,MANGUNJAYA,DESA MANGUNJAYA,KEC. MANGUNJAYA,Kab. Pangandaran,Prov. Jawa Barat,46371,-7.490400000000,108.698100000000,NEGERI,A,Ada,Ada,Pompa,Kurang
SMAN 1 PANGANDARAN,20211506,SMA,KAMURANG,DESA BABAKAN,KEC. PANGANDARAN,Kab. Pangandaran,Prov. Jawa Barat,46396,-7.676700000000,108.674900000000,NEGERI,A,Ada,Ada,Sumur terlindungi,Cukup
SMAN 1 PARIGI,20211508,SMA,BOJONGSALAWE,DESA KARANGJALADRI,KEC. PARIGI,Kab. Pangandaran,Prov. Jawa Barat,46393,-7.707100000000,108.496700000000,NEGERI,A,Ada,Ada,Sumur terlindungi,Cukup
SMA INFORMATIKA NURUL BAYAN,69995692,SMA,Cidadap,DESA CIMERAK,KEC. CIMERAK,Kab. Pangandaran,Prov. Jawa Barat,46395,-7.749400000000,108.430000000000,SWASTA,A,Ada,Ada,Pompa,Cukup
SMA KSATRIA NUSANTARA PADAHERANG,69935515,SMA,PATINGGEN 2,DESA KARANGPAWITAN,KEC. PADAHERANG,Kab. Pangandaran,Prov. Jawa Barat,46384,-7.543400000000,108.695200000000,SWASTA,A,Ada,Ada,Sumur terlindungi,Cukup
SMAS MUHAMMADIYAH PANGANDARAN,20211560,SMA,KARANG SARI,DESA PANANJUNG,KEC. PANGANDARAN,Kab. Pangandaran,Prov. Jawa Barat,46396,-7.680000000000,108.644800000000,SWASTA,A,Ada,Ada,Sumur terlindungi,Cukup
SMAN 1 BUNGURSARI,20217461,SMA,-,Bungursari,Kec. Bungursari,Kab. Purwakarta,Prov. Jawa Barat,41181,-6.478600000000,107.479300000000,NEGERI,A,Ada,Ada,Sumur terlindungi,Cukup
SMAN 1 CAMPAKA,20254043,SMA,Campaka,Campaka,Kec. Campaka,Kab. Purwakarta,Prov. Jawa Barat,41181,-6.510300000000,107.484400000000,NEGERI,A,Ada,Ada,Sumur terlindungi,Cukup
SMAN 1 CIBATU,20217479,SMA,-,Cibatu,Kec. Cibatu,Kab. Purwakarta,Prov. Jawa Barat,41183,-6.502100000000,107.533700000000,NEGERI,A,Ada,Ada,Sumur terlindungi,Cukup
SMAN 1 DARANGDAN,20217408,SMA,III,Sawit,Kec. Darangdan,Kab. Purwakarta,Prov. Jawa Barat,41163,-6.698500000000,107.447300000000,NEGERI,A,Ada,Ada,Sumur terlindungi,Cukup
SMAN 1 JATILUHUR,20217338,SMA,-,Bunder,Kec. Jatiluhur,Kab. Purwakarta,Prov. Jawa Barat,41152,-6.559100000000,107.428500000000,NEGERI,A,Ada,Ada,Ledeng/PAM,Cukup
SMAN 1 MANIIS,20251911,SMA,Sinargalih,Sinargalih,Kec. Maniis,Kab. Purwakarta,Prov. Jawa Barat,41166,-6.706900000000,107.313300000000,NEGERI,B,Ada,Ada,Sumur terlindungi,Tidak ada
SMAN 1 PASAWAHAN,20229746,SMA,Kp. Sukamaju,Pasawahan,Kec. Pasawahan,Kab. Purwakarta,Prov. Jawa Barat,41172,-6.586800000000,107.474900000000,NEGERI,A,Ada,Ada,Sumur terlindungi,Kurang
SMAN 1 PLERED,69848997,SMA,Cibogohilir,Cibogohilir,Kec. Plered,Kab. Purwakarta,Prov. Jawa Barat,41162,-6.652400000000,107.393800000000,NEGERI,B,Ada,Ada,Sumur terlindungi,Cukup
SMAN 1 PURWAKARTA,20217357,SMA,-,Nagrikidul,Kec. Purwakarta,Kab. Purwakarta,Prov. Jawa Barat,41111,-6.560400000000,107.447300000000,NEGERI,A,Ada,Ada,Ledeng/PAM,Cukup
SMAN 1 SUKASARI,20229747,SMA,CIKAHURIPAN,Kertamanah,Kec. Sukasari,Kab. Purwakarta,Prov. Jawa Barat,41153,-6.538300000000,107.294100000000,NEGERI,B,Ada,Ada,Pompa,Cukup
SMAN 1 SUKATANI,20217358,SMA,Sukatani,Sukatani,Kec. Sukatani,Kab. Purwakarta,Prov. Jawa Barat,41167,-6.613500000000,107.411300000000,NEGERI,A,Ada,Ada,Sumur terlindungi,Cukup
SMAN 1 TEGALWARU,20217359,SMA,-,Warungjeruk,Kec. Tegalwaru,Kab. Purwakarta,Prov. Jawa Barat,41165,-6.653700000000,107.329000000000,NEGERI,A,Ada,Ada,Pompa,Kurang
SMAN 1 WANAYASA,20217360,SMA,Pameungpeuk,Wanasari,Kec. Wanayasa,Kab. Purwakarta,Prov. Jawa Barat,41174,-6.665200000000,107.548800000000,NEGERI,A,Ada,Ada,Sumur terlindungi,Kurang
SMAN 2 PURWAKARTA,20217361,SMA,Ciseureuh,Ciseureuh,Kec. Purwakarta,Kab. Purwakarta,Prov. Jawa Barat,41118,-6.513900000000,107.465600000000,NEGERI,A,Ada,Ada,Pompa,Cukup
SMAN 2 SUKATANI,69858458,SMA,,Panyindangan,Kec. Sukatani,Kab. Purwakarta,Prov. Jawa Barat,41167,-6.577000000000,107.351600000000,NEGERI,C,Ada,Ada,Sumur terlindungi,Cukup
SMAN 3 PURWAKARTA,20217363,SMA,Nagri Kaler,Nagrikaler,Kec. Purwakarta,Kab. Purwakarta,Prov. Jawa Barat,41115,-6.542200000000,107.439200000000,NEGERI,A,Ada,Ada,Pompa,Cukup
SMAN BABAKANCIKAO,69849088,SMA,Kp. Hegarmanah,Hegarmanah,Kec. Babakancikao,Kab. Purwakarta,Prov. Jawa Barat,41151,-6.502600000000,107.411200000000,NEGERI,C,Ada,Ada,Ledeng/PAM,Cukup
SMA 3 AL-MUHAJIRIN,70043768,SMA,sukajaya,Sukajaya,Kec. Sukatani,Kab. Purwakarta,Prov. Jawa Barat,41167,0.002100000000,-0.000300000000,SWASTA,Belum Akreditasi,Ada,Ada,Pompa,Cukup
SMA AL BADAR,69990973,SMA,Jl. Pesantren Kp. CipuluS Desa Nagrog Kecamatan Wanayasa,Nagrog,Kec. Wanayasa,Kab. Purwakarta,Prov. Jawa Barat,41174,-6.713400000000,107.537700000000,SWASTA,C,Ada,Ada,Sumur tidak terlindungi,Cukup
SMA AL-MURIDIYYAH,69956667,SMA,Lebak Anyar,Lebakanyar,Kec. Pasawahan,Kab. Purwakarta,Prov. Jawa Barat,41172,-6.573000000000,107.462600000000,SWASTA,B,Ada,Ada,Ledeng/PAM,Cukup
SMA AQL ISLAMIC SCHOOL 2,70040231,SMA,SUKAJAYA,Sukajaya,Kec. Sukatani,Kab. Purwakarta,Prov. Jawa Barat,41167,-6.588600000000,107.422700000000,SWASTA,Belum Akreditasi,Ada,Ada,Ledeng/PAM,Cukup
SMA Fullday Al-Muhajirin,70010870,SMA,,Ciseureuh,Kec. Purwakarta,Kab. Purwakarta,Prov. Jawa Barat,41118,-6.521600000000,107.461200000000,SWASTA,A,Ada,Ada,Sumur terlindungi,Cukup
SMA Plus Ar-Raudhah,70006856,SMA,,Kertamukti,Kec. Campaka,Kab. Purwakarta,Prov. Jawa Barat,41181,-6.487200000000,107.511400000000,SWASTA,B,Ada,Ada,Sumur terlindungi,Cukup
SMA RAMA GLOBAL SCHOOL,69923800,SPK SMA,Cibinong,Cibinong,Kec. Jatiluhur,Kab. Purwakarta,Prov. Jawa Barat,41101,-6.600265100000,107.443090800000,SWASTA,Belum Akreditasi,Ada,Ada,Ledeng/PAM,Cukup
SMAS AL ISLAM,20229641,SMA,,CIPAISAN,Kec. Purwakarta,Kab. Purwakarta,Prov. Jawa Barat,41113,-6.550100000000,107.437900000000,SWASTA,B,Ada,Ada,Ledeng/PAM,Cukup
SMAS AL MUHAJIRIN,20229745,SMA,Kelurahan Nagrikaler,Nagrikaler,Kec. Purwakarta,Kab. Purwakarta,Prov. Jawa Barat,41115,-6.527800000000,107.450400000000,SWASTA,A,Ada,Tidak ada,Pompa,Cukup
SMAS PASUNDAN PLERED,20229749,SMA,CIBOGO HILIR,P L E R E D,Kec. Plered,Kab. Purwakarta,Prov. Jawa Barat,41162,-6.648100000000,107.385600000000,SWASTA,B,Ada,Ada,Sumur terlindungi,Cukup
SMAS PASUNDAN PURWAKARTA,20217459,SMA,-,Nagrikidul,Kec. Purwakarta,Kab. Purwakarta,Prov. Jawa Barat,41111,-6.559600000000,107.444100000000,SWASTA,B,Ada,Ada,Ledeng/PAM,Tidak ada
SMAS PGRI 1 PURWAKARTA,20229752,SMA,-,Nagritengah,Kec. Purwakarta,Kab. Purwakarta,Prov. Jawa Barat,41114,-6.553100000000,107.443100000000,SWASTA,A,Ada,Ada,Sumur terlindungi,Cukup
SMAS PGRI 3 PURWAKARTA,20229751,SMA,Nagri Kaler,Nagrikaler,Kec. Purwakarta,Kab. Purwakarta,Prov. Jawa Barat,41115,-6.536200000000,107.448000000000,SWASTA,B,Ada,Ada,Pompa,Cukup
SMA NEGERI 1 CISALAK,70003406,SMA,Kapuk Nahun,Darmaga,Kec. Cisalak,Kab. Subang,Prov. Jawa Barat,41283,-6.708100000000,107.756700000000,NEGERI,B,Ada,Ada,Ledeng/PAM,Cukup
SMA NEGERI 1 PURWADADI,20216939,SMA,Warungasem,Belendung,Kec. Purwadadi,Kab. Subang,Prov. Jawa Barat,41261,-6.465200000000,107.689800000000,NEGERI,A,Ada,Ada,Pompa,Cukup
SMA NEGERI 4 SUBANG,69974158,SMA,Sukamelang,Sukamelang,Kec. Subang,Kab. Subang,Prov. Jawa Barat,41211,-6.542300000000,107.766900000000,NEGERI,B,Ada,Ada,Pompa,Cukup
SMA NEGERI BINONG,70011819,SMA,Bakan Sapi,Binong,Kec. Binong,Kab. Subang,Prov. Jawa Barat,41253,-6.398300000000,107.797100000000,NEGERI,Belum Akreditasi,Ada,Ada,Pompa,Cukup
SMAN 1 BLANAKAN,20233652,SMA,Tanjungsari,Blanakan,Kec. Blanakan,Kab. Subang,Prov. Jawa Barat,41259,-6.283400000000,107.668100000000,NEGERI,A,Ada,Ada,Pompa,Cukup
SMAN 1 CIASEM,20216945,SMA,Sukamandijaya,Sukamandijaya,Kec. Ciasem,Kab. Subang,Prov. Jawa Barat,41256,-6.343500000000,107.656200000000,NEGERI,A,Ada,Ada,Pompa,Kurang
SMAN 1 CIPEUNDEUY,20216944,SMA,Rawa Garut,Wantilan,Kec. Cipeundeuy,Kab. Subang,Prov. Jawa Barat,41272,-6.485900000000,107.590700000000,NEGERI,A,Ada,Ada,Pompa,Cukup
SMAN 1 COMPRENG,20233653,SMA,Sukaresmi,Mekarjaya,Kec. Compreng,Kab. Subang,Prov. Jawa Barat,41258,-6.373300000000,107.881700000000,NEGERI,A,Ada,Ada,Ledeng/PAM,Cukup
SMAN 1 JALANCAGAK,20216943,SMA,Jabong,Curugrendeng,Kec. Jalancagak,Kab. Subang,Prov. Jawa Barat,41281,-6.675900000000,107.676000000000,NEGERI,A,Ada,Ada,Sumur terlindungi,Cukup
SMAN 1 KALIJATI,20216942,SMA,KP.KRAJAN,Tanggulun Barat,Kec. Kalijati,Kab. Subang,Prov. Jawa Barat,41271,-6.548100000000,107.647300000000,NEGERI,A,Ada,Ada,Sumur terlindungi,Cukup
SMAN 1 PABUARAN,20245860,SMA,Dusun Kadawung,Kadawung,Kec. Pabuaran,Kab. Subang,Prov. Jawa Barat,41262,-6.439100000000,107.579100000000,NEGERI,A,Ada,Ada,Pompa,Tidak ada
SMAN 1 PAGADEN,20216941,SMA,Sukamulya,Sukamulya,Kec. Pagaden,Kab. Subang,Prov. Jawa Barat,41252,-6.462400000000,107.819300000000,NEGERI,A,Ada,Ada,Pompa,Cukup
SMAN 1 PAMANUKAN,20216940,SMA,Pamanukan,Pamanukan,Kec. Pamanukan,Kab. Subang,Prov. Jawa Barat,41254,-6.286700000000,107.809200000000,NEGERI,A,Ada,Ada,Pompa,Kurang
SMAN 1 PATOKBEUSI,20233657,SMA,Rawagebang,Ciberes,Kec. Patokbeusi,Kab. Subang,Prov. Jawa Barat,41263,-6.376200000000,107.586000000000,NEGERI,A,Ada,Ada,Pompa,Cukup
SMAN 1 PUSAKANAGARA,20233654,SMA,Ciawitali,Pusakaratu,Kec. Pusakanagara,Kab. Subang,Prov. Jawa Barat,41255,-6.274900000000,107.876300000000,NEGERI,A,Ada,Ada,Pompa,Cukup
SMAN 1 SERANG PANJANG,20233655,SMA,Cijengkol,Cijengkol,Kec. Serangpanjang,Kab. Subang,Prov. Jawa Barat,41282,-6.664900000000,107.623100000000,NEGERI,B,Ada,Ada,Ledeng/PAM,Kurang
SMAN 1 SUBANG,20216938,SMA,-,Dangdeur,Kec. Subang,Kab. Subang,Prov. Jawa Barat,41212,-6.555200000000,107.751300000000,NEGERI,A,Ada,Ada,Ledeng/PAM,Cukup
SMAN 1 TANJUNGSIANG,20233656,SMA,KALAPA,Sindanglaya,Kec. Tanjungsiang,Kab. Subang,Prov. Jawa Barat,41284,-6.728600000000,107.811300000000,NEGERI,A,Ada,Ada,Ledeng/PAM,Cukup
SMAN 2 PAGADEN,69972642,SMA,Kp. Gardu Langkap Desa Gunungsari Kec. Pagaden Kab. Subang,Gunungsari,Kec. Pagaden,Kab. Subang,Prov. Jawa Barat,41252,-6.497200000000,107.806600000000,NEGERI,B,Ada,Ada,Pompa,Tidak ada
SMAN 2 SUBANG,20216937,SMA,Dangdeur,Dangdeur,Kec. Subang,Kab. Subang,Prov. Jawa Barat,41212,-6.547500000000,107.737000000000,NEGERI,A,Ada,Ada,Sumur terlindungi,Cukup
SMAN 3 SUBANG,20216952,SMA,Pasirkareumbi,Pasirkareumbi,Kec. Subang,Kab. Subang,Prov. Jawa Barat,41214,-6.575700000000,107.766600000000,NEGERI,A,Ada,Ada,Pompa,Cukup
SMA AL QUR’AN MA’RIFATUSSALAAM,70043644,SMA,,Sukasari,Kec. Dawuan,Kab. Subang,Prov. Jawa Barat,,0.000000000000,0.000000000000,SWASTA,Belum Akreditasi,Ada,Ada,Pompa,Cukup
SMA ISLAM TERPADU AL-UKHUWAH,69987316,SMA,Kaum,Pagaden,Kec. Pagaden,Kab. Subang,Prov. Jawa Barat,41252,-6.455300000000,107.805200000000,SWASTA,A,Ada,Ada,Sumur terlindungi,Cukup
SMA ISLAM TERPADU AS-SYIFA BOARDING SCHOOL WANAREJA,69988763,SMA,,Wanareja,Kec. Subang,Kab. Subang,Prov. Jawa Barat,41211,-6.565400000000,107.819200000000,SWASTA,A,Ada,Ada,Sumur terlindungi,Cukup
SMA ISLAM TERPADU SALSABILA BOARDING SCHOOL,70050256,SMA,,Sagalaherang,Kec. Sagalaherang,Kab. Subang,Prov. Jawa Barat,,0.000000000000,0.000000000000,SWASTA,Belum Akreditasi,Ada,Ada,Mata air terlindungi,Cukup
SMA IT BUDJEMAK,69942549,SMA,Tanjungsiang,Tanjungsiang,Kec. Tanjungsiang,Kab. Subang,Prov. Jawa Barat,41284,-6.747500000000,107.806800000000,SWASTA,B,Ada,Ada,Pompa,Kurang
SMA IT DARUL ULUM KUMPAY,69967270,SMA,kumpay,Kumpay,Kec. Jalancagak,Kab. Subang,Prov. Jawa Barat,41281,-6.672133000000,107.730949000000,SWASTA,B,Ada,Ada,Pompa,Cukup
SMA IT IBNU HAFIDZ,70032332,SMA,KP Sukamulya Ds Rancadaka,Rancadaka,Kec. Pusakanagara,Kab. Subang,Prov. Jawa Barat,41255,0.000000000000,0.000000000000,SWASTA,B,Ada,Ada,Sumur terlindungi,Cukup
SMA MH YASIN SUBANG,69892598,SMA,Sukasari,Soklat,Kec. Subang,Kab. Subang,Prov. Jawa Barat,41211,-6.577445000000,107.742185000000,SWASTA,B,Ada,Ada,Ledeng/PAM,Cukup
SMA PLUS ASTHA HANNAS,20233663,SMA,BINONG,Binong,Kec. Binong,Kab. Subang,Prov. Jawa Barat,41253,-6.404600000000,107.794400000000,SWASTA,A,Ada,Ada,Ledeng/PAM,Cukup
SMAS ASSALAFIYAH CIASEM,20247270,SMA,Sidamulya,Ciasem Baru,Kec. Ciasem,Kab. Subang,Prov. Jawa Barat,41256,-6.304000000000,107.675700000000,SWASTA,B,Ada,Ada,Ledeng/PAM,Cukup
SMAS AT TAWAZUN,20246376,SMA,Mekarsari,Kalijati Timur,Kec. Kalijati,Kab. Subang,Prov. Jawa Barat,41271,-6.523900000000,107.675600000000,SWASTA,A,Ada,Ada,Pompa,Cukup
SMAS BINA PUTERA SUBANG,20233646,SMA,-,Cigadung,Kec. Subang,Kab. Subang,Prov. Jawa Barat,41213,-6.555400000000,107.755300000000,SWASTA,B,Ada,Tidak ada,Sumur terlindungi,Cukup
SMAS IT AL-HIDAYAH JALAN CAGAK,20251963,SMA,SANCA,Sarireja,Kec. Jalancagak,Kab. Subang,Prov. Jawa Barat,41281,-6.709400000000,107.707400000000,SWASTA,B,Ada,Ada,Ledeng/PAM,Cukup
SMAS IT AS-SYIFA BOARDING SCHOOL,20258396,SMA,Simpang,Tambakmekar,Kec. Jalancagak,Kab. Subang,Prov. Jawa Barat,41281,-6.653700000000,107.722200000000,SWASTA,A,Ada,Ada,Ledeng/PAM,Cukup
SMAS IT BANI MASUM CISALAK,20244793,SMA,-,Cimanggu,Kec. Cisalak,Kab. Subang,Prov. Jawa Barat,41283,-6.735300000000,107.783700000000,SWASTA,B,Ada,Ada,Sumur terlindungi,Cukup
SMAS IT DARUSSUUD TANJUNGSIANG,20257336,SMA,-,Pakuhaji,Kec. Cisalak,Kab. Subang,Prov. Jawa Barat,41283,-6.738600000000,107.790000000000,SWASTA,A,Ada,Ada,Sumur terlindungi,Cukup
SMAS MATLAUL HUDA PURWADADI,20233649,SMA,Purwajaya,Parapatan,Kec. Purwadadi,Kab. Subang,Prov. Jawa Barat,41261,-6.448300000000,107.703400000000,SWASTA,C,Ada,Ada,Sumur terlindungi,Cukup
SMAS MODERN RIYADHUL JALANCAGAK,20270484,SMA,JALANCAGAK,Jalancagak,Kec. Jalancagak,Kab. Subang,Prov. Jawa Barat,41281,-6.676200000000,107.683300000000,SWASTA,A,Ada,Ada,Sumur terlindungi,Cukup
SMAS MUHAMMADIYAH SUBANG,20233651,SMA,-,Cigadung,Kec. Subang,Kab. Subang,Prov. Jawa Barat,41213,-6.559600000000,107.759200000000,SWASTA,B,Ada,Ada,Pompa,Cukup
SMAS MUHAMMADIYAH SUKAMANDI,20233650,SMA,Jurutilu,Sukamandijaya,Kec. Ciasem,Kab. Subang,Prov. Jawa Barat,41256,-6.337500000000,107.668500000000,SWASTA,B,Ada,Ada,Pompa,Cukup
SMAS NURUL GINA ABIDIN CISALAK,20217093,SMA,Limaratus,Sindangsari,Kec. Kasomalang,Kab. Subang,Prov. Jawa Barat,41283,-6.702700000000,107.743800000000,SWASTA,B,Ada,Ada,Ledeng/PAM,Cukup
SMAS PGRI 1 SUBANG,20233658,SMA,KARANGANYAR,Karanganyar,Kec. Subang,Kab. Subang,Prov. Jawa Barat,41211,-6.563200000000,107.767200000000,SWASTA,A,Ada,Ada,Ledeng/PAM,Cukup
SMAS PGRI 2 SUBANG,20233659,SMA,CIGADUNG,Cigadung,Kec. Subang,Kab. Subang,Prov. Jawa Barat,41213,-6.554900000000,107.760200000000,SWASTA,B,Ada,Ada,Pompa,Cukup
SMAS PGRI TANJUNG SIANG,20233662,SMA,KAWUNGLUWUK,Kawungluwuk,Kec. Tanjungsiang,Kab. Subang,Prov. Jawa Barat,41284,-6.745900000000,107.800300000000,SWASTA,B,Ada,Ada,Ledeng/PAM,Cukup
SMAS PLUS PAGELARAN CISALAK,20233665,SMA,Gardusayang,Gardusayang,Kec. Cisalak,Kab. Subang,Prov. Jawa Barat,41283,-6.718900000000,107.769500000000,SWASTA,A,Ada,Tidak ada,Ledeng/PAM,Cukup
SMAS RIYADHUL JANNAH CIMENTENG,20233667,SMA,-,Cimenteng,Kec. Cijambe,Kab. Subang,Prov. Jawa Barat,41286,-6.647100000000,107.713400000000,SWASTA,B,Ada,Ada,Sumur terlindungi,Cukup
SMAS SUDIRMAN PURWADADI,20233668,SMA,KARANG SAMBUNG,Pasirbungur,Kec. Purwadadi,Kab. Subang,Prov. Jawa Barat,41261,-6.437100000000,107.687400000000,SWASTA,B,Ada,Ada,Sumur terlindungi,Cukup
SMAS TAMAN SISWA PAMANUKAN,20233669,SMA,Sukajaya,Pamanukan,Kec. Pamanukan,Kab. Subang,Prov. Jawa Barat,41254,-6.285100000000,107.811600000000,SWASTA,C,Ada,Ada,Ledeng/PAM,Cukup
SMAS TERPADU RAHMATIKA SAGALAHERANG,20244792,SMA,DAYEUHKOLOT,Dayeuhkolot,Kec. Sagalaherang,Kab. Subang,Prov. Jawa Barat,41282,-6.668700000000,107.640900000000,SWASTA,B,Ada,Ada,Ledeng/PAM,Cukup
SMAS YADIKA KALIJATI,20255782,SMA,Kaliangsana,Kaliangsana,Kec. Kalijati,Kab. Subang,Prov. Jawa Barat,41271,-6.515500000000,107.674400000000,SWASTA,A,Ada,Ada,Pompa,Cukup
SMA Negeri 1 Kalapanunggal,70002292,SMA,Kalapanunggal,Kalapanunggal,Kec. Kalapa Nunggal,Kab. Sukabumi,Prov. Jawa Barat,43354,-6.832800000000,106.660800000000,NEGERI,B,Ada,Ada,Ledeng/PAM,Cukup
SMAN 1 CIBADAK,20202317,SMA,CIBADAK,Cibadak,Kec. Cibadak,Kab. Sukabumi,Prov. Jawa Barat,43155,-6.896300000000,106.780000000000,NEGERI,A,Ada,Ada,Ledeng/PAM,Cukup
SMAN 1 CICURUG,20202289,SMA,Purwasari,Purwasari,Kec. Cicurug,Kab. Sukabumi,Prov. Jawa Barat,43359,-6.799200000000,106.779800000000,NEGERI,A,Ada,Ada,Sumur tidak terlindungi,Cukup
SMAN 1 Cidahu,69963098,SMA,,Jayabakti,Kec. Cidahu,Kab. Sukabumi,Prov. Jawa Barat,43358,-6.782000000000,106.729400000000,NEGERI,A,Ada,Ada,Sumur terlindungi,Cukup
SMAN 1 CIEMAS,60726697,SMA,Cihuni,Ciwaru,Kec. Ciemas,Kab. Sukabumi,Prov. Jawa Barat,43177,-7.197900000000,106.480500000000,NEGERI,B,Ada,Ada,Sumur terlindungi,Kurang
SMAN 1 CIKAKAK,20267968,SMA,-,Cikakak,Kec. Cikakak,Kab. Sukabumi,Prov. Jawa Barat,43365,-6.958600000000,106.497700000000,NEGERI,A,Ada,Ada,Sumur terlindungi,Cukup
SMAN 1 CIKEMBAR,20202288,SMA,CIKEMBAR,Cikembar,Kec. Cikembar,Kab. Sukabumi,Prov. Jawa Barat,43161,-6.961845000000,106.784781700000,NEGERI,A,Ada,Ada,Sumur terlindungi,Cukup
SMAN 1 CIKIDANG,20252008,SMA,Cikidang,Cikidang,Kec. Cikidang,Kab. Sukabumi,Prov. Jawa Barat,43367,-6.897500000000,106.650700000000,NEGERI,A,Ada,Ada,Sumur terlindungi,Cukup
SMAN 1 CIRACAP,20202260,SMA,-,Purwasedar,Kec. Ciracap,Kab. Sukabumi,Prov. Jawa Barat,43176,-7.329879000000,106.514376000000,NEGERI,A,Ada,Ada,Sumur terlindungi,Cukup
SMAN 1 CIREUNGHAS,69944078,SMA,,Cireunghas,Kec. Cireunghas,Kab. Sukabumi,Prov. Jawa Barat,43193,-6.946920000000,107.020940000000,NEGERI,B,Ada,Ada,Sumur terlindungi,Cukup
SMAN 1 CISAAT,20202261,SMA,KP. MANGKALAYA,Mangkalaya,Kec. Gunung Guruh,Kab. Sukabumi,Prov. Jawa Barat,43156,-6.925191700000,106.880711700000,NEGERI,A,Ada,Ada,Sumur terlindungi,Cukup
SMAN 1 CISOLOK,20202262,SMA,Cikondang Kulon,WANGUNSARI,Kec. Cisolok,Kab. Sukabumi,Prov. Jawa Barat,43366,-6.933400000000,106.470600000000,NEGERI,A,Ada,Ada,Ledeng/PAM,Cukup
SMAN 1 JAMPANGKULON,20202263,SMA,Warungtagog,Nagraksari,Kec. Jampang Kulon,Kab. Sukabumi,Prov. Jawa Barat,43178,-7.274500000000,106.624400000000,NEGERI,A,Ada,Ada,Sumur terlindungi,Cukup
SMAN 1 JAMPANGTENGAH,20202264,SMA,Cikarae,Cijulang,Kec. Jampang Tengah,Kab. Sukabumi,Prov. Jawa Barat,43171,-7.063000000000,106.812700000000,NEGERI,A,Ada,Ada,Pompa,Cukup
SMAN 1 KABANDUNGAN,20253664,SMA,KABANDUNGAN,Kabandungan,Kec. Kabandungan,Kab. Sukabumi,Prov. Jawa Barat,43368,-6.788900000000,106.619400000000,NEGERI,A,Ada,Ada,Ledeng/PAM,Cukup
SMAN 1 KALIBUNDER,20253845,SMA,Cibuntu,Sukaluyu,Kec. Kalibunder,Kab. Sukabumi,Prov. Jawa Barat,43185,-7.263200000000,106.728900000000,NEGERI,A,Ada,Ada,Sumur terlindungi,Cukup
SMAN 1 LENGKONG,20202265,SMA,-,Lengkong,Kec. Lengkong,Kab. Sukabumi,Prov. Jawa Barat,43174,-7.130300000000,106.703900000000,NEGERI,A,Ada,Ada,Sumur terlindungi,Tidak ada
SMAN 1 NAGRAK,20202266,SMA,-,Nagrak Utara,Kec. Nagrak,Kab. Sukabumi,Prov. Jawa Barat,43356,-6.864500000000,106.803900000000,NEGERI,A,Ada,Ada,Sumur terlindungi,Cukup
SMAN 1 NYALINDUNG,20252009,SMA,Kertaangsana,Kertaangsana,Kec. Nyalindung,Kab. Sukabumi,Prov. Jawa Barat,43196,-7.036100000000,106.938800000000,NEGERI,A,Ada,Ada,Sumur terlindungi,Cukup
SMAN 1 PARAKANSALAK,20251778,SMA,-,Lebaksari,Kec. Parakansalak,Kab. Sukabumi,Prov. Jawa Barat,43355,-6.801008000000,106.709913000000,NEGERI,A,Ada,Ada,Ledeng/PAM,Cukup
SMAN 1 PARUNG KUDA,20202254,SMA,Babakan Peundeuy,BOJONGKOKOSAN,Kec. Parungkuda,Kab. Sukabumi,Prov. Jawa Barat,43357,-6.834400000000,106.759200000000,NEGERI,A,Ada,Ada,Ledeng/PAM,Kurang
SMAN 1 PELABUHAN RATU,20202267,SMA,CITEPUS,Citepus,Kec. Pelabuhan Ratu,Kab. Sukabumi,Prov. Jawa Barat,43364,-6.987800000000,106.559600000000,NEGERI,A,Ada,Ada,Ledeng/PAM,Kurang
SMAN 1 SAGARANTEN,20202259,SMA,Cikupa,Sagaranten,Kec. Sagaranten,Kab. Sukabumi,Prov. Jawa Barat,43181,-7.217000000000,106.881600000000,NEGERI,A,Ada,Ada,Sumur terlindungi,Cukup
SMAN 1 SIMPENAN,20202258,SMA,MARIUK,Cidadap,Kec. Simpenan,Kab. Sukabumi,Prov. Jawa Barat,43361,-7.027128000000,106.567129000000,NEGERI,A,Ada,Ada,Sumur terlindungi,Kurang
SMAN 1 SUKARAJA,20202250,SMA,Sukaraja,Sukaraja,Kec. Sukaraja,Kab. Sukabumi,Prov. Jawa Barat,43192,-6.914200000000,106.971200000000,NEGERI,A,Ada,Ada,Ledeng/PAM,Cukup
SMAN 1 SURADE,20253979,SMA,Kp. Sinarjaya,Jagamukti,Kec. Surade,Kab. Sukabumi,Prov. Jawa Barat,43179,-7.337300000000,106.582400000000,NEGERI,A,Ada,Ada,Pompa,Cukup
SMAN 1 WARUNG KIARA,20202251,SMA,CIGOMBONG,Warungkiara,Kec. Warung Kiara,Kab. Sukabumi,Prov. Jawa Barat,43362,-6.977100000000,106.719300000000,NEGERI,A,Ada,Ada,Ledeng/PAM,Cukup
SMA AL UMANAA BOARDING SCHOOL,69979656,SMA,Kebonmanggu,Kebonmanggu,Kec. Gunung Guruh,Kab. Sukabumi,Prov. Jawa Barat,43156,-6.973600000000,106.865800000000,SWASTA,A,Ada,Ada,Sumur terlindungi,Kurang
SMA AL-MASYHAD,69981895,SMA,cijurai,Cikurutug,Kec. Cireunghas,Kab. Sukabumi,Prov. Jawa Barat,43193,-6.929400000000,107.012300000000,SWASTA,B,Ada,Ada,Mata air terlindungi,Cukup
SMA BAITURRAHMAN,69888435,SMA,Cigadog,Cikarae Thoyibah,Kec. Cikidang,Kab. Sukabumi,Prov. Jawa Barat,43367,-6.894806000000,106.592713000000,SWASTA,B,Ada,Ada,Air sungai,Kurang
SMA DOA BANGSA ,69960972,SMA,Selamanjah,Karangtengah,Kec. Cibadak,Kab. Sukabumi,Prov. Jawa Barat,43155,-6.898000000000,106.821300000000,SWASTA,A,Ada,Ada,Sumur terlindungi,Cukup
SMA ISLAM PROGRESIF DAARUSSALAAM,70032798,SMA,Selajambe,Selajambe,Kec. Cisaat,Kab. Sukabumi,Prov. Jawa Barat,43152,-6.892400000000,106.886000000000,SWASTA,Belum Akreditasi,Ada,Ada,Ledeng/PAM,Cukup
SMA ISLAM RAHMATULLAH,70044491,SMA,,Cibunarjaya,Kec. Ciambar,Kab. Sukabumi,Prov. Jawa Barat,,0.000000000000,0.000000000000,SWASTA,Belum Akreditasi,Ada,Ada,Sumur terlindungi,Cukup
SMA ISLAM TERPADU YALHAS,69874019,SMA,Bojonggaling,Bojonggaling,Kec. Bojong Genteng,Kab. Sukabumi,Prov. Jawa Barat,43353,-6.828989000000,106.700570000000,SWASTA,Belum Akreditasi,Ada,Ada,Sumur terlindungi,Cukup
SMA IT ADZKIA,69972822,SMA,Sukamanah,Sukamanah,Kec. Cisaat,Kab. Sukabumi,Prov. Jawa Barat,43152,-6.907795000000,106.898275000000,SWASTA,A,Ada,Ada,Ledeng/PAM,Cukup
SMA IT At-Takwin,70031477,SMA,Cibogo,Nangkakoneng,Kec. Cikidang,Kab. Sukabumi,Prov. Jawa Barat,40391,0.000000000000,0.000000000000,SWASTA,Belum Akreditasi,Ada,Ada,Ledeng/PAM,Cukup
SMA IT AT-TAUFIQ,69952214,SMA,KAMPUNG KADUREA,Tegallega,Kec. Cidolog,Kab. Sukabumi,Prov. Jawa Barat,43184,-7.258300000000,106.837900000000,SWASTA,B,Ada,Ada,Sumur tidak terlindungi,Cukup
SMA IT EL AZZAM SUKABUMI,70043994,SMA,Cikaret Hilir,Sasagaran,Kec. Kebon Pedes,Kab. Sukabumi,Prov. Jawa Barat,,-6.955000000000,106.967700000000,SWASTA,Belum Akreditasi,Ada,Ada,Sumur terlindungi,Cukup
SMA MANDIRI SUKABUMI,70049949,SMA,,Ciengang,Kec. Gegerbitung,Kab. Sukabumi,Prov. Jawa Barat,,0.000000000000,0.000000000000,SWASTA,Belum Akreditasi,Ada,Ada,Ledeng/PAM,Cukup
SMA NUR ILMI NEGLASARI,70044647,SMA,,Neglasari,Kec. Cibadak,Kab. Sukabumi,Prov. Jawa Barat,,-6.907300000000,106.720700000000,SWASTA,Belum Akreditasi,Ada,Ada,Ledeng/PAM,Cukup
SMA NURUL HUDA BOJONGGALING,69954585,SMA,Bojonggaling,Bojong Galing,Kec. Bojong Genteng,Kab. Sukabumi,Prov. Jawa Barat,43353,-6.844093000000,106.714068000000,SWASTA,B,Ada,Ada,Sumur terlindungi,Cukup
SMA PERMATA MANDIRI,69915781,SMA,Tanjung,Tanjung,Kec. Jampang Kulon,Kab. Sukabumi,Prov. Jawa Barat,43178,-7.242400000000,106.621700000000,SWASTA,B,Ada,Ada,Pompa,Cukup
SMA PESANTREN UNGGUL AL BAYAN PUTRI,70038214,SMA,Nyangkokot,Karawang,Kec. Sukabumi,Kab. Sukabumi,Prov. Jawa Barat,43151,-6.882100000000,106.944200000000,SWASTA,A,Ada,Ada,Sumur terlindungi,Cukup
SMA PGRI BANTARGADUNG,69893232,SMA,Kampung Bojong Soka,Limusnunggal,Kec. Bantar Gadung,Kab. Sukabumi,Prov. Jawa Barat,43363,-6.986700000000,106.685000000000,SWASTA,B,Ada,Ada,Sumur terlindungi,Cukup
SMA PGRI CIAMBAR,69888716,SMA,Ciambar,Ciambar,Kec. Ciambar,Kab. Sukabumi,Prov. Jawa Barat,43356,-6.984700000000,106.793500000000,SWASTA,B,Ada,Ada,Ledeng/PAM,Cukup
SMA PGRI CIDAHU,69888787,SMA,BOJONGPARI,Pondok Kaso Tengah,Kec. Cidahu,Kab. Sukabumi,Prov. Jawa Barat,43358,-6.797583000000,106.741049000000,SWASTA,B,Ada,Ada,Sumur terlindungi,Cukup
SMA PGRI CIKIDANG ,60724689,SMA,KP. CILENTAB,Cicareuh,Kec. Cikidang,Kab. Sukabumi,Prov. Jawa Barat,43367,-6.899657000000,106.693224000000,SWASTA,B,Ada,Tidak ada,Sumur terlindungi,Cukup
SMA PGRI CITRA CIKIDANG,69888757,SMA,BUMISARI,Bumisari,Kec. Cikidang,Kab. Sukabumi,Prov. Jawa Barat,43367,-6.928400000000,106.670300000000,SWASTA,B,Ada,Ada,Ledeng/PAM,Cukup
SMA PLUS AL MANSHURIYAH,20247166,SMA,Kalaparea,Kalaparea,Kec. Nagrak,Kab. Sukabumi,Prov. Jawa Barat,43356,-6.861800000000,106.819300000000,SWASTA,A,Ada,Ada,Sumur terlindungi,Cukup
SMA PLUS AL RAIHAN,69992903,SMA,Cipeuteuy,Neglasari,Kec. Purabaya,Kab. Sukabumi,Prov. Jawa Barat,43187,-7.125600000000,106.841500000000,SWASTA,B,Ada,Ada,Air sungai,Cukup
SMA PLUS AL-HASIBIYAH,70033663,SMA,,Neglasari,Kec. Lengkong,Kab. Sukabumi,Prov. Jawa Barat,,0.000000000000,0.000000000000,SWASTA,Belum Akreditasi,Ada,Ada,Sumur terlindungi,Tidak ada
SMA PLUS AL-HIKMAH,70037894,SMA,Sukamekar,Sukamekar,Kec. Sukaraja,Kab. Sukabumi,Prov. Jawa Barat,43192,-6.895200000000,106.957900000000,SWASTA,Belum Akreditasi,Ada,Ada,Sumur terlindungi,Cukup
SMA PLUS AL-MAFTUH,70041952,SMA,Cipeundeuy,Sukamulya,Kec. Caringin,Kab. Sukabumi,Prov. Jawa Barat,43154,-6.858900000000,106.880100000000,SWASTA,Belum Akreditasi,Ada,Ada,Sumur terlindungi,Cukup
SMA PLUS DAMAR BANGSA,69950289,SMA,Palasari,Palasari Hilir,Kec. Parungkuda,Kab. Sukabumi,Prov. Jawa Barat,43357,-6.863800000000,106.755200000000,SWASTA,B,Ada,Ada,Ledeng/PAM,Cukup
"SMA PLUS DARUL HIDAYAH, KABUPATEN SUKABUMI",20247167,SMA,Tenjoayu,Tenjoayu,Kec. Cicurug,Kab. Sukabumi,Prov. Jawa Barat,43359,-6.770102000000,106.802726000000,SWASTA,B,Ada,Ada,Sumur terlindungi,Kurang
SMA PLUS INSAN ADZKIA,70000534,SMA,Kp.Nangoh,Bojonglongok,Kec. Parakansalak,Kab. Sukabumi,Prov. Jawa Barat,43355,-6.750300000000,106.695800000000,SWASTA,B,Ada,Ada,Sumur terlindungi,Cukup
SMA PLUS KEMBANG KUNING,69888445,SMA,Kembang Kuning,Munjul,Kec. Ciambar,Kab. Sukabumi,Prov. Jawa Barat,43353,-6.849600000000,106.765500000000,SWASTA,B,Ada,Ada,Sumur terlindungi,Cukup
SMA PLUS TEKNOLOGI,69987314,SMA,Pasir Bandera,Cimenteng,Kec. Curugkembar,Kab. Sukabumi,Prov. Jawa Barat,43182,-7.208800000000,106.922300000000,SWASTA,B,Ada,Ada,Pompa,Cukup
SMA ROUDHOTUL ILMI,70044645,SMA,,Sirnasari,Kec. Surade,Kab. Sukabumi,Prov. Jawa Barat,,-7.289400000000,106.593300000000,SWASTA,Belum Akreditasi,Ada,Ada,Sumur terlindungi,Cukup
SMA TERPADU BINA BANGSA,70045579,SMA,KP CIBARENGKOK,Padasenang,Kec. Cidadap,Kab. Sukabumi,Prov. Jawa Barat,43183,-7.277400000000,106.935800000000,SWASTA,Belum Akreditasi,Ada,Ada,Pompa,Cukup
SMA TERPADU YASPIN,69981915,SMA,Cikadu,Cikadu,Kec. Pelabuhan Ratu,Kab. Sukabumi,Prov. Jawa Barat,43364,-6.960954000000,106.605323000000,SWASTA,B,Ada,Ada,Air sungai,Kurang
SMA TRI JAYA NUSANTARA,70033364,SMA,Sampora,Sampora,Kec. Cikidang,Kab. Sukabumi,Prov. Jawa Barat,43367,0.000000000000,0.000000000000,SWASTA,Belum Akreditasi,Ada,Ada,Ledeng/PAM,Cukup
SMANURUL HUDA,20253661,SMA,Buniwangi,Buniwangi,Kec. Pelabuhan Ratu,Kab. Sukabumi,Prov. Jawa Barat,43364,-6.997100000000,106.559000000000,SWASTA,A,Ada,Ada,Sumur terlindungi,Cukup
SMAS AL ATIQIYAH,20247145,SMA,Kp. Cipanengah,Cipanengah,Kec. Bojong Genteng,Kab. Sukabumi,Prov. Jawa Barat,43353,-6.810600000000,106.740400000000,SWASTA,A,Ada,Ada,Ledeng/PAM,Cukup
SMAS AL BASHRIYAH,20253663,SMA,TENJOLAYA,Cisaat,Kec. Cicurug,Kab. Sukabumi,Prov. Jawa Barat,43359,-6.762400000000,106.752346000000,SWASTA,B,Ada,Ada,Sumur terlindungi,Cukup
SMAS AL FARDIYATUSSAADAH,20247157,SMA,Dusun 2 Citepus,Citepus,Kec. Pelabuhan Ratu,Kab. Sukabumi,Prov. Jawa Barat,43364,-6.975900000000,106.532300000000,SWASTA,B,Ada,Ada,Ledeng/PAM,Cukup
SMAS AL FURQON,20246145,SMA,CARINGIN POJOK,Caringin Kulon,Kec. Caringin,Kab. Sukabumi,Prov. Jawa Barat,43154,-6.869866700000,106.868916700000,SWASTA,A,Ada,Ada,Sumur terlindungi,Cukup
SMAS AL HIMMAH SUKALARANG,20254143,SMA,Baros,Titisan,Kec. Sukalarang,Kab. Sukabumi,Prov. Jawa Barat,43191,-6.849800000000,106.983300000000,SWASTA,B,Ada,Ada,Sumur terlindungi,Cukup
SMAS AL KHOLILIYAH,20253030,SMA,Kp. Cikadu,Sukatani,Kec. Parakansalak,Kab. Sukabumi,Prov. Jawa Barat,43355,-6.818284000000,106.700383000000,SWASTA,A,Ada,Ada,Sumur terlindungi,Cukup
SMAS AL MASTHURIYAH,20247144,SMA,Tipar,Cibolang Kaler,Kec. Cisaat,Kab. Sukabumi,Prov. Jawa Barat,43152,-6.905371700000,106.870590000000,SWASTA,A,Ada,Ada,Ledeng/PAM,Kurang
SMAS AL-BAIRUNI,20247146,SMA,Cidadap,Cidadap,Kec. Simpenan,Kab. Sukabumi,Prov. Jawa Barat,43361,-7.014413000000,106.567028000000,SWASTA,B,Ada,Ada,Sumur terlindungi,Tidak ada
SMAS AMALIYAH,20247149,SMA,Mekarsari,Mekarsari,Kec. Cicurug,Kab. Sukabumi,Prov. Jawa Barat,43359,-6.795692000000,106.775327000000,SWASTA,B,Ada,Ada,Sumur terlindungi,Kurang
SMAS AT-TIJAARAH,20247150,SMA,Citamiang,Citamiang,Kec. Kadudampit,Kab. Sukabumi,Prov. Jawa Barat,43153,-6.868600000000,106.892200000000,SWASTA,B,Ada,Ada,Sumur terlindungi,Kurang
SMAS AZ ZAINIYYAH,20246334,SMA,Kp.Nagrog,Perbawati,Kec. Sukabumi,Kab. Sukabumi,Prov. Jawa Barat,43151,-6.894700000000,106.936900000000,SWASTA,A,Ada,Tidak ada,Mata air terlindungi,Cukup
SMAS BAITUL HIKMAH,20253662,SMA,Tenjojaya,Tenjojaya,Kec. Cibadak,Kab. Sukabumi,Prov. Jawa Barat,43351,-6.918775000000,106.771198000000,SWASTA,A,Ada,Ada,Sumur terlindungi,Kurang
SMAS BINA PERSADA,60726379,SMA,KP. JATIMEKAR,Sirnaresmi,Kec. Gunung Guruh,Kab. Sukabumi,Prov. Jawa Barat,43157,-6.973403700000,106.849426300000,SWASTA,B,Ada,Ada,Sumur terlindungi,Cukup
SMAS INSAN CENDEKIA  AL KAUSAR,20247152,SMA,Babakanjaya,Babakanjaya,Kec. Parungkuda,Kab. Sukabumi,Prov. Jawa Barat,43357,-6.807500000000,106.761700000000,SWASTA,A,Ada,Ada,Sumur terlindungi,Cukup
SMAS ISLAM AL BASHRY KALAPA NUNGGAL,20247153,SMA,Palasari,Palasari Girang,Kec. Kalapa Nunggal,Kab. Sukabumi,Prov. Jawa Barat,43354,-6.815400000000,106.656300000000,SWASTA,A,Ada,Ada,Ledeng/PAM,Cukup
SMAS ISLAM AS SYAFIIYAH,20252855,SMA,sukamaju,Sukamaju,Kec. Sukalarang,Kab. Sukabumi,Prov. Jawa Barat,43191,-6.894650000000,107.002520000000,SWASTA,A,Ada,Ada,Sumur terlindungi,Cukup
SMAS ISLAM MIFTAUSSA`ADAH,20247155,SMA,Parungkuda,Parungkuda,Kec. Parungkuda,Kab. Sukabumi,Prov. Jawa Barat,43157,-6.849776000000,106.758497000000,SWASTA,A,Ada,Ada,Ledeng/PAM,Cukup
SMAS ISLAM TARBIYYATUL FALAH,20247156,SMA,Sadamukti,Tenjolaya,Kec. Cicurug,Kab. Sukabumi,Prov. Jawa Barat,43359,-6.773281000000,106.774992000000,SWASTA,B,Ada,Ada,Ledeng/PAM,Cukup
SMAS IT AT-TAISIRIYAH,20271152,SMA,Kp. Nenggeng,Cijengkol,Kec. Caringin,Kab. Sukabumi,Prov. Jawa Barat,43154,-6.890116700000,106.844083400000,SWASTA,B,Ada,Ada,Sumur terlindungi,Cukup
SMAS IT MAHMUDIYYAH,20247158,SMA,SMA IT Mahmudiyyah,Cicurug,Kec. Cicurug,Kab. Sukabumi,Prov. Jawa Barat,43359,-6.784300000000,106.784900000000,SWASTA,A,Ada,Ada,Ledeng/PAM,Cukup
SMAS KHARISMA 39,20247159,SMA,Nyangkowek,Nyangkowek,Kec. Cicurug,Kab. Sukabumi,Prov. Jawa Barat,43359,-6.798900000000,106.778200000000,SWASTA,B,Ada,Ada,Sumur terlindungi,Cukup
SMAS MUTIARA,20247160,SMA,Pelabuhanratu,Citepus,Kec. Pelabuhan Ratu,Kab. Sukabumi,Prov. Jawa Barat,43364,-6.785200000000,106.724800000000,SWASTA,A,Ada,Ada,Ledeng/PAM,Cukup
SMAS PESANTREN HUSNAYAIN,20247161,SMA,-,Kabandungan,Kec. Kabandungan,Kab. Sukabumi,Prov. Jawa Barat,43368,-6.782800000000,106.638800000000,SWASTA,B,Ada,Ada,Mata air terlindungi,Cukup
SMAS PESANTREN UNGGUL AL BAYAN,20247147,SMA,-,Sekarwangi,Kec. Cibadak,Kab. Sukabumi,Prov. Jawa Barat,43351,-6.900475000000,106.783729000000,SWASTA,A,Ada,Ada,Sumur terlindungi,Kurang
SMAS PGRI CIBADAK,20253982,SMA,HEGAR ALAM,Sekarwangi,Kec. Cibadak,Kab. Sukabumi,Prov. Jawa Barat,43351,-6.904600000000,106.779700000000,SWASTA,A,Ada,Ada,Ledeng/PAM,Cukup
SMAS PGRI CICURUG,20247163,SMA,NYANGKOWEK,Nyangkowek,Kec. Cicurug,Kab. Sukabumi,Prov. Jawa Barat,43359,-6.797507000000,106.775989000000,SWASTA,A,Ada,Ada,Ledeng/PAM,Cukup
SMAS PGRI CISAAT,20247162,SMA,Cibubuay,Kalaparea,Kec. Nagrak,Kab. Sukabumi,Prov. Jawa Barat,43356,-6.861800000000,106.821400000000,SWASTA,A,Ada,Ada,Sumur terlindungi,Cukup
SMAS PLUS YASPIDA,20246335,SMA,-,Cipetir,Kec. Kadudampit,Kab. Sukabumi,Prov. Jawa Barat,43153,-6.886191000000,106.915734000000,SWASTA,A,Ada,Ada,Air sungai,Cukup
SMAS TERPADU AL-FIYYAH,60726667,SMA,Ciparapat,Bangbayang,Kec. Tegalbuleud,Kab. Sukabumi,Prov. Jawa Barat,43186,-7.273900000000,106.785300000000,SWASTA,B,Ada,Ada,Sumur terlindungi,Kurang
SMAS TERPADU DARUL AMAL,20247169,SMA,Selajati,Bojong Genteng,Kec. Jampang Kulon,Kab. Sukabumi,Prov. Jawa Barat,43178,-7.303050000000,106.623300000000,SWASTA,A,Ada,Ada,Sumur terlindungi,Cukup
SMAS ULUL AL-BAAB,20247170,SMA,Cicantayan,Cicantayan,Kec. Cicantayan,Kab. Sukabumi,Prov. Jawa Barat,43155,-6.924047000000,106.845916000000,SWASTA,A,Ada,Ada,Pompa,Cukup
SMAS UNGGUL AR-RAHMAN,20258335,SMA,Nyalindung,Bojong Genteng,Kec. Bojong Genteng,Kab. Sukabumi,Prov. Jawa Barat,43353,-6.840100000000,106.718600000000,SWASTA,A,Ada,Ada,Sumur terlindungi,Cukup
SMAS UNWANUL FALAH,20247171,SMA,-,Cibadak,Kec. Cibadak,Kab. Sukabumi,Prov. Jawa Barat,43551,-6.895655000000,106.798412000000,SWASTA,B,Ada,Ada,Sumur terlindungi,Cukup
SMAS YASTI CISAAT,20247172,SMA,Cibatu Pos,Cisaat,Kec. Cisaat,Kab. Sukabumi,Prov. Jawa Barat,43152,-6.911218300000,106.886568300000,SWASTA,A,Ada,Ada,Ledeng/PAM,Cukup
SMAN  TANJUNGKERTA,20208407,SMA,SUKAMANTRI,Sukamantri,Kec. Tanjungkerta,Kab. Sumedang,Prov. Jawa Barat,45354,-6.765500000000,107.890000000000,NEGERI,A,Ada,Ada,Sumur terlindungi,Cukup
SMAN 1 CIMALAKA,20235619,SMA,LICIN,Licin,Kec. Cimalaka,Kab. Sumedang,Prov. Jawa Barat,45353,-6.805300000000,107.949600000000,NEGERI,A,Ada,Ada,Sumur terlindungi,Cukup
SMAN 1 SUMEDANG,20208419,SMA,Kotakulon,Kotakulon,Kec. Sumedang Selatan,Kab. Sumedang,Prov. Jawa Barat,45312,-6.858400000000,107.920700000000,NEGERI,A,Ada,Ada,Sumur terlindungi,Kurang
SMAN 2 CIMALAKA,20235620,SMA,Margamukti,Licin,Kec. Cimalaka,Kab. Sumedang,Prov. Jawa Barat,45353,-6.795800000000,107.949400000000,NEGERI,A,Ada,Ada,Mata air terlindungi,Cukup
SMAN 2 SUMEDANG,20208420,SMA,Rancamulya,Rancamulya,Kec. Sumedang Utara,Kab. Sumedang,Prov. Jawa Barat,45321,-6.848300000000,107.946700000000,NEGERI,A,Ada,Ada,Sumur terlindungi,Cukup
SMAN 3 SUMEDANG,20208421,SMA,KETIB,Kotakaler,Kec. Sumedang Utara,Kab. Sumedang,Prov. Jawa Barat,45322,-6.844100000000,107.928800000000,NEGERI,A,Ada,Ada,Sumur terlindungi,Cukup
SMAN CIMANGGUNG,20235621,SMA,Bunter,Cihanjuang,Kec. Cimanggung,Kab. Sumedang,Prov. Jawa Barat,45364,-6.957200000000,107.821100000000,NEGERI,A,Ada,Ada,Sumur terlindungi,Cukup
SMAN CONGGEANG,20235622,SMA,CIDEMPET,Cibeureuyeuh,Kec. Conggeang,Kab. Sumedang,Prov. Jawa Barat,45391,-6.752800000000,108.006200000000,NEGERI,A,Ada,Ada,Mata air terlindungi,Cukup
SMAN DARMARAJA,20235623,SMA,cibarengkok,Darmaraja,Kec. Darmaraja,Kab. Sumedang,Prov. Jawa Barat,45372,-6.921200000000,108.066100000000,NEGERI,A,Ada,Ada,Sumur terlindungi,Cukup
SMAN JATINANGOR,20208422,SMA,Cisaladah,HEGARMANAH,Kec. Jatinangor,Kab. Sumedang,Prov. Jawa Barat,45363,-6.928300000000,107.779500000000,NEGERI,A,Ada,Ada,Ledeng/PAM,Cukup
SMAN JATINUNGGAL,20208423,SMA,Jatinunggal,Sirnasari,Kec. Jatinunggal,Kab. Sumedang,Prov. Jawa Barat,45376,-6.945600000000,108.124500000000,NEGERI,A,Ada,Ada,Pompa,Cukup
SMAN RANCAKALONG,20208408,SMA,Lebak Tulang,Nagarawangi,Kec. Rancakalong,Kab. Sumedang,Prov. Jawa Barat,45361,-6.826200000000,107.849400000000,NEGERI,A,Ada,Ada,Sumur terlindungi,Cukup
SMAN SITURAJA,20208391,SMA,Kaum,Situraja,Kec. Situraja,Kab. Sumedang,Prov. Jawa Barat,45371,-6.841200000000,108.017600000000,NEGERI,A,Ada,Ada,Ledeng/PAM,Cukup
SMAN TANJUNGSARI,20208392,SMA,Gudang,Gudang,Kec. Tanjungsari,Kab. Sumedang,Prov. Jawa Barat,45362,-6.897000000000,107.810400000000,NEGERI,A,Ada,Ada,Sumur terlindungi,Cukup
SMAN TOMO,20235624,SMA,Cijelag,Tomo,Kec. Tomo,Kab. Sumedang,Prov. Jawa Barat,45382,-6.763600000000,108.125800000000,NEGERI,A,Ada,Ada,Ledeng/PAM,Cukup
SMA ISLAM TERPADU INSAN SEJAHTERA,70011439,SMA,Perum Griya Medal Raharja Blok G No. 1,Sukajaya,Kec. Sumedang Selatan,Kab. Sumedang,Prov. Jawa Barat,45311,-6.872100000000,107.917200000000,SWASTA,A,Ada,Ada,Sumur terlindungi,Cukup
SMA PLUS AL-AQSHA,69992302,SMA,Cibeusi,Cibeusi,Kec. Jatinangor,Kab. Sumedang,Prov. Jawa Barat,45363,-6.936100000000,107.760400000000,SWASTA,A,Ada,Ada,Pompa,Cukup
SMA PLUS AL-MUNAWWAARAH,69964748,SMA,Gunungmanik,Gunungmanik,Kec. Tanjungsari,Kab. Sumedang,Prov. Jawa Barat,45362,-6.900388000000,107.821387000000,SWASTA,A,Ada,Ada,Sumur terlindungi,Cukup
SMA Plus Ulumul Qur’an Al Mustofa,70008586,SMA,,Citali,Kec. Pamulihan,Kab. Sumedang,Prov. Jawa Barat,,-6.886600000000,107.810500000000,SWASTA,B,Ada,Ada,Sumur terlindungi,Cukup
SMA ZUMROTUL MUTTAQIEN,69953978,SMA,Padasuka,Situraja Utara,Kec. Situraja,Kab. Sumedang,Prov. Jawa Barat,45371,-6.837700000000,108.019100000000,SWASTA,B,Ada,Ada,Sumur terlindungi,Cukup
SMAS AL MASOEM JATINANGOR,20235625,SMA,CIPACING,Cipacing,Kec. Jatinangor,Kab. Sumedang,Prov. Jawa Barat,45363,-6.947200000000,107.758700000000,SWASTA,A,Ada,Ada,Pompa,Cukup
SMAS DARUL FATWA JATINANGOR,20235618,SMA,-,Jatiroke,Kec. Jatinangor,Kab. Sumedang,Prov. Jawa Barat,45363,-6.939500000000,107.789600000000,SWASTA,A,Ada,Ada,Sumur terlindungi,Cukup
SMAS PASUNDAN TANJUNGSARI,20208424,SMA,Gudang,Gudang,Kec. Tanjungsari,Kab. Sumedang,Prov. Jawa Barat,45362,-6.897400000000,107.809800000000,SWASTA,A,Ada,Ada,Sumur terlindungi,Cukup
SMAS PGRI PARAKAN MUNCANG,20235626,SMA,Sindangkasih,Sindangpakuon,Kec. Cimanggung,Kab. Sumedang,Prov. Jawa Barat,45364,-6.962920000000,107.827736000000,SWASTA,A,Ada,Ada,Ledeng/PAM,Cukup
SMAS PGRI SITURAJA,20208425,SMA,Sukalare,Jatimekar,Kec. Situraja,Kab. Sumedang,Prov. Jawa Barat,45371,-6.847900000000,108.027500000000,SWASTA,B,Ada,Ada,Sumur terlindungi,Cukup
SMAS PLUS AL-FALAH JATINANGOR,20251886,SMA,Dusun Cahyasari,Cileles,Kec. Jatinangor,Kab. Sumedang,Prov. Jawa Barat,45363,-6.910800000000,107.776400000000,SWASTA,B,Ada,Ada,Ledeng/PAM,Cukup
SMAS PLUS GUNA CIPTA,20235628,SMA,Pakuluran,Sindanggalih,Kec. Cimanggung,Kab. Sumedang,Prov. Jawa Barat,45364,-6.961600000000,107.813200000000,SWASTA,A,Ada,Ada,Ledeng/PAM,Cukup
SMAS YADIKA SUMEDANG,20271298,SMA,GUDANG,Gudang,Kec. Tanjungsari,Kab. Sumedang,Prov. Jawa Barat,45362,-6.897300000000,107.808900000000,SWASTA,A,Ada,Ada,Sumur terlindungi,Cukup
SMAS YKM TANJUNGSARI,20235629,SMA,Gudang,Gudang,Kec. Tanjungsari,Kab. Sumedang,Prov. Jawa Barat,45362,-6.896600000000,107.809500000000,SWASTA,A,Ada,Ada,Ledeng/PAM,Cukup
SMA NEGERI 1 SALOPA,69964365,SMA,Suniabana,Mulyasari,Kec. Salopa,Kab. Tasikmalaya,Prov. Jawa Barat,46192,-7.544100000000,108.324100000000,NEGERI,B,Ada,Ada,Sumur terlindungi,Cukup
SMAN 1 BANTARKALONG,20262716,SMA,Parungpung,Pamijahan,Kec. Bantarkalong,Kab. Tasikmalaya,Prov. Jawa Barat,46187,-7.576600000000,108.097000000000,NEGERI,A,Ada,Ada,Sumur terlindungi,Cukup
SMAN 1 CIAWI,20210768,SMA,PASIRHUNI,Pasirhuni,Kec. Ciawi,Kab. Tasikmalaya,Prov. Jawa Barat,46156,-7.138100000000,108.144100000000,NEGERI,A,Ada,Ada,Sumur terlindungi,Cukup
SMAN 1 CIGALONTANG,20238548,SMA,Pasirmalang,Lengkongjaya,Kec. Cigalontang,Kab. Tasikmalaya,Prov. Jawa Barat,46463,-7.352600000000,108.035400000000,NEGERI,A,Ada,Ada,Mata air terlindungi,Cukup
SMAN 1 CIKALONG,20210767,SMA,DESAKOLOT,Singkir,Kec. Cikalong,Kab. Tasikmalaya,Prov. Jawa Barat,46195,-7.734100000000,108.180000000000,NEGERI,A,Ada,Ada,Sumur terlindungi,Cukup
SMAN 1 CIKATOMAS,20210766,SMA,Kp. Cipaku,Pakemitan,Kec. Cikatomas,Kab. Tasikmalaya,Prov. Jawa Barat,46193,-7.610800000000,108.261700000000,NEGERI,A,Ada,Ada,Sumur terlindungi,Cukup
SMAN 1 CINEAM,20210765,SMA,Ciluncat,Madiasari,Kec. Cineam,Kab. Tasikmalaya,Prov. Jawa Barat,46198,-7.386200000000,108.356000000000,NEGERI,A,Ada,Tidak ada,Sumur terlindungi,Kurang
SMAN 1 CIPATUJAH,20210764,SMA,Lapang,Cipatujah,Kec. Cipatujah,Kab. Tasikmalaya,Prov. Jawa Barat,46189,-7.747600000000,108.019000000000,NEGERI,A,Ada,Ada,Air sungai,Cukup
SMAN 1 CISAYONG,69881559,SMA,Babakan,Cisayong,Kec. Cisayong,Kab. Tasikmalaya,Prov. Jawa Barat,46153,-7.262000000000,108.144800000000,NEGERI,A,Ada,Ada,Sumur terlindungi,Cukup
SMAN 1 JAMANIS,69969278,SMA,Kp Gereba Kidul,Karangresik,Kec. Jamanis,Kab. Tasikmalaya,Prov. Jawa Barat,46175,-7.176600000000,108.158000000000,NEGERI,B,Ada,Ada,Sumur terlindungi,Kurang
SMAN 1 JATIWARAS,20210763,SMA,Demunglandung,Papayan,Kec. Jatiwaras,Kab. Tasikmalaya,Prov. Jawa Barat,46180,-7.467400000000,108.201800000000,NEGERI,A,Ada,Ada,Mata air terlindungi,Cukup
SMAN 1 KARANGNUNGGAL,20210742,SMA,Karangnunggal,Karangnunggal,Kec. Karangnunggal,Kab. Tasikmalaya,Prov. Jawa Barat,46186,-7.626300000000,108.133000000000,NEGERI,A,Ada,Ada,Pompa,Kurang
SMAN 1 MANONJAYA,20210741,SMA,-,Margaluyu,Kec. Manonjaya,Kab. Tasikmalaya,Prov. Jawa Barat,46197,-7.347400000000,108.300500000000,NEGERI,A,Ada,Ada,Pompa,Cukup
SMAN 1 SARIWANGI,20210780,SMA,Cipaku,Sukamulih,Kec. Sariwangi,Kab. Tasikmalaya,Prov. Jawa Barat,46465,-7.315900000000,108.072100000000,NEGERI,A,Ada,Ada,Ledeng/PAM,Cukup
SMAN 1 SINGAPARNA,20210740,SMA,Kokol,Sukamulya,Kec. Singaparna,Kab. Tasikmalaya,Prov. Jawa Barat,13924,-7.354400000000,108.119400000000,NEGERI,A,Ada,Ada,Sumur terlindungi,Cukup
SMAN 1 SODONGHILIR,20210719,SMA,Derah Babakan,Sepatnunggal,Kec. Sodonghilir,Kab. Tasikmalaya,Prov. Jawa Barat,46473,-7.501600000000,108.082500000000,NEGERI,A,Ada,Ada,Sumur terlindungi,Cukup
SMAN 1 TARAJU,20210718,SMA,Balariuk,Singasari,Kec. Taraju,Kab. Tasikmalaya,Prov. Jawa Barat,46474,-7.457000000000,108.000500000000,NEGERI,A,Ada,Ada,Sumur terlindungi,Cukup
SMAN 2 SINGAPARNA,69788581,SMA,Pameungpeuk,Cikunir,Kec. Singaparna,Kab. Tasikmalaya,Prov. Jawa Barat,46418,-7.345200000000,108.147700000000,NEGERI,A,Ada,Tidak ada,Sumur terlindungi,Cukup
SMA AL-KAUTSAR,69954465,SMA,CIBANGUN,Tenjonagara,Kec. Cigalontang,Kab. Tasikmalaya,Prov. Jawa Barat,46463,-7.318373000000,108.002403000000,SWASTA,B,Ada,Tidak ada,Sumur terlindungi,Cukup
SMA AT-TAJDID BOARDING SCHOOL,69934717,SMA,Singaparna,Singaparna,Kec. Singaparna,Kab. Tasikmalaya,Prov. Jawa Barat,46411,-7.345800000000,108.111300000000,SWASTA,B,Ada,Ada,Pompa,Cukup
SMA GAZA,69934744,SMA,Kampung Babakan,Pusparaja,Kec. Cigalontang,Kab. Tasikmalaya,Prov. Jawa Barat,46463,-7.354200000000,108.023700000000,SWASTA,A,Ada,Ada,Sumur tidak terlindungi,Cukup
SMA GEMAYASIH BOARDING SCHOOL,70026552,SMA,Cibungur,Cibungur,Kec. Parungponteng,Kab. Tasikmalaya,Prov. Jawa Barat,46183,-7.512700000000,108.132800000000,SWASTA,B,Ada,Ada,Sumur terlindungi,Cukup
SMA ISLAM BINA INSAN MANDIRI,69830500,SMA,Cisegel,Hegarwangi,Kec. Bantarkalong,Kab. Tasikmalaya,Prov. Jawa Barat,46187,-7.606600000000,108.106900000000,SWASTA,B,Ada,Ada,Air sungai,Cukup
SMA ISLAM CIPICUNG,20238547,SMA,PUSPAMUKTI,Puspamukti,Kec. Cigalontang,Kab. Tasikmalaya,Prov. Jawa Barat,46463,-7.348600000000,108.013900000000,SWASTA,B,Ada,Ada,Ledeng/PAM,Cukup
SMA ISLAM TERPADU AL-FAQIH,69983922,SMA,Kalimanggis,Kalimanggis,Kec. Manonjaya,Kab. Tasikmalaya,Prov. Jawa Barat,46197,-7.364366000000,108.302368000000,SWASTA,A,Ada,Ada,Pompa,Cukup
SMA Islam Terpadu Nurul Jannah,69947328,SMA,Cilangen,Kiarajangkung,Kec. Sukahening,Kab. Tasikmalaya,Prov. Jawa Barat,46154,-7.205700000000,108.130300000000,SWASTA,B,Ada,Ada,Mata air terlindungi,Cukup
SMA IT AR-ROHMAH,69935715,SMA,Kp. Cipatat,Cibeber,Kec. Cikalong,Kab. Tasikmalaya,Prov. Jawa Barat,46195,-7.715400000000,108.191700000000,SWASTA,B,Ada,Ada,Sumur terlindungi,Cukup
SMA IT QOSHRUL MUHAJIRIN,70005381,SMA,Babakannangka,Cilampunghilir,Kec. Padakembang,Kab. Tasikmalaya,Prov. Jawa Barat,46466,-7.292514400000,108.115626900000,SWASTA,B,Ada,Ada,Ledeng/PAM,Cukup
SMA IT UMMUL QURO,69952223,SMA,SUKAHENING,Kawitan,Kec. Salopa,Kab. Tasikmalaya,Prov. Jawa Barat,46192,-7.582100000000,108.097793100000,SWASTA,B,Ada,Ada,Sumur terlindungi,Kurang
SMA IT YASHUDA,69934911,SMA,Sukahurip,Sinagar,Kec. Sukaratu,Kab. Tasikmalaya,Prov. Jawa Barat,46152,-7.282772100000,108.140485800000,SWASTA,C,Ada,Ada,Sumur terlindungi,Cukup
SMA KYAI HAJI SAEPUDIN ZUHRI,70011500,SMA,kampun haurkuning,Mandalaguna,Kec. Salopa,Kab. Tasikmalaya,Prov. Jawa Barat,46192,0.000300000000,0.000200000000,SWASTA,B,Ada,Ada,Mata air terlindungi,Cukup
SMA NANGTANG,69953926,SMA,Nangka Bongkok,Nangtang,Kec. Cigalontang,Kab. Tasikmalaya,Prov. Jawa Barat,46463,-7.357700000000,107.999100000000,SWASTA,B,Ada,Ada,Sumur terlindungi,Kurang
SMA NURUL FALAH,69758461,SMA,Cidugaleun,Cidugaleun,Kec. Cigalontang,Kab. Tasikmalaya,Prov. Jawa Barat,46463,-7.279800000000,108.020500000000,SWASTA,A,Ada,Ada,Air sungai,Kurang
SMA PLUS AL-HIKMAH SUKARAJA,69954549,SMA,,Janggala,Kec. Sukaraja,Kab. Tasikmalaya,Prov. Jawa Barat,46183,-7.457400000000,108.191100000000,SWASTA,B,Ada,Ada,Sumur terlindungi,Cukup
SMA PLUS AL-MUBAROK,69934745,SMA,Karyamandala,Karyamandala,Kec. Salopa,Kab. Tasikmalaya,Prov. Jawa Barat,46192,-7.543300000000,108.283200000000,SWASTA,B,Ada,Ada,Sumur terlindungi,Kurang
SMA PLUS ASSYIFA,69934728,SMA,Situpari,Cibeber,Kec. Cikalong,Kab. Tasikmalaya,Prov. Jawa Barat,46195,-7.701700000000,108.194500000000,SWASTA,C,Ada,Ada,Mata air terlindungi,Cukup
SMA PLUS KOMARULAHYAR,69934741,SMA,Cicomre,Bojongkapol,Kec. Bojonggambir,Kab. Tasikmalaya,Prov. Jawa Barat,46475,-7.596800000000,107.953600000000,SWASTA,B,Ada,Tidak ada,Sumur terlindungi,Cukup
SMA PLUS PANCATENGAH,69809508,SMA,Kp.Ciceuri,Pancawangi,Kec. Pancatengah,Kab. Tasikmalaya,Prov. Jawa Barat,46194,-7.698500000000,108.307600000000,SWASTA,B,Ada,Ada,Sumur terlindungi,Cukup
SMA PUSAKA KABUPATEN TASIKMALAYA,70044352,SMA,Cihanja,Cikeusal,Kec. Tanjungjaya,Kab. Tasikmalaya,Prov. Jawa Barat,46184,-7.438600000000,108.124700000000,SWASTA,Belum Akreditasi,Ada,Ada,Pompa,Cukup
SMA QUR’AN PESANTREN CIPANSOR,70038414,SMA,KP. NYALINDUNG,Buniasih,Kec. Kadipaten,Kab. Tasikmalaya,Prov. Jawa Barat,46157,0.000000000000,0.000000000000,SWASTA,Belum Akreditasi,Ada,Ada,Mata air tdk terlindungi,Cukup
SMA QURANIC SCIENCE BOARDING SCHOOL,70006483,SMA,CIRAGEM,Ciampanan,Kec. Cineam,Kab. Tasikmalaya,Prov. Jawa Barat,46198,-7.386300000000,108.388300000000,SWASTA,A,Ada,Ada,Sumur terlindungi,Kurang
SMA SABILUL HUDA,69897019,SMA,Baru Sindangsari,Sukasukur,Kec. Mangunreja,Kab. Tasikmalaya,Prov. Jawa Barat,46462,-7.373400000000,108.074000000000,SWASTA,B,Ada,Ada,Air hujan,Tidak ada
SMA TERPADU BABUSSALAM,69870672,SMA,Calingcing Kidul,Calingcing,Kec. Sukahening,Kab. Tasikmalaya,Prov. Jawa Barat,46154,-7.208894000000,108.132695000000,SWASTA,B,Ada,Ada,Sumur tidak terlindungi,Cukup
SMA TERPADU DARUZZAHRA,70040371,SMA,,Kurniabakti,Kec. Ciawi,Kab. Tasikmalaya,Prov. Jawa Barat,,-7.151000000000,108.138900000000,SWASTA,Belum Akreditasi,Ada,Ada,Sumur terlindungi,Cukup
SMA TERPADU MANAHIJUL HUDA,69934747,SMA,Tejamaya,Sukaraja,Kec. Rajapolah,Kab. Tasikmalaya,Prov. Jawa Barat,46155,-7.207300000000,108.166800000000,SWASTA,A,Ada,Ada,Sumur terlindungi,Cukup
SMA TERPADU NADHIRUL ULUM,70034317,SMA,karyabakti,Karyabakti,Kec. Parungponteng,Kab. Tasikmalaya,Prov. Jawa Barat,46185,0.000000000000,0.000000000000,SWASTA,Belum Akreditasi,Ada,Ada,Pompa,Cukup
SMA TERPADU SALMAN AL-FARISI,69934731,SMA,Nagrak,Girijaya,Kec. Bojongasih,Kab. Tasikmalaya,Prov. Jawa Barat,46188,-7.586600000000,108.114700000000,SWASTA,C,Ada,Ada,Sumur tidak terlindungi,Cukup
SMA TUNAS NUSANTARA,69899135,SMA,Kertapura,Parentas,Kec. Cigalontang,Kab. Tasikmalaya,Prov. Jawa Barat,46463,-7.338800000000,108.005600000000,SWASTA,C,Ada,Ada,Mata air terlindungi,Cukup
SMAS AL HIDAYAH CUKANGKAWUNG,20210746,SMA,DESA,Cukangkawung,Kec. Sodonghilir,Kab. Tasikmalaya,Prov. Jawa Barat,46473,-7.474400000000,108.017000000000,SWASTA,B,Ada,Ada,Sumur terlindungi,Cukup
SMAS AL HIDAYAH PUSPAHIANG,20210748,SMA,MULYASARI,Luyubakti,Kec. Puspahiang,Kab. Tasikmalaya,Prov. Jawa Barat,46472,-7.419100000000,108.081100000000,SWASTA,B,Ada,Ada,Mata air terlindungi,Cukup
SMAS AL MUCHTAR SINGAPARNA,20210747,SMA,-,Cikadongdong,Kec. Singaparna,Kab. Tasikmalaya,Prov. Jawa Barat,46418,-7.345800000000,108.165500000000,SWASTA,B,Ada,Ada,Pompa,Cukup
SMAS AL MUKROM,20210774,SMA,GAMBIRWANGI,Bojonggambir,Kec. Bojonggambir,Kab. Tasikmalaya,Prov. Jawa Barat,46475,-7.517300000000,107.979400000000,SWASTA,A,Ada,Ada,Sumur terlindungi,Cukup
SMAS AL-IDRIS,69758462,SMA,-,Linggasirna,Kec. Sariwangi,Kab. Tasikmalaya,Prov. Jawa Barat,46465,-7.337300000000,108.086700000000,SWASTA,B,Ada,Ada,Air sungai,Cukup
SMAS IJTIMAUL AHADIAH,20262713,SMA,PURWARAHAYU,Taraju,Kec. Taraju,Kab. Tasikmalaya,Prov. Jawa Barat,46474,-7.424100000000,108.001400000000,SWASTA,B,Ada,Ada,Sumur terlindungi,Cukup
SMAS ISLAM CIPASUNG,20210745,SMA,KH. RUHIAT ponpes cipasung cipakat singaparna,Cipakat,Kec. Singaparna,Kab. Tasikmalaya,Prov. Jawa Barat,46417,-7.349900000000,108.127200000000,SWASTA,A,Ada,Ada,Ledeng/PAM,Cukup
SMAS ISLAM TERPADU RIYADLUSSHOLIHIN,20253274,SMA,Kubangsalawe,Tawangbanteng,Kec. Sukaratu,Kab. Tasikmalaya,Prov. Jawa Barat,46152,-7.301800000000,108.140700000000,SWASTA,B,Ada,Ada,Sumur terlindungi,Cukup
SMAS IT MIFTAHULHUDA,69753509,SMA,Sunara,Bojongasih,Kec. Bojongasih,Kab. Tasikmalaya,Prov. Jawa Barat,46187,-7.576400000000,108.109100000000,SWASTA,B,Ada,Ada,Sumur terlindungi,Cukup
SMAS ITTIHADUL UMMAT,20229514,SMA,Cikumpay,Cikeusal,Kec. Tanjungjaya,Kab. Tasikmalaya,Prov. Jawa Barat,46184,-7.455200000000,108.110000000000,SWASTA,B,Ada,Ada,Sumur terlindungi,Cukup
SMAS KHZ MUSTHAFA SUKAMANAH,20210743,SMA,SUKAMANAH,Sukarapih,Kec. Sukarame,Kab. Tasikmalaya,Prov. Jawa Barat,46461,-7.377900000000,108.136500000000,SWASTA,A,Ada,Ada,Sumur terlindungi,Cukup
SMAS MIFTAHUL ULUM,20229515,SMA,Kp. Cicadas,Tanjungsari,Kec. Gunungtanjung,Kab. Tasikmalaya,Prov. Jawa Barat,46197,-7.388600000000,108.297300000000,SWASTA,A,Ada,Ada,Sumur terlindungi,Cukup
SMAS MUHAMMADIYAH RAWA,20210760,SMA,Linggawangi,Linggawangi,Kec. Leuwisari,Kab. Tasikmalaya,Prov. Jawa Barat,46464,-7.317400000000,108.082800000000,SWASTA,B,Ada,Ada,Ledeng/PAM,Cukup
SMAS MUHAMMADIYAH SINGAPARNA,20210761,SMA,SINGAPARNA,Singaparna,Kec. Singaparna,Kab. Tasikmalaya,Prov. Jawa Barat,46411,-7.346500000000,108.111500000000,SWASTA,A,Ada,Ada,Ledeng/PAM,Cukup
SMAS NURUL AMANAH SALAWU,20210762,SMA,Cikeusik,Neglasari,Kec. Salawu,Kab. Tasikmalaya,Prov. Jawa Barat,46471,-7.365500000000,107.997100000000,SWASTA,A,Ada,Ada,Sumur terlindungi,Cukup
SMAS NURUL WAFA,20229516,SMA,Gununghideung,Sukarame,Kec. Sukarame,Kab. Tasikmalaya,Prov. Jawa Barat,46461,-7.365500000000,108.137300000000,SWASTA,A,Ada,Ada,Sumur terlindungi,Cukup
SMAS PESANTREN CINTAWANA,20210779,SMA,-,Cikunten,Kec. Singaparna,Kab. Tasikmalaya,Prov. Jawa Barat,46414,-7.361400000000,108.104600000000,SWASTA,A,Ada,Ada,Sumur terlindungi,Cukup
SMAS PGRI 43 SINGAPARNA,20210778,SMA,Kudang,Singaparna,Kec. Singaparna,Kab. Tasikmalaya,Prov. Jawa Barat,46411,-7.347400000000,108.119000000000,SWASTA,A,Ada,Ada,Sumur terlindungi,Cukup
SMAS PGRI SALAWU,20210775,SMA,Warungpeuteuy,Margalaksana,Kec. Salawu,Kab. Tasikmalaya,Prov. Jawa Barat,46471,-7.376900000000,108.045800000000,SWASTA,A,Ada,Ada,Pompa,Cukup
SMAS PLUS AL WAHID SALAWU,20210773,SMA,Wanasigra,Tenjowaringin,Kec. Salawu,Kab. Tasikmalaya,Prov. Jawa Barat,46471,-7.330900000000,107.941300000000,SWASTA,A,Ada,Ada,Sumur terlindungi,Cukup
SMAS PLUS AL-FALAH,20268843,SMA,Citoe,Cidadap,Kec. Karangnunggal,Kab. Tasikmalaya,Prov. Jawa Barat,46186,-7.777100000000,108.117700000000,SWASTA,C,Ada,Ada,Sumur terlindungi,Cukup
SMAS PLUS MUALLIMIN PERSIS RAJAPOLAH,20210772,SMA,Nanjungsari,Manggungjaya,Kec. Rajapolah,Kab. Tasikmalaya,Prov. Jawa Barat,46155,-7.219600000000,108.196400000000,SWASTA,B,Ada,Ada,Mata air terlindungi,Cukup
SMAS PLUS NURUL ILMI,20210717,SMA,Banceuy,Singajaya,Kec. Cibalong,Kab. Tasikmalaya,Prov. Jawa Barat,46185,-7.499600000000,108.192300000000,SWASTA,A,Ada,Ada,Sumur terlindungi,Cukup
SMAS SERBA BAKTI,20210770,SMA,GODEBAG,Tanjungkerta,Kec. Pagerageung,Kab. Tasikmalaya,Prov. Jawa Barat,46158,-7.125600000000,108.215300000000,SWASTA,A,Ada,Ada,Sumur terlindungi,Cukup
SMAS TERPADU AL-MUKHTAR,69786373,SMA,PADAKARIA,Linggasirna,Kec. Sariwangi,Kab. Tasikmalaya,Prov. Jawa Barat,46465,-7.336500000000,108.082300000000,SWASTA,B,Ada,Ada,Sumur terlindungi,Cukup
SMAS TERPADU DARUSSALAM,20258065,SMA,Narunggul,Tanjungpura,Kec. Rajapolah,Kab. Tasikmalaya,Prov. Jawa Barat,46155,-7.193100000000,108.204300000000,SWASTA,A,Ada,Ada,Sumur terlindungi,Kurang
SMAS YAB SUKARATU,20210769,SMA,Batumasigit,Sinagar,Kec. Sukaratu,Kab. Tasikmalaya,Prov. Jawa Barat,46152,-7.290900000000,108.146600000000,SWASTA,A,Ada,Ada,Sumur terlindungi,Cukup
SMAS YAPPAS AL BAROKAH,20210744,SMA,Rancapaku,Rancapaku,Kec. Padakembang,Kab. Tasikmalaya,Prov. Jawa Barat,46466,-7.322400000000,108.140500000000,SWASTA,A,Ada,Ada,Pompa,Cukup
SMAN 1 BANDUNG,20219271,SMA,-,Lebak Siliwangi,Kec. Coblong,Kota Bandung,Prov. Jawa Barat,40132,-6.895400000000,107.612500000000,NEGERI,A,Ada,Ada,Ledeng/PAM,Cukup
SMAN 10 BANDUNG,20219257,SMA,-,Cikutra,Kec. Cibeunying Kidul,Kota Bandung,Prov. Jawa Barat,40124,-6.902400000000,107.643400000000,NEGERI,A,Ada,Ada,Pompa,Cukup
SMAN 11 BANDUNG,20219243,SMA,-,Cigereleng,Kec. Regol,Kota Bandung,Prov. Jawa Barat,40253,-6.940500000000,107.610400000000,NEGERI,A,Ada,Ada,Sumur terlindungi,Cukup
SMAN 12 BANDUNG,20219241,SMA,Sukapura,Sukapura,Kec. Kiaracondong,Kota Bandung,Prov. Jawa Barat,40285,-6.941324700000,107.646235600000,NEGERI,A,Ada,Ada,Sumur terlindungi,Cukup
SMAN 13 BANDUNG,20219240,SMA,-,Campaka,Kec. Andir,Kota Bandung,Prov. Jawa Barat,40184,-6.903500000000,107.565100000000,NEGERI,A,Ada,Ada,Pompa,Cukup
SMAN 14 BANDUNG,20219239,SMA,-,Cicadas,Kec. Cibeunying Kidul,Kota Bandung,Prov. Jawa Barat,40121,-6.903000000000,107.635800000000,NEGERI,A,Ada,Ada,Ledeng/PAM,Kurang
SMAN 15 BANDUNG,20219238,SMA,SARIJADI,Sarijadi,Kec. Sukasari,Kota Bandung,Prov. Jawa Barat,40151,-6.872700000000,107.586900000000,NEGERI,A,Ada,Ada,Sumur terlindungi,Cukup
SMAN 16 BANDUNG,20219237,SMA,,Babakan Sari,Kec. Kiaracondong,Kota Bandung,Prov. Jawa Barat,40283,-6.926500000000,107.656800000000,NEGERI,A,Ada,Ada,Pompa,Cukup
SMAN 17 BANDUNG,20219235,SMA,-,Babakan Ciparay,Kec. Babakan Ciparay,Kota Bandung,Prov. Jawa Barat,40223,-6.942000000000,107.574900000000,NEGERI,A,Ada,Ada,Sumur terlindungi,Cukup
SMAN 18 BANDUNG,20219244,SMA,-,Kopo,Kec. Bojong Loa Kaler,Kota Bandung,Prov. Jawa Barat,40233,-6.938376600000,107.584911000000,NEGERI,A,Ada,Ada,Sumur terlindungi,Cukup
SMAN 19 BANDUNG,20219246,SMA,-,Dago,Kec. Coblong,Kota Bandung,Prov. Jawa Barat,40135,-6.873621800000,107.616132200000,NEGERI,A,Ada,Ada,Ledeng/PAM,Kurang
SMAN 2 BANDUNG,20219254,SMA,-,Cipaganti,Kec. Coblong,Kota Bandung,Prov. Jawa Barat,40131,-6.889100000000,107.603200000000,NEGERI,A,Ada,Ada,Pompa,Cukup
SMAN 20 BANDUNG,20219253,SMA,-,Citarum,Kec. Bandung Wetan,Kota Bandung,Prov. Jawa Barat,40115,-6.904000000000,107.622200000000,NEGERI,A,Ada,Ada,Ledeng/PAM,Cukup
SMAN 21 BANDUNG,20219251,SMA,,Margasari,Kec. Buahbatu,Kota Bandung,Prov. Jawa Barat,40286,-6.957300000000,107.671600000000,NEGERI,A,Ada,Ada,Pompa,Cukup
SMAN 22 BANDUNG,20219250,SMA,-,Turangga,Kec. Lengkong,Kota Bandung,Prov. Jawa Barat,40264,-6.942200000000,107.630900000000,NEGERI,A,Ada,Ada,Sumur terlindungi,Cukup
SMAN 23 BANDUNG,20219249,SMA,-,Antapani Wetan,Kec. Antapani,Kota Bandung,Prov. Jawa Barat,40291,-6.912770000000,107.664913200000,NEGERI,A,Ada,Ada,Pompa,Cukup
SMAN 24 BANDUNG,20219248,SMA,-,Pasir Endah,Kec. Ujungberung,Kota Bandung,Prov. Jawa Barat,40619,-6.908300000000,107.688700000000,NEGERI,A,Ada,Ada,Pompa,Cukup
SMAN 25 BANDUNG,20219247,SMA,-,MEKAR JAYA,Kec. Rancasari,Kota Bandung,Prov. Jawa Barat,40613,-6.966569700000,107.665256600000,NEGERI,A,Ada,Tidak ada,Pompa,Cukup
SMAN 26 BANDUNG,20219233,SMA,Cipadung,Cipadung,Kec. Cibiru,Kota Bandung,Prov. Jawa Barat,40614,-6.917300000000,107.725300000000,NEGERI,A,Ada,Ada,Sumur terlindungi,Cukup
SMAN 27 BANDUNG,20265516,SMA,,Rancanumpang,Kec. Gedebage,Kota Bandung,Prov. Jawa Barat,40295,-6.959200000000,107.707300000000,NEGERI,A,Ada,Ada,Pompa,Cukup
SMAN 3 BANDUNG,20219327,SMA,-,Merdeka,Kec. Sumur Bandung,Kota Bandung,Prov. Jawa Barat,40113,-6.912300000000,107.614900000000,NEGERI,A,Ada,Ada,Sumur terlindungi,Cukup
SMAN 4 BANDUNG,20219312,SMA,,Kebon Jeruk,Kec. Andir,Kota Bandung,Prov. Jawa Barat,40181,-6.919300000000,107.596200000000,NEGERI,A,Ada,Ada,Pompa,Cukup
SMAN 5 BANDUNG,20219309,SMA,-,Merdeka,Kec. Sumur Bandung,Kota Bandung,Prov. Jawa Barat,40113,-6.912000000000,107.615400000000,NEGERI,A,Ada,Ada,Sumur terlindungi,Cukup
SMAN 6 BANDUNG,20219306,SMA,-,Arjuna,Kec. Cicendo,Kota Bandung,Prov. Jawa Barat,40172,-6.911300000000,107.597800000000,NEGERI,A,Ada,Ada,Pompa,Cukup
SMAN 7 BANDUNG,20219316,SMA,-,Paledang,Kec. Lengkong,Kota Bandung,Prov. Jawa Barat,40261,-6.923000000000,107.615000000000,NEGERI,A,Ada,Ada,Pompa,Cukup
SMAN 8 BANDUNG,20219326,SMA,-,Turangga,Kec. Lengkong,Kota Bandung,Prov. Jawa Barat,40264,-6.938300000000,107.625800000000,NEGERI,A,Ada,Ada,Pompa,Cukup
SMAN 9 BANDUNG,20219324,SMA,Pajajaran,Pajajaran,Kec. Cicendo,Kota Bandung,Prov. Jawa Barat,40173,-6.901000000000,107.585800000000,NEGERI,A,Ada,Ada,Ledeng/PAM,Cukup
Sekolah Menengah Atas Kristen (SMAK) BPK Penabur Banda,70028130,SMA,,Citarum,Kec. Bandung Wetan,Kota Bandung,Prov. Jawa Barat,40115,-6.905554700000,107.616395900000,SWASTA,A,Ada,Ada,Ledeng/PAM,Cukup
SMA AL BIRUNI CERDAS MULIA,69965368,SMA,,Cipadung Kidul,Kec. Panyileukan,Kota Bandung,Prov. Jawa Barat,40614,-6.940500000000,107.711300000000,SWASTA,A,Ada,Ada,Pompa,Cukup
SMA AL FALAH KOTA BANDUNG,20219758,SMA,-,Dago,Kec. Coblong,Kota Bandung,Prov. Jawa Barat,40135,-6.883100000000,107.613000000000,SWASTA,A,Ada,Ada,Ledeng/PAM,Cukup
SMA AL KENZIE,70006693,SMA,,Cijaura,Kec. Buahbatu,Kota Bandung,Prov. Jawa Barat,,-6.957400000000,107.656700000000,SWASTA,A,Ada,Ada,Pompa,Cukup
SMA Al-Ihsan Cimencrang Bandung,70032509,SMA,Cimincrang,Cimincrang,Kec. Gedebage,Kota Bandung,Prov. Jawa Barat,40292,-6.944600000000,107.705900000000,SWASTA,B,Ada,Ada,Ledeng/PAM,Cukup
SMA BANDUNG INDEPENDENT SCHOOL,69850868,SPK SMA,Sukawarna,Sukawarna,Kec. Sukajadi,Kota Bandung,Prov. Jawa Barat,40164,-6.884500000000,107.580700000000,SWASTA,B,Ada,Ada,Sumur terlindungi,Tidak ada
SMA BPK PENABUR HOLIS,69895400,SMA,Cigondewah Kaler,Cigondewah Kidul,Kec. Bandung Kulon,Kota Bandung,Prov. Jawa Barat,40214,-6.938600000000,107.564500000000,SWASTA,A,Ada,Ada,Sumur terlindungi,Cukup
SMA Citra Cemara,70024550,SMA,,Cibuntu,Kec. Bandung Kulon,Kota Bandung,Prov. Jawa Barat,40212,-6.919600000000,107.571000000000,SWASTA,A,Ada,Ada,Ledeng/PAM,Cukup
SMA Daarut Tauhiid Boarding School Putri,70029866,SMA,Gegerkalong,Gegerkalong,Kec. Sukasari,Kota Bandung,Prov. Jawa Barat,40153,-6.864100000000,107.590000000000,SWASTA,A,Ada,Ada,Sumur terlindungi,Cukup
SMA EDU GLOBAL,69946479,SMA,COBLONG,Merdeka,Kec. Sumur Bandung,Kota Bandung,Prov. Jawa Barat,40132,-6.896800000000,107.613000000000,SWASTA,A,Ada,Ada,Ledeng/PAM,Cukup
SMA EL FITRA,70032579,SMA,Cisaranten Kidul,Cisaranten Kidul,Kec. Gedebage,Kota Bandung,Prov. Jawa Barat,40294,-6.939100000000,107.679900000000,SWASTA,A,Ada,Ada,Pompa,Cukup
SMA Global Prestasi Bandung,69953506,SPK SMA,Ciumbuleuit,Ciumbuleuit,Kec. Cidadap,Kota Bandung,Prov. Jawa Barat,40142,-6.862000000000,107.617600000000,SWASTA,A,Ada,Ada,Ledeng/PAM,Cukup
SMA HARAPAN KASIH,69979164,SMA,Mekar Wangi,Mekar Wangi,Kec. Bojong Loa Kidul,Kota Bandung,Prov. Jawa Barat,40237,-6.952700000000,107.603400000000,SWASTA,A,Ada,Ada,Lainnya,Cukup
SMA INTELIGENSIA,70011502,SMA,,Cipadung Kulon,Kec. Panyileukan,Kota Bandung,Prov. Jawa Barat,40619,-6.921300000000,107.709900000000,SWASTA,A,Ada,Ada,Pompa,Cukup
SMA ISLAM TERPADU AL IRSYAD AL ISLAMIYYAH,70051306,SMA,,Neglasari,Kec. Cibeunying Kaler,Kota Bandung,Prov. Jawa Barat,,0.000000000000,0.000000000000,SWASTA,Belum Akreditasi,Ada,Ada,Sumur terlindungi,Cukup
SMA KARTIKA XIX-2,20219725,SMA,Gegerkalong,Gegerkalong,Kec. Sukasari,Kota Bandung,Prov. Jawa Barat,40153,-6.865200000000,107.587700000000,SWASTA,A,Ada,Ada,Pompa,Cukup
SMA KRISTEN BPPK,20219810,SMA,-,Kebon Jeruk,Kec. Andir,Kota Bandung,Prov. Jawa Barat,40181,-6.916200000000,107.598600000000,SWASTA,A,Ada,Ada,Pompa,Cukup
SMA Kuntum Cemerlang,69895412,SMA,,Ciumbuleuit,Kec. Cidadap,Kota Bandung,Prov. Jawa Barat,40143,-6.862100000000,107.601800000000,SWASTA,A,Ada,Ada,Ledeng/PAM,Cukup
SMA Nehru Memorial School,69895438,SPK SMA,Braga,Braga,Kec. Sumur Bandung,Kota Bandung,Prov. Jawa Barat,40111,-6.921148000000,107.628188000000,SWASTA,C,Ada,Ada,Pompa,Cukup
SMA PELITA FAJAR,69991690,SMA,Jamika,Jamika,Kec. Bojong Loa Kaler,Kota Bandung,Prov. Jawa Barat,40231,-6.927169100000,107.594525700000,SWASTA,A,Ada,Ada,Pompa,Cukup
SMA PELITA NUSANTARA,69882370,SMA,Campaka,Campaka,Kec. Andir,Kota Bandung,Prov. Jawa Barat,40184,-6.901600000000,107.569100000000,SWASTA,A,Ada,Ada,Pompa,Cukup
SMA PGII 1,20219782,SMA,-,Lebak Gede,Kec. Coblong,Kota Bandung,Prov. Jawa Barat,40132,-6.898000000000,107.616800000000,SWASTA,A,Ada,Ada,Sumur terlindungi,Cukup
SMA PGII 2,20219781,SMA,Sukaluyu I,Cihaurgeulis,Kec. Cibeunying Kaler,Kota Bandung,Prov. Jawa Barat,40122,-6.900400000000,107.633400000000,SWASTA,A,Ada,Ada,Sumur terlindungi,Cukup
SMA SANTA MARIA 2,20219264,SMA,,Cicaheum,Kec. Kiaracondong,Kota Bandung,Prov. Jawa Barat,40282,-6.908100000000,107.651300000000,SWASTA,A,Ada,Ada,Sumur terlindungi,Cukup
SMA TEMASEK INDEPENDENT SCHOOL,69935558,SMA,Gegerkalong,Gegerkalong,Kec. Sukasari,Kota Bandung,Prov. Jawa Barat,40153,-6.877179000000,107.594119000000,SWASTA,Tidak Terakreditasi,Ada,Ada,Pompa,Cukup
SMA TUNAS UNGGUL,70023547,SMA,,Karang Pamulang,Kec. Mandalajati,Kota Bandung,Prov. Jawa Barat,40194,-6.898918500000,107.675488400000,SWASTA,B,Ada,Ada,Pompa,Cukup
SMAIT MIFTAHUL KHOIR,20219716,SMA,-,Dago,Kec. Coblong,Kota Bandung,Prov. Jawa Barat,40135,-6.880320400000,107.621483300000,SWASTA,B,Ada,Ada,Sumur terlindungi,Cukup
SMAK BPK PENABUR SINGGASANA,70012920,SMA,,Mekar Wangi,Kec. Bojong Loa Kidul,Kota Bandung,Prov. Jawa Barat,,-6.953600000000,107.598900000000,SWASTA,A,Ada,Ada,Sumur terlindungi,Cukup
SMAK GAMALIEL,20253894,SMA,-,Cibadak,Kec. Astanaanyar,Kota Bandung,Prov. Jawa Barat,40241,-6.920200000000,107.589700000000,SWASTA,A,Ada,Ada,Ledeng/PAM,Cukup
SMAS 19 BUMI SIL,20219749,SMA,Sadang Serang,Sekeloa,Kec. Coblong,Kota Bandung,Prov. Jawa Barat,40134,-6.889700000000,107.627300000000,SWASTA,A,Ada,Ada,Ledeng/PAM,Cukup
SMAS ADVENT,20219751,SMA,Kel. Kebon Pisang,Kebon Pisang,Kec. Sumur Bandung,Kota Bandung,Prov. Jawa Barat,40112,-6.920800000000,107.616400000000,SWASTA,A,Ada,Ada,Ledeng/PAM,Cukup
SMAS ADVENT CIMINDI BANDUNG,20219760,SMA,-,Campaka,Kec. Andir,Kota Bandung,Prov. Jawa Barat,40184,-6.906800000000,107.570400000000,SWASTA,A,Ada,Ada,Pompa,Cukup
SMAS AL HADI,20219757,SMA,-,Karang Pamulang,Kec. Mandalajati,Kota Bandung,Prov. Jawa Barat,40194,-6.903700000000,107.667400000000,SWASTA,A,Ada,Ada,Sumur terlindungi,Cukup
SMAS AL ISLAM,20265517,SMA,Cigagak,Cisurupan,Kec. Cibiru,Kota Bandung,Prov. Jawa Barat,40614,-6.910000000000,107.722700000000,SWASTA,A,Ada,Ada,Sumur terlindungi,Cukup
SMAS ALFA CENTAURI,20265518,SMA,-,Citarum,Kec. Bandung Wetan,Kota Bandung,Prov. Jawa Barat,40115,-6.901300000000,107.624100000000,SWASTA,A,Ada,Ada,Sumur terlindungi,Cukup
SMAS ALLOYSIUS 1,20219263,SMA,-,Citarum,Kec. Bandung Wetan,Kota Bandung,Prov. Jawa Barat,40115,-6.905500000000,107.612200000000,SWASTA,A,Ada,Ada,Sumur terlindungi,Cukup
SMAS ALLOYSIUS 2,20219262,SMA,Mengger,Mengger,Kec. Bandung Kidul,Kota Bandung,Prov. Jawa Barat,40267,-6.955400000000,107.623600000000,SWASTA,A,Ada,Ada,Sumur terlindungi,Cukup
SMAS ANGKASA,20219756,SMA,-,Husen Sastranegara,Kec. Cicendo,Kota Bandung,Prov. Jawa Barat,40174,-6.906200000000,107.583000000000,SWASTA,A,Ada,Ada,Sumur terlindungi,Cukup
SMAS BAITURRAHMAN,20247287,SMA,-,Pasirjati,Kec. Ujungberung,Kota Bandung,Prov. Jawa Barat,40616,-6.908600000000,107.706000000000,SWASTA,A,Ada,Ada,Ledeng/PAM,Cukup
SMAS BINA BHAKTI 1,20219731,SMA,-,Arjuna,Kec. Cicendo,Kota Bandung,Prov. Jawa Barat,40172,-6.912200000000,107.595100000000,SWASTA,A,Ada,Ada,Ledeng/PAM,Cukup
SMAS BINA BHAKTI 2,20219729,SMA,-,Arjuna,Kec. Cicendo,Kota Bandung,Prov. Jawa Barat,40172,-6.907700000000,107.584200000000,SWASTA,A,Ada,Ada,Ledeng/PAM,Cukup
SMAS BINA DHARMA 1 BANDUNG,20219752,SMA,-,Gegerkalong,Kec. Sukasari,Kota Bandung,Prov. Jawa Barat,40153,-6.869900000000,107.592600000000,SWASTA,A,Ada,Ada,Pompa,Cukup
SMAS BINA DHARMA 2 BANDUNG,20219739,SMA,-,Babakan Sari,Kec. Kiaracondong,Kota Bandung,Prov. Jawa Barat,40283,-6.922600000000,107.652100000000,SWASTA,A,Ada,Ada,Sumur terlindungi,Kurang
SMAS BINTANG MULIA,20269170,SMA,-,Mekar Wangi,Kec. Bojong Loa Kidul,Kota Bandung,Prov. Jawa Barat,40237,-6.954900000000,107.614800000000,SWASTA,A,Ada,Ada,Pompa,Cukup
SMAS BPI 1 BANDUNG,20219738,SMA,-,BURANGRANG,Kec. Lengkong,Kota Bandung,Prov. Jawa Barat,40262,-6.923900000000,107.619400000000,SWASTA,A,Ada,Ada,Pompa,Cukup
SMAS BPK 1 PENABUR BANDUNG,20219730,SMA,Pamoyanan,Pamoyanan,Kec. Cicendo,Kota Bandung,Prov. Jawa Barat,40173,-6.905800000000,107.605400000000,SWASTA,A,Ada,Ada,Ledeng/PAM,Cukup
SMAS BPK 2 PENABUR,20219728,SMA,-,Pamoyanan,Kec. Cicendo,Kota Bandung,Prov. Jawa Barat,40173,-6.903700000000,107.596600000000,SWASTA,A,Ada,Ada,Pompa,Cukup
SMAS BPK 3 PENABUR BANDUNG,20219715,SMA,-,Campaka,Kec. Andir,Kota Bandung,Prov. Jawa Barat,40184,-6.898600000000,107.563700000000,SWASTA,A,Ada,Ada,Sumur terlindungi,Cukup
SMAS BPN,20219723,SMA,Cipadung,Cipadung,Kec. Cibiru,Kota Bandung,Prov. Jawa Barat,40614,-6.926300000000,107.717600000000,SWASTA,B,Ada,Ada,Sumur terlindungi,Cukup
SMAS BUNGA BANGSA BANDUNG,20219721,SMA,-,Ciumbuleuit,Kec. Cidadap,Kota Bandung,Prov. Jawa Barat,40142,-6.863600000000,107.621400000000,SWASTA,B,Ada,Ada,Ledeng/PAM,Cukup
SMAS DARUL HIKAM BANDUNG,20219720,SMA,cihaur gelis,Sekeloa,Kec. Coblong,Kota Bandung,Prov. Jawa Barat,40134,-6.902900000000,107.632800000000,SWASTA,A,Ada,Ada,Ledeng/PAM,Cukup
SMAS DARUL QUR AN,20272023,SMA,Kampung Ciwaru,Pasanggrahan,Kec. Ujungberung,Kota Bandung,Prov. Jawa Barat,40616,-6.909000000000,107.714300000000,SWASTA,A,Ada,Ada,Sumur terlindungi,Cukup
SMAS GUNA DHARMA,20219718,SMA,-,Cipadung Kulon,Kec. Panyileukan,Kota Bandung,Prov. Jawa Barat,40614,-6.918300000000,107.706500000000,SWASTA,A,Ada,Ada,Sumur terlindungi,Cukup
SMAS INDONESIA RAYA BANDUNG,20219717,SMA,,Sukawarna,Kec. Sukajadi,Kota Bandung,Prov. Jawa Barat,40164,-6.889000000000,107.580900000000,SWASTA,A,Ada,Ada,Sumur terlindungi,Cukup
SMAS ISTIQAMAH,20274909,SMA,-,Sekejati,Kec. Buahbatu,Kota Bandung,Prov. Jawa Barat,40286,-6.945300000000,107.646500000000,SWASTA,A,Ada,Ada,Sumur terlindungi,Cukup
SMAS JEND SUDIRMAN BANDUNG,20246324,SMA,-,Suka Asih,Kec. Bojong Loa Kaler,Kota Bandung,Prov. Jawa Barat,40233,-6.932900000000,107.592000000000,SWASTA,A,Ada,Ada,Sumur terlindungi,Cukup
SMAS KALAM KUDUS,20219795,SMA,Komplek Perumahan Mekar Wangi,Cibaduyut,Kec. Bojong Loa Kidul,Kota Bandung,Prov. Jawa Barat,40573,-6.912058800000,107.610901500000,SWASTA,A,Ada,Ada,Pompa,Cukup
SMAS KARTIKA XIX-1,20219727,SMA,,Cihapit,Kec. Bandung Wetan,Kota Bandung,Prov. Jawa Barat,40114,-6.909200000000,107.627000000000,SWASTA,A,Ada,Ada,Sumur terlindungi,Cukup
SMAS KARTIKA XIX-3,20219726,SMA,-,Merdeka,Kec. Sumur Bandung,Kota Bandung,Prov. Jawa Barat,40113,-6.909600000000,107.611000000000,SWASTA,A,Ada,Ada,Sumur terlindungi,Cukup
SMAS KARYA PEMBANGUNAN 2,20219735,SMA,-,Pasir Endah,Kec. Ujungberung,Kota Bandung,Prov. Jawa Barat,40619,-6.907400000000,107.688400000000,SWASTA,A,Ada,Ada,Sumur terlindungi,Cukup
SMAS KEMAH IND 2,20219734,SMA,-,Sekeloa,Kec. Coblong,Kota Bandung,Prov. Jawa Barat,40133,-6.887800000000,107.625200000000,SWASTA,B,Ada,Ada,Ledeng/PAM,Cukup
SMAS KEMALA BHAYANGKARI,20219733,SMA,,Malabar,Kec. Lengkong,Kota Bandung,Prov. Jawa Barat,40262,-6.931900000000,107.622000000000,SWASTA,A,Ada,Ada,Pompa,Cukup
SMAS KIFAYATUL ACHYAR,20219732,SMA,-,Cipadung,Kec. Cibiru,Kota Bandung,Prov. Jawa Barat,40614,-6.933400000000,107.716800000000,SWASTA,A,Ada,Ada,Sumur terlindungi,Cukup
SMAS KRIDA NUSANTARA,20219270,SMA,-,Cipadung,Kec. Cibiru,Kota Bandung,Prov. Jawa Barat,40614,-6.914300000000,107.728000000000,SWASTA,A,Ada,Ada,Pompa,Cukup
SMAS KRISTEN DAGO,20219797,SMA,Lebak Siliwangi,Lebak Siliwangi,Kec. Coblong,Kota Bandung,Prov. Jawa Barat,40132,-6.896800000000,107.611600000000,SWASTA,A,Ada,Ada,Ledeng/PAM,Cukup
SMAS KRISTEN HIDUP BARU,20219796,SMA,Ciumbuleuit,Ciumbuleuit,Kec. Cidadap,Kota Bandung,Prov. Jawa Barat,40142,-6.865700000000,107.606000000000,SWASTA,A,Ada,Ada,Sumur terlindungi,Cukup
SMAS KRISTEN PAULUS,20219794,SMA,-,Pasirkaliki,Kec. Cicendo,Kota Bandung,Prov. Jawa Barat,40171,-6.903600000000,107.599500000000,SWASTA,A,Ada,Ada,Ledeng/PAM,Cukup
SMAS LABORATORIUM - PERCONTOHAN UPI,20219790,SMA,-,Isola,Kec. Sukasari,Kota Bandung,Prov. Jawa Barat,40154,-6.861700000000,107.592300000000,SWASTA,A,Ada,Ada,Pompa,Cukup
SMAS LANGLANGBUANA,20219788,SMA,Sukamiskin,Sukamiskin,Kec. Arcamanik,Kota Bandung,Prov. Jawa Barat,40293,-6.907300000000,107.676300000000,SWASTA,A,Ada,Ada,Pompa,Cukup
SMAS LPPN,20219799,SMA,Ciroyom,Ciroyom,Kec. Andir,Kota Bandung,Prov. Jawa Barat,40182,-6.915600000000,107.585000000000,SWASTA,B,Ada,Ada,Sumur terlindungi,Cukup
SMAS MAARIF BANDUNG,20219800,SMA,-,Lingkar Selatan,Kec. Lengkong,Kota Bandung,Prov. Jawa Barat,40263,-6.927900000000,107.625200000000,SWASTA,B,Ada,Ada,Pompa,Tidak ada
SMAS MEDINA BANDUNG,20219808,SMA,-,Burangrang,Kec. Lengkong,Kota Bandung,Prov. Jawa Barat,40262,-6.930700000000,107.618800000000,SWASTA,C,Ada,Ada,Sumur terlindungi,Cukup
SMAS MUHAMMADIYAH 1,20219807,SMA,-,Malabar,Kec. Lengkong,Kota Bandung,Prov. Jawa Barat,40262,-6.912700000000,107.580400000000,SWASTA,A,Ada,Ada,Pompa,Cukup
SMAS MUHAMMADIYAH 2,20219806,SMA,-,Antapani Kidul,Kec. Antapani,Kota Bandung,Prov. Jawa Barat,40291,-6.917600000000,107.655200000000,SWASTA,A,Ada,Ada,Ledeng/PAM,Cukup
SMAS MUHAMMADIYAH 3,20219805,SMA,-,Turangga,Kec. Lengkong,Kota Bandung,Prov. Jawa Barat,40264,-6.932800000000,107.624200000000,SWASTA,A,Ada,Ada,Pompa,Cukup
SMAS MUHAMMADIYAH 4,20219804,SMA,-,Palasari,Kec. Cibiru,Kota Bandung,Prov. Jawa Barat,40615,-6.915500000000,107.717900000000,SWASTA,A,Ada,Ada,Pompa,Cukup
SMAS MUTIARA 1,20219801,SMA,-,Garuda,Kec. Andir,Kota Bandung,Prov. Jawa Barat,40184,-6.907900000000,107.577800000000,SWASTA,A,Ada,Ada,Sumur terlindungi,Cukup
SMAS MUTIARA 2 BANDUNG,20219787,SMA,cibeurem,CAMPAKA,Kec. Andir,Kota Bandung,Prov. Jawa Barat,40184,-6.914100000000,107.581600000000,SWASTA,B,Ada,Ada,Sumur terlindungi,Cukup
SMAS MUTIARA BUNDA,20258092,SMA,-,Sukamiskin,Kec. Arcamanik,Kota Bandung,Prov. Jawa Barat,40293,-6.909200000000,107.669400000000,SWASTA,A,Ada,Ada,Sumur terlindungi,Cukup
SMAS NASIONAL,20247286,SMA,-,Sekeloa,Kec. Coblong,Kota Bandung,Prov. Jawa Barat,40134,-6.890300000000,107.626600000000,SWASTA,A,Ada,Ada,Sumur terlindungi,Cukup
SMAS NUGRAHA BANDUNG,20219786,SMA,-,Ciseureuh,Kec. Regol,Kota Bandung,Prov. Jawa Barat,40255,-6.951300000000,107.611500000000,SWASTA,A,Ada,Ada,Sumur terlindungi,Cukup
SMAS NUSANTARA,20219785,SMA,Kopo,Kopo,Kec. Bojong Loa Kaler,Kota Bandung,Prov. Jawa Barat,40233,-6.941900000000,107.592000000000,SWASTA,A,Ada,Ada,Sumur terlindungi,Cukup
SMAS NUSANTARA 1,20219771,SMA,-,Ledeng,Kec. Cidadap,Kota Bandung,Prov. Jawa Barat,40143,-6.864500000000,107.594300000000,SWASTA,B,Ada,Ada,Ledeng/PAM,Cukup
SMAS PAHLAWAN TOHA,20219770,SMA,-,Suka Asih,Kec. Bojong Loa Kaler,Kota Bandung,Prov. Jawa Barat,40233,-6.936300000000,107.592300000000,SWASTA,A,Ada,Ada,Pompa,Cukup
SMAS PASUNDAN 1 BANDUNG,20219767,SMA,Balonggede,Balong Gede,Kec. Regol,Kota Bandung,Prov. Jawa Barat,40251,-6.923700000000,107.607500000000,SWASTA,A,Ada,Ada,Sumur terlindungi,Cukup
SMAS PASUNDAN 2 BANDUNG,20219766,SMA,Cihampelas,Cipaganti,Kec. Coblong,Kota Bandung,Prov. Jawa Barat,40131,-6.890400000000,107.604100000000,SWASTA,A,Ada,Ada,Sumur terlindungi,Cukup
SMAS PASUNDAN 3 BANDUNG,20219765,SMA,Kebon Jati,KEBON JERUK,Kec. Andir,Kota Bandung,Prov. Jawa Barat,40181,-6.916200000000,107.601000000000,SWASTA,A,Ada,Ada,Pompa,Cukup
SMAS PASUNDAN 4 BANDUNG,20219764,SMA,-,Cijerah,Kec. Bandung Kulon,Kota Bandung,Prov. Jawa Barat,40213,-6.915600000000,107.570400000000,SWASTA,A,Ada,Ada,Ledeng/PAM,Cukup
SMAS PASUNDAN 5 BANDUNG,20219763,SMA,Sarijadi,Sarijadi,Kec. Sukasari,Kota Bandung,Prov. Jawa Barat,40151,-6.879500000000,107.578900000000,SWASTA,B,Ada,Ada,Sumur terlindungi,Cukup
SMAS PASUNDAN 7 BANDUNG,20219773,SMA,-,Kebon Jeruk,Kec. Andir,Kota Bandung,Prov. Jawa Barat,40181,-6.916200000000,107.601000000000,SWASTA,A,Ada,Ada,Pompa,Cukup
SMAS PASUNDAN 8 BANDUNG,20219774,SMA,-,Cipaganti,Kec. Coblong,Kota Bandung,Prov. Jawa Barat,40131,-6.891000000000,107.604100000000,SWASTA,A,Ada,Ada,Ledeng/PAM,Cukup
SMAS PASUNDAN 9 BANDUNG,20253086,SMA,-,Kopo,Kec. Bojong Loa Kaler,Kota Bandung,Prov. Jawa Barat,40233,-6.942500000000,107.585100000000,SWASTA,B,Ada,Ada,Ledeng/PAM,Cukup
SMAS PELITA BANGSA,20219784,SMA,-,Karasak,Kec. Astanaanyar,Kota Bandung,Prov. Jawa Barat,40243,-6.942413000000,107.607858000000,SWASTA,A,Ada,Ada,Pompa,Cukup
SMAS PGRI 1 BANDUNG,20219780,SMA,Sukagalih,Sukagalih,Kec. Sukajadi,Kota Bandung,Prov. Jawa Barat,40163,-6.891800000000,107.590000000000,SWASTA,A,Ada,Ada,Sumur terlindungi,Cukup
SMAS PGRI 2,20219779,SMA,-,MARGASARI,Kec. Buahbatu,Kota Bandung,Prov. Jawa Barat,40286,-6.952000000000,107.647300000000,SWASTA,A,Ada,Ada,Sumur terlindungi,Cukup
SMAS PGRI 3,20265521,SMA,-,Cigending,Kec. Ujungberung,Kota Bandung,Prov. Jawa Barat,40611,-6.911100000000,107.692300000000,SWASTA,A,Ada,Ada,Sumur terlindungi,Cukup
SMAS PLUS AL GHIFARI BANDUNG,20219776,SMA,CISANTEN KULON,Cisaranten Kulon,Kec. Arcamanik,Kota Bandung,Prov. Jawa Barat,40293,-6.922000000000,107.685700000000,SWASTA,A,Ada,Ada,Ledeng/PAM,Cukup
SMAS PLUS MUTHAHHARI,20219775,SMA,-,Babakan Sari,Kec. Kiaracondong,Kota Bandung,Prov. Jawa Barat,40283,-6.923100000000,107.650700000000,SWASTA,A,Ada,Ada,Pompa,Cukup
SMAS PLUS PARIWISATA,20265522,SMA,-,Cibaduyut Kidul,Kec. Bojong Loa Kidul,Kota Bandung,Prov. Jawa Barat,40239,-6.958400000000,107.591400000000,SWASTA,A,Ada,Ada,Ledeng/PAM,Cukup
SMAS PMB,20219762,SMA,-,Sindang Jaya,Kec. Mandalajati,Kota Bandung,Prov. Jawa Barat,40195,-6.903500000000,107.680300000000,SWASTA,A,Ada,Ada,Pompa,Cukup
SMAS PRIBADI,20253836,SPK SMA,,Neglasari,Kec. Cibeunying Kaler,Kota Bandung,Prov. Jawa Barat,40124,-6.899200000000,107.640500000000,SWASTA,B,Ada,Ada,Sumur terlindungi,Cukup
SMAS PURAGABAYA,20219521,SMA,-,Sukabungah,Kec. Sukajadi,Kota Bandung,Prov. Jawa Barat,40162,-6.895800000000,107.592200000000,SWASTA,A,Ada,Ada,Pompa,Cukup
SMAS RAJAWALI,20219267,SMA,-,Ciroyom,Kec. Andir,Kota Bandung,Prov. Jawa Barat,40182,-6.913200000000,107.583800000000,SWASTA,B,Ada,Ada,Sumur tidak terlindungi,Kurang
SMAS REHOBOTH,20219793,SMA,-,Balong Gede,Kec. Regol,Kota Bandung,Prov. Jawa Barat,40215,-6.925200000000,107.605800000000,SWASTA,A,Ada,Ada,Sumur terlindungi,Cukup
SMAS SEBELAS MARET,20219261,SMA,-,Ciseureuh,Kec. Regol,Kota Bandung,Prov. Jawa Barat,40255,-6.947200000000,107.611400000000,SWASTA,A,Ada,Ada,Ledeng/PAM,Cukup
SMAS ST ANGELA,20219266,SMA,Babakan Ciamis,Babakan Ciamis,Kec. Sumur Bandung,Kota Bandung,Prov. Jawa Barat,40117,-6.912600000000,107.611000000000,SWASTA,A,Ada,Ada,Sumur terlindungi,Cukup
SMAS ST MARIA 1 BANDUNG,20219265,SMA,-,Cihapit,Kec. Bandung Wetan,Kota Bandung,Prov. Jawa Barat,40114,-6.911400000000,107.631500000000,SWASTA,A,Ada,Ada,Ledeng/PAM,Cukup
SMAS SUMATRA 40-1,20247281,SMA,-,Cihaurgeulis,Kec. Cibeunying Kaler,Kota Bandung,Prov. Jawa Barat,40122,-6.900100000000,107.633700000000,SWASTA,A,Ada,Ada,Sumur terlindungi,Cukup
SMAS SWADAYA BANDUNG,20219259,SMA,-,Jamika,Kec. Bojong Loa Kaler,Kota Bandung,Prov. Jawa Barat,40231,-6.926200000000,107.588100000000,SWASTA,A,Ada,Ada,Pompa,Cukup
SMAS TAMAN SISWA BANDUNG,20219268,SMA,-,Malabar,Kec. Lengkong,Kota Bandung,Prov. Jawa Barat,40262,-6.928800000000,107.620300000000,SWASTA,A,Ada,Ada,Ledeng/PAM,Kurang
SMAS TARUNA BAKTI,20219269,SMA,-,Citarum,Kec. Bandung Wetan,Kota Bandung,Prov. Jawa Barat,40115,-6.906200000000,107.618700000000,SWASTA,A,Ada,Ada,Pompa,Cukup
SMAS TRI MULIA,20219792,SMA,-,Pajajaran,Kec. Cicendo,Kota Bandung,Prov. Jawa Barat,40173,-6.896200000000,107.589400000000,SWASTA,A,Ada,Ada,Pompa,Cukup
SMAS TRINITAS BANDUNG,20219279,SMA,-,Ciroyom,Kec. Andir,Kota Bandung,Prov. Jawa Barat,40182,-6.916700000000,107.593000000000,SWASTA,A,Ada,Ada,Sumur terlindungi,Cukup
SMAS YAHYA,20219791,SMA,-,Citarum,Kec. Bandung Wetan,Kota Bandung,Prov. Jawa Barat,40115,-6.905500000000,107.618000000000,SWASTA,A,Ada,Ada,Ledeng/PAM,Cukup
SMAS YAS BANDUNG,20219277,SMA,,Sukapada,Kec. Cibeunying Kidul,Kota Bandung,Prov. Jawa Barat,40125,-6.900760200000,107.646821100000,SWASTA,A,Ada,Ada,Ledeng/PAM,Cukup
SMAS YPI,20219274,SMA,Pamoyanan,Pamoyanan,Kec. Cicendo,Kota Bandung,Prov. Jawa Barat,40173,-6.901600000000,107.595300000000,SWASTA,B,Ada,Ada,Pompa,Cukup
SMAS YPKKP BANDUNG,20219273,SMA,-,Cijerah,Kec. Bandung Kulon,Kota Bandung,Prov. Jawa Barat,40213,-6.927300000000,107.565400000000,SWASTA,A,Ada,Ada,Ledeng/PAM,Cukup
SMAS YPS,20219275,SMA,-,Kebon Lega,Kec. Bojong Loa Kidul,Kota Bandung,Prov. Jawa Barat,40235,-6.950200000000,107.587800000000,SWASTA,B,Ada,Ada,Pompa,Kurang
SMAS YWKA,20219272,SMA,-,Garuda,Kec. Andir,Kota Bandung,Prov. Jawa Barat,40184,-6.914000000000,107.576000000000,SWASTA,A,Ada,Ada,Pompa,Cukup
SMAN 1 BANJAR,20225279,SMA,PARUNGLESANG,Banjar,Kec. Banjar,Kota Banjar,Prov. Jawa Barat,46311,-7.371295000000,108.526683000000,NEGERI,A,Ada,Ada,Sumur terlindungi,Cukup
SMAN 2 BANJAR,20225280,SMA,SUKAHURIP,Langensari,Kec. Langensari,Kota Banjar,Prov. Jawa Barat,46341,-7.350700000000,108.636100000000,NEGERI,A,Ada,Ada,Ledeng/PAM,Cukup
SMAN 3 BANJAR,20225278,SMA,Banjarkolot,Banjar,Kec. Banjar,Kota Banjar,Prov. Jawa Barat,46311,-7.371153000000,108.525928000000,NEGERI,A,Ada,Ada,Ledeng/PAM,Cukup
SMAS AL AZHAR,20225276,SMA,Citangkolo,Kujangsari,Kec. Langensari,Kota Banjar,Prov. Jawa Barat,46324,-7.384700000000,108.603200000000,SWASTA,B,Ada,Ada,Sumur terlindungi,Cukup
SMA NEGERI 20 KOTA BEKASI,69952197,SMA,Kaliabang Ceger,Harapan Jaya,Kec. Bekasi Utara,Kota Bekasi,Prov. Jawa Barat,17124,-6.200900000000,106.990100000000,NEGERI,B,Ada,Ada,Sumur terlindungi,Cukup
SMA NEGERI 21 KOTA BEKASI,69950346,SMA,Jatirasa,Jatimakmur,Kec. Pondokgede,Kota Bekasi,Prov. Jawa Barat,17423,-6.301500000000,106.971700000000,NEGERI,B,Ada,Ada,Pompa,Cukup
SMAN 1 BEKASI,20223020,SMA,-,Bekasi Jaya,Kec. Bekasi Timur,Kota Bekasi,Prov. Jawa Barat,17112,-6.226800000000,107.011000000000,NEGERI,A,Ada,Ada,Sumur terlindungi,Cukup
SMAN 10 BEKASI,20223019,SMA,-,Pejuang,Kec. Medan Satria,Kota Bekasi,Prov. Jawa Barat,17131,-6.176100000000,106.981100000000,NEGERI,A,Ada,Ada,Ledeng/PAM,Cukup
SMAN 11 BEKASI,20223032,SMA,Jatisari,Jatisari,Kec. Jatiasih,Kota Bekasi,Prov. Jawa Barat,17426,-6.343700000000,106.939900000000,NEGERI,A,Ada,Ada,Pompa,Cukup
SMAN 12 BEKASI,20231718,SMA,kranji,Kranji,Kec. Bekasi Barat,Kota Bekasi,Prov. Jawa Barat,17135,-6.222400000000,106.972700000000,NEGERI,A,Ada,Ada,Ledeng/PAM,Cukup
SMAN 13 BEKASI,20231719,SMA,-,Pengasinan,Kec. Rawalumbu,Kota Bekasi,Prov. Jawa Barat,17115,-6.268100000000,107.004900000000,NEGERI,A,Ada,Ada,Ledeng/PAM,Cukup
SMAN 14 BEKASI,20231720,SMA,Kaliabang Tengah,Kaliabang Tengah,Kec. Bekasi Utara,Kota Bekasi,Prov. Jawa Barat,17125,-6.197100000000,107.008600000000,NEGERI,A,Ada,Ada,Pompa,Cukup
SMAN 15 BEKASI,20252519,SMA,ciketingudik,Ciketingudik,Kec. Bantargebang,Kota Bekasi,Prov. Jawa Barat,17153,-6.348800000000,106.979800000000,NEGERI,A,Ada,Ada,Sumur terlindungi,Cukup
SMAN 16 BEKASI,20275048,SMA,-,Jatimelati,Kec. Pondok Melati,Kota Bekasi,Prov. Jawa Barat,17413,-6.310700000000,106.931600000000,NEGERI,A,Ada,Ada,Ledeng/PAM,Cukup
SMAN 17 BEKASI,20276429,SMA,-,Jaka Mulya,Kec. Bekasi Selatan,Kota Bekasi,Prov. Jawa Barat,17146,-6.270300000000,106.963800000000,NEGERI,A,Ada,Ada,Pompa,Tidak ada
SMAN 18 BEKASI,69760562,SMA,-,Aren Jaya,Kec. Bekasi Timur,Kota Bekasi,Prov. Jawa Barat,17111,-6.237600000000,107.036000000000,NEGERI,A,Ada,Ada,Pompa,Cukup
SMAN 19 KOTA BEKASI,69972531,SMA,Padurenan,Padurenan,Kec. Mustika Jaya,Kota Bekasi,Prov. Jawa Barat,17156,-6.310500000000,106.999700000000,NEGERI,A,Ada,Ada,Sumur terlindungi,Cukup
SMAN 2 BEKASI,20223033,SMA,KAYURINGIN JAYA,Kayuringin Jaya,Kec. Bekasi Selatan,Kota Bekasi,Prov. Jawa Barat,17144,-6.240700000000,106.991300000000,NEGERI,A,Ada,Ada,Pompa,Cukup
SMAN 22 KOTA BEKASI,69973604,SMA,Bantargebang,Cikiwul,Kec. Bantargebang,Kota Bekasi,Prov. Jawa Barat,17151,-6.336500000000,106.991300000000,NEGERI,B,Ada,Ada,Ledeng/PAM,Cukup
SMAN 3 BEKASI,20223046,SMA,Pekayon Jaya,Pekayon Jaya,Kec. Bekasi Selatan,Kota Bekasi,Prov. Jawa Barat,17148,-6.266000000000,106.975200000000,NEGERI,A,Ada,Ada,Pompa,Cukup
SMAN 4 BEKASI,20223045,SMA,-,Harapan Jaya,Kec. Bekasi Utara,Kota Bekasi,Prov. Jawa Barat,17124,-6.213400000000,106.983200000000,NEGERI,A,Ada,Ada,Ledeng/PAM,Cukup
SMAN 5 BEKASI,20223044,SMA,Gamprit,Jatiwaringin,Kec. Pondokgede,Kota Bekasi,Prov. Jawa Barat,17411,-6.273800000000,106.922200000000,NEGERI,A,Ada,Ada,Sumur terlindungi,Cukup
SMAN 6 BEKASI,20223043,SMA,-,Jatirasa,Kec. Jatiasih,Kota Bekasi,Prov. Jawa Barat,17423,-6.281100000000,106.973900000000,NEGERI,A,Ada,Ada,Pompa,Cukup
SMAN 7 BEKASI,20223042,SMA,Kranggan,Jatisampurna,Kec. Jati Sampurna,Kota Bekasi,Prov. Jawa Barat,17433,-6.366500000000,106.921500000000,NEGERI,A,Ada,Ada,Sumur terlindungi,Cukup
SMAN 8 BEKASI,20223041,SMA,-,Pekayon Jaya,Kec. Bekasi Selatan,Kota Bekasi,Prov. Jawa Barat,17148,-6.265800000000,106.982400000000,NEGERI,A,Ada,Ada,Sumur terlindungi,Cukup
SMAN 9 BEKASI,20223040,SMA,Mustika Jaya,Mustika Jaya,Kec. Mustika Jaya,Kota Bekasi,Prov. Jawa Barat,17158,-6.294900000000,107.030700000000,NEGERI,A,Ada,Ada,Pompa,Cukup
SMA ALEXANDRIA ISLAMIC SCHOOL,69893852,SMA,,Pengasinan,Kec. Rawalumbu,Kota Bekasi,Prov. Jawa Barat,,-6.280793000000,107.003340000000,SWASTA,A,Ada,Ada,Ledeng/PAM,Cukup
SMA Al-Mubaarok,70028846,SMA,Jatiasih,Jatirasa,Kec. Jatiasih,Kota Bekasi,Prov. Jawa Barat,17424,-6.285400000000,106.969800000000,SWASTA,Belum Akreditasi,Ada,Ada,Pompa,Kurang
SMA BINA NUSANTARA BEKASI,69989441,SPK SMA,,Padurenan,Kec. Mustika Jaya,Kota Bekasi,Prov. Jawa Barat,17156,-6.325400000000,106.990700000000,SWASTA,A,Ada,Ada,Ledeng/PAM,Cukup
SMA GALAJUARA,69856209,SMA,Kaliabang Tengah,Kaliabang Tengah,Kec. Bekasi Utara,Kota Bekasi,Prov. Jawa Barat,17125,-6.178900000000,106.999500000000,SWASTA,B,Ada,Ada,Sumur terlindungi,Cukup
SMA HIGHFIELD,70026922,SMA,,Bojong Menteng,Kec. Rawalumbu,Kota Bekasi,Prov. Jawa Barat,17117,-6.296100000000,106.993200000000,SWASTA,A,Ada,Ada,Sumur terlindungi,Cukup
SMA INKLUSI SCHOOL OF HUMAN,69966915,SMA,Kranggan,Jatisampurna,Kec. Jati Sampurna,Kota Bekasi,Prov. Jawa Barat,17433,-6.368011000000,106.920407000000,SWASTA,A,Ada,Ada,Sumur terlindungi,Cukup
SMA Intelligentsia Nurul Ilmi Secondary School,70027929,SMA,,Mustika Sari,Kec. Mustika Jaya,Kota Bekasi,Prov. Jawa Barat,17157,-6.299600000000,107.003800000000,SWASTA,A,Ada,Ada,Sumur terlindungi,Cukup
SMA ISLAM AL-AZHAR 8,69774555,SMA,-,Marga Mulya,Kec. Bekasi Utara,Kota Bekasi,Prov. Jawa Barat,17142,-6.209700000000,107.013000000000,SWASTA,A,Ada,Ada,Pompa,Cukup
SMA ISLAM AL-FAJAR,69886285,SMA,,Jatirasa,Kec. Jatiasih,Kota Bekasi,Prov. Jawa Barat,17424,-6.303400000000,106.969100000000,SWASTA,A,Ada,Ada,Pompa,Cukup
SMA IT AL MUCHTAR,69856205,SMA,,Perwira,Kec. Bekasi Utara,Kota Bekasi,Prov. Jawa Barat,17122,-6.202600000000,107.014100000000,SWASTA,A,Ada,Ada,Ledeng/PAM,Cukup
SMA IT INSAN MANDIRI,69856206,SMA,Kalimanggis,Jatikarya,Kec. Jati Sampurna,Kota Bekasi,Prov. Jawa Barat,17435,-6.379900000000,106.912600000000,SWASTA,A,Ada,Ada,Sumur terlindungi,Cukup
SMA IT NUR HIKMAH,70046555,SMA,,Jatimelati,Kec. Pondok Melati,Kota Bekasi,Prov. Jawa Barat,17413,0.000000000000,0.000000000000,SWASTA,Belum Akreditasi,Ada,Ada,Pompa,Cukup
SMA KRISTEN PENABUR SUMMARECON BEKASI,69870886,SMA,Kp. Teluk Buyung,Marga Mulya,Kec. Bekasi Utara,Kota Bekasi,Prov. Jawa Barat,17142,-6.227300000000,107.005200000000,SWASTA,A,Ada,Ada,Ledeng/PAM,Cukup
SMA KRISTEN SAINT JOHN,69864697,SMA,Medan Satria,Medan Satria,Kec. Medan Satria,Kota Bekasi,Prov. Jawa Barat,17131,-6.208198000000,106.977053000000,SWASTA,A,Ada,Ada,Ledeng/PAM,Cukup
SMA MUHAMMADIYAH 9 BEKASI,20223071,SMA,Kelurahan Bekasi Jaya,Bekasi Jaya,Kec. Bekasi Timur,Kota Bekasi,Prov. Jawa Barat,17112,-6.236900000000,107.007600000000,SWASTA,A,Ada,Ada,Ledeng/PAM,Cukup
SMA PAPAN RAUDHOTUL JANNAH,70033727,SMA,,Jatiluhur,Kec. Jatiasih,Kota Bekasi,Prov. Jawa Barat,17425,-6.314700000000,106.953700000000,SWASTA,B,Ada,Ada,Sumur terlindungi,Cukup
SMA PERGURUAN ADVENT XIV BEKASI,69947164,SMA,Margahayu,Margahayu,Kec. Bekasi Timur,Kota Bekasi,Prov. Jawa Barat,17113,-6.256700000000,107.013000000000,SWASTA,B,Ada,Ada,Ledeng/PAM,Cukup
SMA PGRI 2 KOTA BEKASI,20231724,SMA,"PERUMAHAN TYTYAN KENCANA, Kel. Margamulya, Kec. Bekasi Utara",Marga Mulya,Kec. Bekasi Utara,Kota Bekasi,Prov. Jawa Barat,17142,-6.221000000000,107.004300000000,SWASTA,A,Ada,Ada,Pompa,Cukup
SMA QUANTUM INDONESIA,69856208,SMA,Cimatis,Jatikarya,Kec. Jati Sampurna,Kota Bekasi,Prov. Jawa Barat,17435,-6.390949000000,106.920120000000,SWASTA,A,Ada,Ada,Pompa,Cukup
SMA Royal Wells High School,69759856,SMA,Kampung Dua,Jaka Sampurna,Kec. Bekasi Barat,Kota Bekasi,Prov. Jawa Barat,17145,-6.231400000000,106.982300000000,SWASTA,A,Ada,Ada,Sumur terlindungi,Cukup
SMA SANTA LUSIA BEKASI,69950694,SMA,,Pengasinan,Kec. Rawalumbu,Kota Bekasi,Prov. Jawa Barat,17115,-6.286857900000,106.999887200000,SWASTA,A,Ada,Ada,Pompa,Cukup
SMA STRADA BHAKTI WIYATA,70006118,SMA,kranji,Kranji,Kec. Bekasi Barat,Kota Bekasi,Prov. Jawa Barat,17135,-6.232700000000,106.969300000000,SWASTA,A,Ada,Ada,Mata air terlindungi,Cukup
SMA SULTHON AULIA BOARDING SCHOOL,69830492,SMA,Jati Cempaka,Jaticempaka,Kec. Pondokgede,Kota Bekasi,Prov. Jawa Barat,17411,-6.261600000000,106.904800000000,SWASTA,A,Ada,Ada,Sumur terlindungi,Cukup
SMA TAHFIZH NURJAMILAH,69900732,SMA,Kranji,Kranji,Kec. Bekasi Barat,Kota Bekasi,Prov. Jawa Barat,17135,-6.234000000000,106.971100000000,SWASTA,B,Ada,Ada,Pompa,Cukup
SMA TRENMATIKA,70015925,SMA,Jatibening Baru,Jatibening,Kec. Pondokgede,Kota Bekasi,Prov. Jawa Barat,17412,0.000000000000,0.000000000000,SWASTA,B,Ada,Ada,Pompa,Cukup
SMA UNITY SCHOOL,69873998,SMA,Jakasetia,Jaka Setia,Kec. Bekasi Selatan,Kota Bekasi,Prov. Jawa Barat,17147,-6.269500000000,106.966800000000,SWASTA,A,Ada,Ada,Ledeng/PAM,Cukup
SMAIT ALMARJAN,69820147,SMA,Jatikramat,Jatikramat,Kec. Jatiasih,Kota Bekasi,Prov. Jawa Barat,17421,-6.281000000000,106.939900000000,SWASTA,B,Ada,Ada,Pompa,Cukup
SMAS AL IHSAN,20223059,SMA,,Kayuringin Jaya,Kec. Bekasi Selatan,Kota Bekasi,Prov. Jawa Barat,17144,-6.246300000000,106.986700000000,SWASTA,B,Ada,Ada,Pompa,Cukup
SMAS AL MUHADJIRIN,20223060,SMA,-,Aren Jaya,Kec. Bekasi Timur,Kota Bekasi,Prov. Jawa Barat,17111,-6.297200000000,106.932200000000,SWASTA,A,Ada,Ada,Pompa,Cukup
SMAS ANANDA,20231704,SMA,-,Duren Jaya,Kec. Bekasi Timur,Kota Bekasi,Prov. Jawa Barat,17111,-6.233200000000,107.021900000000,SWASTA,A,Ada,Ada,Sumur terlindungi,Cukup
SMAS AR RIDWAN,20252515,SMA,Kp. Pedurenan,Jatiluhur,Kec. Jatiasih,Kota Bekasi,Prov. Jawa Barat,17425,-6.316800000000,106.952100000000,SWASTA,A,Ada,Ada,Pompa,Cukup
SMAS ATTAQWA,20223058,SMA,-,Pejuang,Kec. Medan Satria,Kota Bekasi,Prov. Jawa Barat,17131,-6.197400000000,106.987500000000,SWASTA,A,Ada,Ada,Pompa,Cukup
SMAS BANI SALEH,20252595,SMA,-,Bekasi Jaya,Kec. Bekasi Timur,Kota Bekasi,Prov. Jawa Barat,17112,-6.245700000000,107.011700000000,SWASTA,A,Ada,Ada,Pompa,Cukup
SMAS BINA SISWA UTAMA,20223057,SMA,-,Kota Baru,Kec. Bekasi Barat,Kota Bekasi,Prov. Jawa Barat,17139,-6.209600000000,106.969100000000,SWASTA,B,Ada,Ada,Pompa,Cukup
SMAS BINA TUNGGAL,20252521,SMA,-,Medan Satria,Kec. Medan Satria,Kota Bekasi,Prov. Jawa Barat,17132,-6.209700000000,106.977200000000,SWASTA,B,Ada,Ada,Pompa,Cukup
SMAS CINDERA MATA,20252516,SMA,-,Pejuang,Kec. Medan Satria,Kota Bekasi,Prov. Jawa Barat,17131,-6.173900000000,106.978400000000,SWASTA,A,Ada,Ada,Pompa,Cukup
SMAS DARUT TAUBAH,20251864,SMA,-,Harapan Jaya,Kec. Bekasi Utara,Kota Bekasi,Prov. Jawa Barat,17124,-6.214000000000,106.985800000000,SWASTA,B,Ada,Ada,Ledeng/PAM,Cukup
SMAS DAYA UTAMA,20252514,SMA,mustikajaya,Mustika Jaya,Kec. Mustika Jaya,Kota Bekasi,Prov. Jawa Barat,17158,-6.298100000000,107.032600000000,SWASTA,A,Ada,Ada,Sumur terlindungi,Cukup
SMAS DHARMA PUTRA ADVENT,69759206,SMA,Jakasampurna,Jaka Sampurna,Kec. Bekasi Barat,Kota Bekasi,Prov. Jawa Barat,17145,-6.238400000000,106.969800000000,SWASTA,A,Ada,Ada,Pompa,Cukup
SMAS FLORA,20231709,SMA,-,Harapan Jaya,Kec. Bekasi Utara,Kota Bekasi,Prov. Jawa Barat,17125,-6.173855900000,107.004223800000,SWASTA,B,Ada,Ada,Ledeng/PAM,Cukup
SMAS FUTURE GATE,20280604,SMA,Jatiasih,Jatiasih,Kec. Jatiasih,Kota Bekasi,Prov. Jawa Barat,17423,-6.285100000000,106.966600000000,SWASTA,A,Ada,Ada,Pompa,Cukup
SMAS GALATIA,20223054,SMA,kota bekasi,Pejuang,Kec. Medan Satria,Kota Bekasi,Prov. Jawa Barat,17131,-6.192900000000,106.996000000000,SWASTA,A,Ada,Ada,Ledeng/PAM,Cukup
SMAS GEMA ISLAMI,20253245,SMA,-,Jatikramat,Kec. Jatiasih,Kota Bekasi,Prov. Jawa Barat,17421,-6.314200000000,106.958000000000,SWASTA,B,Ada,Ada,Pompa,Cukup
SMAS GLOBAL PERSADA MANDIRI,69774554,SMA,Bekasi Jaya,Bekasi Jaya,Kec. Bekasi Timur,Kota Bekasi,Prov. Jawa Barat,17112,-6.224400000000,107.017600000000,SWASTA,A,Ada,Ada,Pompa,Cukup
SMAS GLOBAL PRESTASI,20246730,SPK SMA,Kampung Dua Jakasampurna,Jaka Sampurna,Kec. Bekasi Barat,Kota Bekasi,Prov. Jawa Barat,17145,-6.248700000000,106.961700000000,SWASTA,A,Ada,Ada,Sumur terlindungi,Kurang
SMAS HANDAYANI,20223053,SMA,Pondok Ranggon,Jatimurni,Kec. Pondok Melati,Kota Bekasi,Prov. Jawa Barat,17431,-6.341900000000,106.923300000000,SWASTA,C,Ada,Ada,Sumur terlindungi,Cukup
SMAS HUTAMA,20223052,SMA,-,Jatirahayu,Kec. Pondok Melati,Kota Bekasi,Prov. Jawa Barat,17414,-6.289158000000,106.915626000000,SWASTA,A,Ada,Ada,Pompa,Kurang
SMAS ISLAM AL-AZHAR 4,20253167,SMA,Rawaroko,Bojong Rawalumbu,Kec. Rawalumbu,Kota Bekasi,Prov. Jawa Barat,17116,-6.276000000000,106.989200000000,SWASTA,A,Ada,Ada,Pompa,Cukup
SMAS ISLAM AL-AZHAR HARAPAN INDAH,69786316,SMA,,Pejuang,Kec. Medan Satria,Kota Bekasi,Prov. Jawa Barat,17131,-6.183600000000,106.994400000000,SWASTA,A,Tidak ada,Tidak ada,Lainnya,Tidak ada
SMAS ISLAM AN NUR,20253848,SMA,ANNUR,Perwira,Kec. Bekasi Utara,Kota Bekasi,Prov. Jawa Barat,17122,-6.206400000000,107.013200000000,SWASTA,A,Ada,Ada,Pompa,Cukup
SMAS ISLAM ASSYAFIIYAH 02,20231710,SMA,Jaticempaka,Jaticempaka,Kec. Pondokgede,Kota Bekasi,Prov. Jawa Barat,17411,-6.271800000000,106.920100000000,SWASTA,A,Ada,Ada,Sumur terlindungi,Cukup
SMAS ISLAM DARUL ABROR,20231711,SMA,Jatiraden,Jatiraden,Kec. Jati Sampurna,Kota Bekasi,Prov. Jawa Barat,17433,-6.351000000000,106.924600000000,SWASTA,B,Ada,Ada,Pompa,Cukup
SMAS ISLAM DARUSALAM,20231708,SMA,-,Jaka Mulya,Kec. Bekasi Selatan,Kota Bekasi,Prov. Jawa Barat,17146,-6.256938300000,106.961295000000,SWASTA,A,Ada,Ada,Pompa,Cukup
SMAS ISLAM PANGLIMA BESAR SOEDIRMAN,20223067,SMA,-,Jaka Setia,Kec. Bekasi Selatan,Kota Bekasi,Prov. Jawa Barat,17147,-6.259133300000,106.972320000000,SWASTA,A,Ada,Ada,Pompa,Kurang
SMAS IT GEMA NURANI,20252518,SMA,-,Kaliabang Tengah,Kec. Bekasi Utara,Kota Bekasi,Prov. Jawa Barat,17125,-6.179600000000,106.999200000000,SWASTA,A,Ada,Ada,Pompa,Cukup
SMAS IT YAPIDH,20223063,SMA,-,Jatiluhur,Kec. Jatiasih,Kota Bekasi,Prov. Jawa Barat,17425,-6.304500000000,106.959300000000,SWASTA,A,Ada,Ada,Pompa,Cukup
SMAS KORPRI,20223064,SMA,-,Bekasi Jaya,Kec. Bekasi Timur,Kota Bekasi,Prov. Jawa Barat,17112,-6.231800000000,107.011800000000,SWASTA,A,Ada,Tidak ada,Pompa,Cukup
SMAS KRISTEN PENABUR HARAPAN INDAH,20253599,SMA,-,Pejuang,Kec. Medan Satria,Kota Bekasi,Prov. Jawa Barat,17131,-6.188100000000,106.980700000000,SWASTA,A,Ada,Ada,Ledeng/PAM,Cukup
SMAS LABSCHOOL CIBUBUR,20276416,SMA,,Jatiranggon,Kec. Jati Sampurna,Kota Bekasi,Prov. Jawa Barat,17432,-6.343200000000,106.925300000000,SWASTA,A,Ada,Ada,Pompa,Cukup
SMAS MAHANAIM,20231714,SMA,-,Sepanjang Jaya,Kec. Rawalumbu,Kota Bekasi,Prov. Jawa Barat,17114,-6.259000000000,107.000400000000,SWASTA,A,Ada,Tidak ada,Lainnya,Cukup
SMAS MALIDAR,20223077,SMA,-,Jatirasa,Kec. Jatiasih,Kota Bekasi,Prov. Jawa Barat,17424,-6.258400000000,106.991000000000,SWASTA,A,Ada,Ada,Pompa,Cukup
SMAS MANDALAHAYU,20223076,SMA,Margahayu,Margahayu,Kec. Bekasi Timur,Kota Bekasi,Prov. Jawa Barat,17113,-6.258700000000,107.016800000000,SWASTA,A,Ada,Ada,Pompa,Cukup
SMAS MARSUDIRINI,20223075,SMA,Bojong Rawalumbu,Bojong Rawalumbu,Kec. Rawalumbu,Kota Bekasi,Prov. Jawa Barat,17116,-6.276900000000,106.991500000000,SWASTA,A,Ada,Ada,Sumur terlindungi,Cukup
SMAS MARTIA BHAKTI,20223074,SMA,Poncol,Kayuringin Jaya,Kec. Bekasi Selatan,Kota Bekasi,Prov. Jawa Barat,17144,-6.232800000000,106.987500000000,SWASTA,A,Ada,Ada,Sumur terlindungi,Cukup
SMAS METROPOLITAN,20223073,SMA,-,Kranji,Kec. Bekasi Barat,Kota Bekasi,Prov. Jawa Barat,17135,-6.230200000000,106.976000000000,SWASTA,B,Ada,Ada,Pompa,Cukup
SMAS MUDI AL AZIZIYYAH,20223072,SMA,Kp. Pamahan Jatimekar,Jatimekar,Kec. Jatiasih,Kota Bekasi,Prov. Jawa Barat,17422,-6.258600000000,106.986100000000,SWASTA,B,Ada,Ada,Pompa,Cukup
SMAS MUTIARA 17 AGUSTUS,20231715,SMA,-,Teluk Pucung,Kec. Bekasi Utara,Kota Bekasi,Prov. Jawa Barat,17121,-6.212500000000,107.031100000000,SWASTA,A,Ada,Ada,Ledeng/PAM,Cukup
SMAS MUTIARA BARU,20231716,SMA,Sepatan,Sepanjang Jaya,Kec. Rawalumbu,Kota Bekasi,Prov. Jawa Barat,17114,-6.255000000000,107.012800000000,SWASTA,A,Ada,Ada,Pompa,Cukup
SMAS NASIONAL 1,20231717,SMA,Jatirahayu,Jatirahayu,Kec. Pondok Melati,Kota Bekasi,Prov. Jawa Barat,17414,-6.295200000000,106.918400000000,SWASTA,A,Ada,Ada,Sumur terlindungi,Cukup
SMAS PANGERAN JAYAKARTA,20223069,SMA,-,Harapan Mulya,Kec. Medan Satria,Kota Bekasi,Prov. Jawa Barat,17143,-6.225700000000,106.986500000000,SWASTA,C,Ada,Ada,Sumur terlindungi,Cukup
SMAS PANGUDI LUHUR II,20223068,SMA,Jatimurni,Jatimurni,Kec. Pondok Melati,Kota Bekasi,Prov. Jawa Barat,17431,-6.310300000000,106.931700000000,SWASTA,A,Ada,Ada,Sumur terlindungi,Cukup
SMAS PATRIOT BEKASI,20231721,SMA,-,Kali Baru,Kec. Medan Satria,Kota Bekasi,Prov. Jawa Barat,17133,-6.221300000000,106.976700000000,SWASTA,A,Ada,Ada,Sumur terlindungi,Cukup
SMAS PAX PATRIAE,20231722,SMA,-,Jaka Setia,Kec. Bekasi Selatan,Kota Bekasi,Prov. Jawa Barat,17147,-6.269118300000,106.973551700000,SWASTA,A,Ada,Ada,Pompa,Cukup
SMAS PGRI 1 BEKASI,20223066,SMA,-,Duren Jaya,Kec. Bekasi Timur,Kota Bekasi,Prov. Jawa Barat,17111,-6.233900000000,107.020200000000,SWASTA,A,Ada,Ada,Pompa,Cukup
SMAS PLUS TERATAI PUTIH,20231726,SMA,-,Mustika Jaya,Kec. Mustika Jaya,Kota Bekasi,Prov. Jawa Barat,17310,-6.308400000000,107.033200000000,SWASTA,A,Ada,Ada,Ledeng/PAM,Cukup
SMAS PUTRA HARAPAN,20223049,SMA,Kayuringin,Kayuringin Jaya,Kec. Bekasi Selatan,Kota Bekasi,Prov. Jawa Barat,17144,-6.234200000000,106.982000000000,SWASTA,B,Ada,Tidak ada,Ledeng/PAM,Cukup
SMAS SANDIKTA,20223047,SMA,-,Jatirahayu,Kec. Pondok Melati,Kota Bekasi,Prov. Jawa Barat,17414,-6.300000000000,106.923700000000,SWASTA,A,Ada,Ada,Pompa,Cukup
SMAS SANTA MARIA MONICA,20223031,SMA,Duren Jaya,Duren Jaya,Kec. Bekasi Timur,Kota Bekasi,Prov. Jawa Barat,17111,-6.232813700000,107.023575700000,SWASTA,A,Ada,Ada,Ledeng/PAM,Cukup
SMAS ST BELLARMINUS,20231725,SMA,kemangsari,Jatikramat,Kec. Jatiasih,Kota Bekasi,Prov. Jawa Barat,17412,-6.273700000000,106.937000000000,SWASTA,A,Ada,Ada,Mata air terlindungi,Tidak ada
SMAS SYARIF HIDAYATULLAH,20223030,SMA,JAKA SETIA,Jaka Setia,Kec. Bekasi Selatan,Kota Bekasi,Prov. Jawa Barat,17148,-6.274500000000,106.980500000000,SWASTA,B,Ada,Ada,Sumur terlindungi,Cukup
SMAS TAMAN HARAPAN 1,20223029,SMA,-,Pejuang,Kec. Medan Satria,Kota Bekasi,Prov. Jawa Barat,17131,-6.178800000000,106.993000000000,SWASTA,A,Ada,Ada,Pompa,Tidak ada
SMAS TAMAN HARAPAN 2,20254075,SMA,-,Harapan Jaya,Kec. Bekasi Utara,Kota Bekasi,Prov. Jawa Barat,17124,-6.207800000000,106.995500000000,SWASTA,A,Ada,Ada,Pompa,Cukup
SMAS TAMAN SISWA BEKASI,20223028,SMA,-,Pengasinan,Kec. Rawalumbu,Kota Bekasi,Prov. Jawa Barat,17115,-6.263700000000,107.005600000000,SWASTA,A,Ada,Ada,Pompa,Cukup
SMAS TOGA TERANG,20223027,SMA,-,Bintara Jaya,Kec. Bekasi Barat,Kota Bekasi,Prov. Jawa Barat,17136,-6.241900000000,106.945400000000,SWASTA,B,Ada,Ada,Pompa,Cukup
SMAS TULUS BHAKTI,20223025,SMA,-,Jatiasih,Kec. Jatiasih,Kota Bekasi,Prov. Jawa Barat,17423,-6.291200000000,106.963800000000,SWASTA,A,Ada,Ada,Pompa,Cukup
SMAS TUNAS JAKA SAMPURNA,20223024,SMA,-,Jaka Setia,Kec. Bekasi Selatan,Kota Bekasi,Prov. Jawa Barat,17147,-6.261401700000,106.968070000000,SWASTA,A,Ada,Ada,Ledeng/PAM,Cukup
SMAS VICTORY PLUS,20257330,SPK SMA,-,Bojong Rawalumbu,Kec. Rawalumbu,Kota Bekasi,Prov. Jawa Barat,17116,-6.277500000000,106.989500000000,SWASTA,A,Ada,Ada,Pompa,Cukup
SMAS WIDYA NUSANTARA,20252520,SMA,-,Bojong Rawalumbu,Kec. Rawalumbu,Kota Bekasi,Prov. Jawa Barat,17116,-6.277000000000,106.999200000000,SWASTA,A,Ada,Ada,Pompa,Cukup
SMAS YADIKA 11 BEKASI,20253915,SMA,-,Jatirangga,Kec. Jati Sampurna,Kota Bekasi,Prov. Jawa Barat,17434,-6.369100000000,106.935400000000,SWASTA,A,Ada,Ada,Pompa,Cukup
SMAS YADIKA 4,20231727,SMA,-,Jaticempaka,Kec. Pondokgede,Kota Bekasi,Prov. Jawa Barat,17411,-6.264700000000,106.914900000000,SWASTA,A,Ada,Ada,Ledeng/PAM,Cukup
SMAS YADIKA 9,20252421,SMA,-,Bintara Jaya,Kec. Bekasi Barat,Kota Bekasi,Prov. Jawa Barat,17136,-6.242700000000,106.948000000000,SWASTA,A,Ada,Ada,Pompa,Cukup
SMAS YASFI,20223022,SMA,"Kp. Sawah, Kel. Jati Murni, Kec. Pondok Melati",Jatimurni,Kec. Pondok Melati,Kota Bekasi,Prov. Jawa Barat,17431,-6.327600000000,106.932000000000,SWASTA,A,Ada,Ada,Pompa,Cukup
SMAS YATAMA,20231728,SMA,,Jaticempaka,Kec. Pondokgede,Kota Bekasi,Prov. Jawa Barat,17411,-6.268200000000,106.924600000000,SWASTA,B,Ada,Ada,Ledeng/PAM,Cukup
SMAN 1 BOGOR,20220342,SMA,Paledang,Paledang,Kec. Kota Bogor Tengah,Kota Bogor,Prov. Jawa Barat,16122,-6.597300000000,106.793300000000,NEGERI,A,Ada,Tidak ada,Ledeng/PAM,Cukup
SMAN 10 BOGOR,20220341,SMA,Curug Mekar,Curugmekar,Kec. Kota Bogor Barat,Kota Bogor,Prov. Jawa Barat,16113,-6.559800000000,106.765300000000,NEGERI,A,Ada,Ada,Ledeng/PAM,Cukup
SMAN 2 BOGOR,20238516,SMA,-,Sukaresmi,Kec. Tanah Sareal,Kota Bogor,Prov. Jawa Barat,16165,-6.554600000000,106.794300000000,NEGERI,A,Ada,Ada,Ledeng/PAM,Cukup
SMAN 3 BOGOR,20220332,SMA,Baranang Siang,Baranangsiang,Kec. Kota Bogor Timur,Kota Bogor,Prov. Jawa Barat,16143,-6.607300000000,106.811100000000,NEGERI,A,Ada,Ada,Ledeng/PAM,Cukup
SMAN 4 BOGOR,20220334,SMA,-,Empang,Kec. Kota Bogor Selatan,Kota Bogor,Prov. Jawa Barat,16132,-6.616300000000,106.800600000000,NEGERI,A,Ada,Ada,Ledeng/PAM,Cukup
SMAN 5 BOGOR,20238517,SMA,-,Menteng,Kec. Kota Bogor Barat,Kota Bogor,Prov. Jawa Barat,16111,-6.585400000000,106.784000000000,NEGERI,A,Ada,Ada,Ledeng/PAM,Cukup
SMAN 6 BOGOR,20220335,SMA,Tanah Sareal,Tanahsareal,Kec. Tanah Sareal,Kota Bogor,Prov. Jawa Barat,16161,-6.572500000000,106.799100000000,NEGERI,A,Ada,Ada,Ledeng/PAM,Cukup
SMAN 7 BOGOR,20220336,SMA,-,Tegalgundil,Kec. Kota Bogor Utara,Kota Bogor,Prov. Jawa Barat,16152,-6.577700000000,106.814100000000,NEGERI,A,Ada,Ada,Ledeng/PAM,Cukup
SMAN 8 BOGOR,20220337,SMA,Ciparigi,Ciparigi,Kec. Kota Bogor Utara,Kota Bogor,Prov. Jawa Barat,16157,-6.545100000000,106.820100000000,NEGERI,A,Ada,Ada,Ledeng/PAM,Cukup
SMAN 9 BOGOR,20220338,SMA,Ciwaringin,Ciwaringin,Kec. Kota Bogor Tengah,Kota Bogor,Prov. Jawa Barat,16124,-6.592700000000,106.788500000000,NEGERI,A,Ada,Ada,Ledeng/PAM,Cukup
SMA BINA INSAN MANDIRI,70029863,SMA,Cemplang Barat,Cilendek Barat,Kec. Kota Bogor Barat,Kota Bogor,Prov. Jawa Barat,16112,0.000000000000,0.000000000000,SWASTA,Belum Akreditasi,Ada,Ada,Pompa,Cukup
SMA BINTANG PELAJAR ISLAMIC BOARDING SCHOOL,70037404,SMA,Kedungjaya,Kedungjaya,Kec. Tanah Sareal,Kota Bogor,Prov. Jawa Barat,16164,-6.560900000000,106.787900000000,SWASTA,Belum Akreditasi,Ada,Ada,Sumur terlindungi,Cukup
SMA CAHAYA RANCAMAYA,69883254,SMA,Bojongkaler,Bojongkerta,Kec. Kota Bogor Selatan,Kota Bogor,Prov. Jawa Barat,16139,-6.665316700000,106.835443300000,SWASTA,A,Ada,Ada,Pompa,Cukup
SMA DAAR EN NISA ISLAMIC SCHOOL BOGOR,69949664,SMA,Kedung Badak,Kedungbadak,Kec. Tanah Sareal,Kota Bogor,Prov. Jawa Barat,16164,-6.558700000000,106.792100000000,SWASTA,A,Ada,Ada,Ledeng/PAM,Cukup
SMA DASA SEMESTA,69883219,SMA,,Ranggamekar,Kec. Kota Bogor Selatan,Kota Bogor,Prov. Jawa Barat,16135,-6.631905000000,106.805446700000,SWASTA,B,Ada,Ada,Sumur terlindungi,Cukup
SMA NURAIDA ISLAMIC BOARDING SCHOOL,69991233,SMA,Kampung Pakauman,Cimahpar,Kec. Kota Bogor Utara,Kota Bogor,Prov. Jawa Barat,16155,-6.586137500000,106.823723000000,SWASTA,A,Ada,Ada,Pompa,Cukup
SMAIT INSANTAMA PLUS,60726806,SMA,HEGARMANAH IV,Gunungbatu,Kec. Kota Bogor Barat,Kota Bogor,Prov. Jawa Barat,16118,-6.592600000000,106.770500000000,SWASTA,A,Ada,Ada,Pompa,Cukup
SMAS  PERGURUAN ADVENT BOGOR,69855412,SMA,,Sukasari,Kec. Kota Bogor Timur,Kota Bogor,Prov. Jawa Barat,16142,-6.619565000000,106.815491000000,SWASTA,B,Ada,Ada,Ledeng/PAM,Cukup
SMAS AL AZHAR PLUS,20220546,SMA,Sindang Barang,Sindangbarang,Kec. Kota Bogor Barat,Kota Bogor,Prov. Jawa Barat,16117,-6.580400000000,106.761900000000,SWASTA,A,Ada,Ada,Sumur terlindungi,Cukup
SMAS AL GHAZALY,20220545,SMA,Kebon Kalapa,Kebonkelapa,Kec. Kota Bogor Tengah,Kota Bogor,Prov. Jawa Barat,16125,-6.589400000000,106.785000000000,SWASTA,A,Ada,Ada,Ledeng/PAM,Cukup
SMAS ANANDA,20220547,SMA,-,Batutulis,Kec. Kota Bogor Selatan,Kota Bogor,Prov. Jawa Barat,16134,-6.618818300000,106.811970000000,SWASTA,A,Ada,Ada,Ledeng/PAM,Cukup
SMAS BHAKTI INSAN PERSADA,20270922,SMA,MARGAJAYA,Margajaya,Kec. Kota Bogor Barat,Kota Bogor,Prov. Jawa Barat,16610,-6.575400000000,106.740700000000,SWASTA,B,Ada,Ada,Pompa,Cukup
SMAS BHAKTI INSANI,20220520,SMA,BATUTULIS,Batutulis,Kec. Kota Bogor Selatan,Kota Bogor,Prov. Jawa Barat,16133,-6.618865000000,106.810615000000,SWASTA,A,Ada,Ada,Ledeng/PAM,Cukup
SMAS BINA BANGSA SEJAHTERA,20220352,SMA,-,Margajaya,Kec. Kota Bogor Barat,Kota Bogor,Prov. Jawa Barat,16116,-6.570500000000,106.744900000000,SWASTA,A,Ada,Ada,Ledeng/PAM,Cukup
SMAS BINA INSANI,20220322,SMA,Sremped,Sukadamai,Kec. Tanah Sareal,Kota Bogor,Prov. Jawa Barat,16165,-6.557200000000,106.786300000000,SWASTA,A,Ada,Ada,Sumur terlindungi,Cukup
SMAS BINA SEJAHTERA,20220323,SMA,,Kebonkelapa,Kec. Kota Bogor Tengah,Kota Bogor,Prov. Jawa Barat,16112,-6.591900000000,106.780800000000,SWASTA,A,Ada,Ada,Ledeng/PAM,Cukup
SMAS BOGOR RAYA,20258093,SPK SMA,Tanah Baru,Tanahbaru,Kec. Kota Bogor Utara,Kota Bogor,Prov. Jawa Barat,16143,-6.597100000000,106.820200000000,SWASTA,A,Ada,Ada,Ledeng/PAM,Cukup
SMAS BPK PENABUR BOGOR,20220324,SMA,-,Paledang,Kec. Kota Bogor Tengah,Kota Bogor,Prov. Jawa Barat,16122,-6.600555100000,106.792768500000,SWASTA,A,Ada,Ada,Ledeng/PAM,Cukup
SMAS BUDI MULIA,20220325,SMA,Paledang,Paledang,Kec. Kota Bogor Tengah,Kota Bogor,Prov. Jawa Barat,16122,-6.597300000000,106.793100000000,SWASTA,A,Ada,Ada,Sumur terlindungi,Cukup
SMAS INSAN KAMIL,20220327,SMA,-,Pasirjaya,Kec. Kota Bogor Barat,Kota Bogor,Prov. Jawa Barat,16119,-6.601000000000,106.782900000000,SWASTA,A,Ada,Ada,Ledeng/PAM,Cukup
SMAS ISLAM AL UMM,20238515,SMA,-,Sindangsari,Kec. Kota Bogor Timur,Kota Bogor,Prov. Jawa Barat,16146,-6.648588300000,106.846473300000,SWASTA,B,Ada,Ada,Sumur terlindungi,Cukup
SMAS IT UMMUL QURO,69775444,SMA,Kayu manis,Kayumanis,Kec. Tanah Sareal,Kota Bogor,Prov. Jawa Barat,16169,-6.528300000000,106.771900000000,SWASTA,A,Ada,Ada,Ledeng/PAM,Cukup
SMAS KAMANDAKA,20220328,SMA,Tegal Gundil,Tegalgundil,Kec. Kota Bogor Utara,Kota Bogor,Prov. Jawa Barat,16152,-6.582100000000,106.815400000000,SWASTA,A,Ada,Ada,Ledeng/PAM,Cukup
SMAS KESATUAN,20220329,SMA,Komplek Pulo Armen,Baranangsiang,Kec. Kota Bogor Timur,Kota Bogor,Prov. Jawa Barat,16143,-6.613918300000,106.811946700000,SWASTA,A,Ada,Ada,Ledeng/PAM,Cukup
SMAS KOSGORO,20220321,SMA,-,Bantarjati,Kec. Kota Bogor Utara,Kota Bogor,Prov. Jawa Barat,16153,-6.579200000000,106.808300000000,SWASTA,A,Ada,Ada,Ledeng/PAM,Cukup
SMAS KRISTEN YPK SATU BAKTI,20220320,SMA,-,Ciwaringin,Kec. Kota Bogor Tengah,Kota Bogor,Prov. Jawa Barat,16124,-6.592000000000,106.788500000000,SWASTA,B,Ada,Ada,Ledeng/PAM,Cukup
SMAS MARDI YUANA,20220313,SMA,Bondongan,Bondongan,Kec. Kota Bogor Selatan,Kota Bogor,Prov. Jawa Barat,16131,-6.614965000000,106.808251700000,SWASTA,A,Ada,Ada,Ledeng/PAM,Cukup
SMAS MUHAMMADIYAH,20220314,SMA,-,Empang,Kec. Kota Bogor Selatan,Kota Bogor,Prov. Jawa Barat,16132,-6.588100000000,106.788300000000,SWASTA,B,Ada,Ada,Ledeng/PAM,Cukup
SMAS PESAT,20220316,SMA,Sindang Barang Loji,Loji,Kec. Kota Bogor Barat,Kota Bogor,Prov. Jawa Barat,16117,-6.583400000000,106.768100000000,SWASTA,A,Ada,Ada,Ledeng/PAM,Cukup
SMAS PGRI 1,20220317,SMA,-,Baranangsiang,Kec. Kota Bogor Timur,Kota Bogor,Prov. Jawa Barat,16143,-6.602100000000,106.811700000000,SWASTA,A,Ada,Ada,Ledeng/PAM,Cukup
SMAS PGRI 3,20220318,SMA,SUKADAMAI,Kedungbadak,Kec. Tanah Sareal,Kota Bogor,Prov. Jawa Barat,16161,-6.559700000000,106.794100000000,SWASTA,A,Ada,Ada,Ledeng/PAM,Cukup
SMAS PGRI 4,20220319,SMA,Bantarjati,Bantarjati,Kec. Kota Bogor Utara,Kota Bogor,Prov. Jawa Barat,16153,-6.572700000000,106.807400000000,SWASTA,A,Ada,Ada,Ledeng/PAM,Cukup
SMAS PGRI 5,20238519,SMA,Katulampa,Katulampa,Kec. Kota Bogor Timur,Kota Bogor,Prov. Jawa Barat,16144,-6.623318300000,106.825461700000,SWASTA,B,Ada,Ada,Ledeng/PAM,Cukup
SMAS PUI,20220331,SMA,-,Bondongan,Kec. Kota Bogor Selatan,Kota Bogor,Prov. Jawa Barat,16131,-6.616300000000,106.806000000000,SWASTA,B,Ada,Ada,Ledeng/PAM,Cukup
SMAS REGINA PACIS,20220343,SMA,-,Pabaton,Kec. Kota Bogor Tengah,Kota Bogor,Prov. Jawa Barat,16121,-6.592100000000,106.796400000000,SWASTA,A,Ada,Ada,Ledeng/PAM,Cukup
SMAS RIMBA MADYA,20220344,SMA,Pasir Mulya,Pasirmulya,Kec. Kota Bogor Barat,Kota Bogor,Prov. Jawa Barat,16118,-6.600800000000,106.775900000000,SWASTA,A,Ada,Ada,Ledeng/PAM,Cukup
SMAS SILIWANGI,20220346,SMA,-,Kedungbadak,Kec. Tanah Sareal,Kota Bogor,Prov. Jawa Barat,16164,-6.567000000000,106.806600000000,SWASTA,A,Ada,Ada,Ledeng/PAM,Cukup
SMAS TAMAN SISWA BOGOR TENGAH,20220347,SMA,-,Ciwaringin,Kec. Kota Bogor Tengah,Kota Bogor,Prov. Jawa Barat,16114,-6.582900000000,106.788400000000,SWASTA,B,Ada,Ada,Ledeng/PAM,Cukup
SMAS TARUNA ANDIGHA,20220348,SMA,-,Kebonkelapa,Kec. Kota Bogor Tengah,Kota Bogor,Prov. Jawa Barat,16125,-6.594700000000,106.785500000000,SWASTA,A,Ada,Ada,Ledeng/PAM,Cukup
SMAS TUNAS HARAPAN,20220312,SMA,-,Empang,Kec. Kota Bogor Selatan,Kota Bogor,Prov. Jawa Barat,16132,-6.614793300000,106.803640000000,SWASTA,A,Ada,Ada,Ledeng/PAM,Cukup
SMAS YASIH,20220349,SMA,Cikeas,Katulampa,Kec. Kota Bogor Timur,Kota Bogor,Prov. Jawa Barat,16144,-6.613189000000,106.829777000000,SWASTA,B,Ada,Ada,Sumur terlindungi,Cukup
SMAS YP 17,20238520,SMA,-,Loji,Kec. Kota Bogor Barat,Kota Bogor,Prov. Jawa Barat,16117,-6.589200000000,106.771200000000,SWASTA,B,Ada,Ada,Ledeng/PAM,Cukup
SMAS YPH PLUS,20238521,SMA,-,Genteng,Kec. Kota Bogor Selatan,Kota Bogor,Prov. Jawa Barat,16720,-6.639066700000,106.815673300000,SWASTA,B,Ada,Ada,Ledeng/PAM,Cukup
SMAS YPHB,20220330,SMA,Bantarjati,Bantarjati,Kec. Kota Bogor Utara,Kota Bogor,Prov. Jawa Barat,16153,-6.578600000000,106.808400000000,SWASTA,A,Ada,Ada,Ledeng/PAM,Cukup
SMAS YZA 1 BOGOR TIMUR,20220350,SMA,DESA SINDANGSARI,Sindangsari,Kec. Kota Bogor Timur,Kota Bogor,Prov. Jawa Barat,16146,-6.651415000000,106.845506000000,SWASTA,A,Ada,Ada,Ledeng/PAM,Cukup
SMA NEGERI 1 CIMAHI,20224113,SMA,-,Cimahi,Kec. Cimahi Tengah,Kota Cimahi,Prov. Jawa Barat,40525,-6.870900000000,107.543500000000,NEGERI,A,Ada,Ada,Ledeng/PAM,Cukup
SMA NEGERI 2 CIMAHI,20224139,SMA,Setiamanah,Setiamanah,Kec. Cimahi Tengah,Kota Cimahi,Prov. Jawa Barat,40524,-6.882100000000,107.534300000000,NEGERI,A,Ada,Ada,Pompa,Cukup
SMA NEGERI 3 CIMAHI,20224114,SMA,Cibabat,Cibabat,Kec. Cimahi Utara,Kota Cimahi,Prov. Jawa Barat,40513,-6.874000000000,107.559900000000,NEGERI,A,Ada,Ada,Pompa,Cukup
SMA NEGERI 4 CIMAHI,20224109,SMA,-,Leuwigajah,Kec. Cimahi Selatan,Kota Cimahi,Prov. Jawa Barat,40532,-6.902500000000,107.522100000000,NEGERI,A,Ada,Ada,Pompa,Cukup
SMA NEGERI 5 CIMAHI,20224112,SMA,CIMAHI,Karangmekar,Kec. Cimahi Tengah,Kota Cimahi,Prov. Jawa Barat,40525,-6.878600000000,107.544700000000,NEGERI,A,Ada,Ada,Ledeng/PAM,Cukup
SMA NEGERI 6 CIMAHI,20224108,SMA,Melong,Melong,Kec. Cimahi Selatan,Kota Cimahi,Prov. Jawa Barat,40534,-6.924200000000,107.562900000000,NEGERI,A,Ada,Ada,Pompa,Cukup
SMA BAITUL IZZAH BOARDING SCHOOL,70047679,SMA,,Cipageran,Kec. Cimahi Utara,Kota Cimahi,Prov. Jawa Barat,,-6.853500000000,107.539300000000,SWASTA,Belum Akreditasi,Ada,Ada,Pompa,Cukup
SMA BUDI LUHUR,20224115,SMA,Padakasih,Cibeber,Kec. Cimahi Selatan,Kota Cimahi,Prov. Jawa Barat,40531,-6.901900000000,107.516200000000,SWASTA,B,Ada,Ada,Mata air terlindungi,Cukup
SMA KARTIKA XIX-4,20224110,SMA,Baros,Baros,Kec. Cimahi Tengah,Kota Cimahi,Prov. Jawa Barat,40521,-6.892400000000,107.533000000000,SWASTA,B,Ada,Ada,Pompa,Cukup
SMA MUHAMMADIYAH 1,20224107,SMA,Karangmekar,Karangmekar,Kec. Cimahi Tengah,Kota Cimahi,Prov. Jawa Barat,40523,-6.879700000000,107.549700000000,SWASTA,B,Ada,Ada,Pompa,Cukup
SMA PASUNDAN 1,20224106,SMA,-,Cimahi,Kec. Cimahi Tengah,Kota Cimahi,Prov. Jawa Barat,40525,-6.872400000000,107.545500000000,SWASTA,A,Ada,Ada,Pompa,Cukup
SMA PASUNDAN 2,20224105,SMA,Melong,Melong,Kec. Cimahi Selatan,Kota Cimahi,Prov. Jawa Barat,40534,-6.924900000000,107.563500000000,SWASTA,A,Ada,Ada,Sumur terlindungi,Cukup
SMA PASUNDAN 3,20224121,SMA,-,Citeureup,Kec. Cimahi Utara,Kota Cimahi,Prov. Jawa Barat,40512,-6.861400000000,107.551400000000,SWASTA,A,Ada,Ada,Sumur terlindungi,Cukup
SMA PUTRA MANDIRI,20224122,SMA,-,Cipageran,Kec. Cimahi Utara,Kota Cimahi,Prov. Jawa Barat,40511,-6.866800000000,107.536000000000,SWASTA,A,Ada,Ada,Sumur terlindungi,Cukup
SMA SANTA MARIA 3,20224124,SMA,Kelurahan Karangmekar,Karangmekar,Kec. Cimahi Tengah,Kota Cimahi,Prov. Jawa Barat,40523,-6.876700000000,107.545500000000,SWASTA,A,Ada,Ada,Sumur terlindungi,Cukup
SMA Tridaya Tunas Bangsa,70024632,SMA,Citeureup,Citeureup,Kec. Cimahi Utara,Kota Cimahi,Prov. Jawa Barat,40512,-6.863000000000,107.545700000000,SWASTA,B,Ada,Ada,Ledeng/PAM,Cukup
SMA WARGA BAKTI,20224137,SMA,CIBEBER,Cibeber,Kec. Cimahi Selatan,Kota Cimahi,Prov. Jawa Barat,40531,-6.894100000000,107.518300000000,SWASTA,C,Ada,Ada,Ledeng/PAM,Cukup
SMAN 1 CIREBON,20222364,SMA,Sukapura,Sukapura,Kec. Kejaksan,Kota Cirebon,Prov. Jawa Barat,45122,-6.710976000000,108.551441000000,NEGERI,A,Ada,Ada,Ledeng/PAM,Cukup
SMAN 2 CIREBON,20222365,SMA,-,Pekiringan,Kec. Kesambi,Kota Cirebon,Prov. Jawa Barat,45131,-6.714900000000,108.550200000000,NEGERI,A,Ada,Ada,Ledeng/PAM,Cukup
SMAN 3 CIREBON,20222366,SMA,Larangan,Larangan,Kec. Harjamukti,Kota Cirebon,Prov. Jawa Barat,45141,-6.749500000000,108.560900000000,NEGERI,A,Ada,Ada,Ledeng/PAM,Cukup
SMAN 4 CIREBON,20222367,SMA,karyamulya,Karyamulya,Kec. Kesambi,Kota Cirebon,Prov. Jawa Barat,45135,-6.734700000000,108.539500000000,NEGERI,A,Ada,Ada,Ledeng/PAM,Cukup
SMAN 5 CIREBON,20222384,SMA,-,Karyamulya,Kec. Kesambi,Kota Cirebon,Prov. Jawa Barat,45131,-6.742700000000,108.524400000000,NEGERI,A,Ada,Ada,Ledeng/PAM,Cukup
SMAN 6 CIREBON,20222311,SMA,Sukapura,Sukapura,Kec. Kejaksan,Kota Cirebon,Prov. Jawa Barat,45122,-6.710400000000,108.551400000000,NEGERI,A,Ada,Ada,Ledeng/PAM,Cukup
SMAN 7 CIREBON,20222149,SMA,Karyamulya,Karyamulya,Kec. Kesambi,Kota Cirebon,Prov. Jawa Barat,45135,-6.736100000000,108.536200000000,NEGERI,A,Ada,Ada,Ledeng/PAM,Cukup
SMAN 8 CIREBON,20222166,SMA,-,Pegambiran,Kec. Lemahwungkuk,Kota Cirebon,Prov. Jawa Barat,45113,-6.732200000000,108.571900000000,NEGERI,A,Ada,Ada,Sumur terlindungi,Kurang
SMAN 9 CIREBON,20222167,SMA,Kampung Pesantren,Kalijaga,Kec. Harjamukti,Kota Cirebon,Prov. Jawa Barat,45144,-6.757100000000,108.549100000000,NEGERI,A,Ada,Ada,Pompa,Cukup
SMA EDU GLOBAL,70031731,SMA,Pekiringan,Pekiringan,Kec. Kesambi,Kota Cirebon,Prov. Jawa Barat,45131,-6.724400000000,108.549500000000,SWASTA,Belum Akreditasi,Ada,Ada,Pompa,Cukup
SMA HIGHFIELD,70011973,SMA,Kesenden,Kesenden,Kec. Kejaksan,Kota Cirebon,Prov. Jawa Barat,45121,-6.700800000000,108.560900000000,SWASTA,A,Ada,Ada,Ledeng/PAM,Cukup
SMA KRISTEN PENABUR CIREBON,20222370,SMA,Suradinaya,Pekiringan,Kec. Kesambi,Kota Cirebon,Prov. Jawa Barat,54131,-6.716700000000,108.549900000000,SWASTA,A,Ada,Ada,Pompa,Cukup
SMA KRISTEN PLUS PENABUR,69980600,SMA,SUNYARAGI,Sunyaragi,Kec. Kesambi,Kota Cirebon,Prov. Jawa Barat,45132,-6.731400000000,108.541300000000,SWASTA,A,Ada,Ada,Sumur terlindungi,Cukup
SMA LUHUR AL KAUTSAR,70047268,SMA,,Sunyaragi,Kec. Kesambi,Kota Cirebon,Prov. Jawa Barat,45132,0.000000000000,0.000000000000,SWASTA,Belum Akreditasi,Ada,Ada,Pompa,Cukup
SMA PELITA BANGSA,69965195,SPK SMA,,Pekiringan,Kec. Kesambi,Kota Cirebon,Prov. Jawa Barat,45131,-6.723348000000,108.548347000000,SWASTA,A,Ada,Ada,Pompa,Cukup
SMAS ADVENT CIREBON,20222379,SMA,-,Kesepuhan,Kec. Lemahwungkuk,Kota Cirebon,Prov. Jawa Barat,45114,-6.724000000000,108.569700000000,SWASTA,B,Ada,Ada,Pompa,Cukup
SMAS COKROAMINOTO CIREBON,20222381,SMA,-,Kesenden,Kec. Kejaksan,Kota Cirebon,Prov. Jawa Barat,45121,-6.701900000000,108.554700000000,SWASTA,B,Ada,Ada,Ledeng/PAM,Cukup
SMAS ISLAM AL-AZHAR CIREBON,20222382,SMA,-,Sukapura,Kec. Kejaksan,Kota Cirebon,Prov. Jawa Barat,45122,-6.698800000000,108.543700000000,SWASTA,A,Ada,Ada,Pompa,Cukup
SMAS IT NURUSSHIDIQ CIREBON,20222368,SMA,-,Sukapura,Kec. Kejaksan,Kota Cirebon,Prov. Jawa Barat,45122,-6.706700000000,108.541800000000,SWASTA,A,Ada,Ada,Pompa,Cukup
SMAS KARTIKA III-5 CIREBON,20222383,SMA,-,Sunyaragi,Kec. Kesambi,Kota Cirebon,Prov. Jawa Barat,45132,-6.730400000000,108.545800000000,SWASTA,A,Ada,Tidak ada,Ledeng/PAM,Cukup
SMAS KRISTEN TERANG BANGSA,60726457,SMA,-,Kesambi,Kec. Kesambi,Kota Cirebon,Prov. Jawa Barat,45134,-6.726597000000,108.553227000000,SWASTA,A,Ada,Ada,Ledeng/PAM,Cukup
SMAS PUTRA NIRMALA CIREBON,20222355,SMA,Kesambi,Kesambi,Kec. Kesambi,Kota Cirebon,Prov. Jawa Barat,45134,-6.725800000000,108.554500000000,SWASTA,A,Ada,Ada,Sumur terlindungi,Cukup
SMAS SANTA MARIA 1 CIREBON,20222356,SMA,-,Panjunan,Kec. Lemahwungkuk,Kota Cirebon,Prov. Jawa Barat,45112,-6.713700000000,108.566700000000,SWASTA,A,Ada,Ada,Ledeng/PAM,Cukup
SMAS SYARIF HIDAYATULLAH CIREBON,20222360,SMA,-,PEKIRINGAN,Kec. Kesambi,Kota Cirebon,Prov. Jawa Barat,45131,-6.721500000000,108.558100000000,SWASTA,B,Ada,Ada,Ledeng/PAM,Cukup
SMAS TAMAN SISWA CIREBON,20222361,SMA,SUNYARAGI,Sunyaragi,Kec. Kesambi,Kota Cirebon,Prov. Jawa Barat,45132,-6.736700000000,108.556600000000,SWASTA,B,Ada,Ada,Ledeng/PAM,Cukup
SMAS TELKOM SEKAR KEMUNING,20222358,SMA,Sicalung,Karyamulya,Kec. Kesambi,Kota Cirebon,Prov. Jawa Barat,45135,-6.742000000000,108.538000000000,SWASTA,A,Ada,Ada,Pompa,Cukup
SMAS WIDYA UTAMA CIREBON,20222362,SMA,-,Kesambi,Kec. Kesambi,Kota Cirebon,Prov. Jawa Barat,45134,-6.747000000000,108.537600000000,SWASTA,B,Ada,Ada,Ledeng/PAM,Cukup
SMAS WINDU WACANA CIREBON,20222363,SMA,Drajat,Drajat,Kec. Kesambi,Kota Cirebon,Prov. Jawa Barat,45133,-6.734300000000,108.561900000000,SWASTA,A,Ada,Ada,Pompa,Cukup
SMA NEGERI 10 DEPOK,69851425,SMA,Curug,Curug,Kec. Bojongsari,Kota Depok,Prov. Jawa Barat,16517,-6.393240000000,106.732276700000,NEGERI,A,Ada,Ada,Sumur terlindungi,Cukup
SMA NEGERI 14 DEPOK,70002720,SMA,,Beji,Kec. Beji,Kota Depok,Prov. Jawa Barat,,-6.383100000000,106.819100000000,NEGERI,B,Ada,Ada,Sumur terlindungi,Cukup
SMA Negeri 15 Depok,20258460,SMA,Abadijaya Sukmajaya,Abadijaya,Kec. Sukmajaya,Kota Depok,Prov. Jawa Barat,16417,-6.396500000000,106.843200000000,NEGERI,B,Ada,Ada,Ledeng/PAM,Cukup
SMAN 1 KOTA DEPOK,20223819,SMA,-,Depok Jaya,Kec. Pancoran Mas,Kota Depok,Prov. Jawa Barat,16432,-6.395100000000,106.814600000000,NEGERI,A,Ada,Ada,Ledeng/PAM,Cukup
SMAN 11 Kota Depok,69857937,SMA,,Sukmajaya,Kec. Sukmajaya,Kota Depok,Prov. Jawa Barat,16412,-6.421953300000,106.836702700000,NEGERI,B,Ada,Ada,Pompa,Kurang
SMAN 12 KOTA DEPOK,69857938,SMA,Cipayung Jaya,Cipayung Jaya,Kec. Cipayung,Kota Depok,Prov. Jawa Barat,16437,-6.434300000000,106.796200000000,NEGERI,B,Ada,Ada,Sumur terlindungi,Cukup
SMAN 13 Kota Depok,69857939,SMA,Pedurenan,Cisalak Pasar,Kec. Cimanggis,Kota Depok,Prov. Jawa Barat,16452,-6.376930000000,106.873438300000,NEGERI,B,Ada,Tidak ada,Pompa,Cukup
SMAN 2 KOTA DEPOK,20223818,SMA,-,ABADI JAYA,Kec. Sukmajaya,Kota Depok,Prov. Jawa Barat,16417,-6.394115000000,106.849655000000,NEGERI,A,Ada,Ada,Sumur terlindungi,Cukup
SMAN 3 KOTA DEPOK,20223817,SMA,Cikumpa,SUKMAJAYA,Kec. Sukmajaya,Kota Depok,Prov. Jawa Barat,16412,-6.407900000000,106.841100000000,NEGERI,A,Ada,Ada,Sumur terlindungi,Cukup
SMAN 4 KOTA DEPOK,20229166,SMA,Sukatani,Tapos,Kec. Tapos,Kota Depok,Prov. Jawa Barat,16454,-6.394381700000,106.882433300000,NEGERI,A,Ada,Tidak ada,Sumur terlindungi,Cukup
SMAN 5 KOTA DEPOK,20229167,SMA,Bedahan,Bedahan,Kec. Sawangan,Kota Depok,Prov. Jawa Barat,16519,-6.409300000000,106.759700000000,NEGERI,A,Ada,Ada,Sumur terlindungi,Cukup
SMAN 6 KOTA DEPOK,20229168,SMA,Limo,Limo,Kec. Limo,Kota Depok,Prov. Jawa Barat,16515,-6.370200000000,106.773200000000,NEGERI,A,Ada,Ada,Sumur terlindungi,Cukup
SMAN 7 KOTA DEPOK,20268524,SMA,leuwinanggung,Leuwinanggung,Kec. Tapos,Kota Depok,Prov. Jawa Barat,16456,-6.397125000000,106.910203300000,NEGERI,A,Ada,Ada,Sumur terlindungi,Cukup
SMAN 8 DEPOK,20270492,SMA,Cilodong,Cilodong,Kec. Cilodong,Kota Depok,Prov. Jawa Barat,16414,-6.424500000000,106.846900000000,NEGERI,A,Ada,Ada,Pompa,Cukup
SMAN 9 DEPOK,20276187,SMA,-,Cinere,Kec. Cinere,Kota Depok,Prov. Jawa Barat,16514,-6.346980000000,106.780031700000,NEGERI,A,Ada,Ada,Pompa,Cukup
SMA AR-RIDHA AL SALAAM,70025375,SMA,,Gandul,Kec. Cinere,Kota Depok,Prov. Jawa Barat,16512,0.000000000000,0.000000000000,SWASTA,A,Ada,Ada,Sumur terlindungi,Cukup
SMA BINA INDONESIA GEMILANG BOARDING SCHOOL,70037204,SMA,,Grogol,Kec. Limo,Kota Depok,Prov. Jawa Barat,,0.000000000000,0.000000000000,SWASTA,Belum Akreditasi,Ada,Ada,Pompa,Cukup
SMA BUDI CENDEKIA ISLAMIC SCHOOL ,69989336,SMA,,Kalimulya,Kec. Cilodong,Kota Depok,Prov. Jawa Barat,16413,-6.428274300000,106.816048900000,SWASTA,A,Ada,Ada,Ledeng/PAM,Cukup
SMA GENESIS MEDICARE,70009964,SMA,,Curug,Kec. Cimanggis,Kota Depok,Prov. Jawa Barat,16453,0.000000000000,0.000000000000,SWASTA,A,Ada,Ada,Pompa,Cukup
SMA HIGHFIELD DEPOK,70045463,SMA,,Kemirimuka,Kec. Beji,Kota Depok,Prov. Jawa Barat,,-6.378200000000,106.838500000000,SWASTA,Belum Akreditasi,Ada,Ada,Pompa,Cukup
SMA IBNU HAJAR BOARDING SCHOOL,69816259,SMA,-,Harjamukti,Kec. Cimanggis,Kota Depok,Prov. Jawa Barat,16454,-6.380100000000,106.887900000000,SWASTA,A,Ada,Ada,Pompa,Cukup
SMA ISLAM ALAM DAN SAINS AL-JANNAH,69989332,SMA,pondok ranggon,Harjamukti,Kec. Cimanggis,Kota Depok,Prov. Jawa Barat,,-6.363615500000,106.853208700000,SWASTA,A,Ada,Ada,Ledeng/PAM,Tidak ada
SMA ISLAM BUDAYA,70041118,SMA,Pasir Putih,Pasir Putih,Kec. Sawangan,Kota Depok,Prov. Jawa Barat,,0.000000000000,0.000000000000,SWASTA,Belum Akreditasi,Ada,Ada,Sumur terlindungi,Cukup
SMA ISLAM DAARUL ILMI DEPOK,70046908,SMA,,Tirtajaya,Kec. Sukmajaya,Kota Depok,Prov. Jawa Barat,16412,0.000000000000,0.000000000000,SWASTA,Belum Akreditasi,Ada,Tidak ada,Sumur terlindungi,Cukup
SMA ISLAM FITRAH AL FIKRI,70050629,SMA,,Sukmajaya,Kec. Sukmajaya,Kota Depok,Prov. Jawa Barat,,0.000000000000,0.000000000000,SWASTA,Belum Akreditasi,Ada,Ada,Sumur terlindungi,Cukup
SMA Islam Ghama Ar-Rasyid,70028643,SMA,Grogol,Grogol,Kec. Limo,Kota Depok,Prov. Jawa Barat,16533,-6.382900000000,106.790800000000,SWASTA,A,Ada,Ada,Sumur terlindungi,Cukup
SMA IT AL HARAKI,70024044,SMA,,Tirtajaya,Kec. Sukmajaya,Kota Depok,Prov. Jawa Barat,16412,0.000000000000,0.000000000000,SWASTA,A,Ada,Ada,Pompa,Cukup
SMA IT MISBAAHUSSUDUUR,70005347,SMA,Jl. Boulevard Grand Depok City,Jatimulya,Kec. Cilodong,Kota Depok,Prov. Jawa Barat,16413,-6.444100000000,106.828600000000,SWASTA,C,Ada,Ada,Lainnya,Cukup
SMA IT RAHMANIYAH,70033728,SMA,,Tirtajaya,Kec. Sukmajaya,Kota Depok,Prov. Jawa Barat,16412,-6.412800000000,106.830500000000,SWASTA,A,Ada,Tidak ada,Sumur terlindungi,Cukup
SMA IT TUNAS BANGSA,69862451,SMA,,Kalimulya,Kec. Cilodong,Kota Depok,Prov. Jawa Barat,16413,-6.437713300000,106.821866700000,SWASTA,B,Ada,Ada,Pompa,Cukup
SMA MUHAMMADIYAH 04 DEPOK,69899184,SMA,Parungbingung,Rangkapan Jaya Baru,Kec. Pancoran Mas,Kota Depok,Prov. Jawa Barat,16434,-6.387336700000,106.770763300000,SWASTA,A,Ada,Ada,Pompa,Cukup
SMA PERJUANGAN TERPADU,69989077,SMA,Rangkapan Jaya,Rangkapan Jaya,Kec. Pancoran Mas,Kota Depok,Prov. Jawa Barat,16435,-6.395300000000,106.785800000000,SWASTA,A,Ada,Ada,Ledeng/PAM,Cukup
SMA PESANTREN CENDEKIA AMANAH,70044933,SMA,kel kalimulya,Kalimulya,Kec. Cilodong,Kota Depok,Prov. Jawa Barat,16413,0.000000000000,0.000000000000,SWASTA,Belum Akreditasi,Ada,Ada,Sumur terlindungi,Cukup
SMA PGRI DEPOK,20229171,SMA,Depok,Pancoran Mas,Kec. Pancoran Mas,Kota Depok,Prov. Jawa Barat,16431,-6.404975000000,106.823793300000,SWASTA,A,Ada,Ada,Pompa,Cukup
SMA PRIBADI PREMIERE,70043757,SMA,,Tirtajaya,Kec. Sukmajaya,Kota Depok,Prov. Jawa Barat,16412,0.000000000000,0.000000000000,SWASTA,Belum Akreditasi,Ada,Ada,Sumur terlindungi,Cukup
SMA PUTRA BANGSA,20229174,SMA,BEJI,Kemirimuka,Kec. Beji,Kota Depok,Prov. Jawa Barat,16423,-6.382500000000,106.827300000000,SWASTA,A,Ada,Ada,Sumur terlindungi,Cukup
SMA PUTRI MAZAYA ASSUNNAH,70046756,SMA,,Tapos,Kec. Tapos,Kota Depok,Prov. Jawa Barat,,-6.406600000000,106.899500000000,SWASTA,Belum Akreditasi,Ada,Ada,Pompa,Cukup
SMA Terpadu Baitul Hikmah,70007506,SMA,Curug,Curug,Kec. Bojongsari,Kota Depok,Prov. Jawa Barat,16517,-6.404100000000,106.735700000000,SWASTA,A,Ada,Ada,Sumur terlindungi,Cukup
SMA TQT Madinatul Qur`an,70015823,SMA,,Jatimulya,Kec. Cilodong,Kota Depok,Prov. Jawa Barat,16412,0.000000000000,0.000000000000,SWASTA,A,Ada,Ada,Pompa,Cukup
SMAS AL HASRA,20229140,SMA,-,Bojongsari Baru,Kec. Bojongsari,Kota Depok,Prov. Jawa Barat,16516,-6.391000000000,106.745200000000,SWASTA,A,Ada,Ada,Sumur terlindungi,Cukup
SMAS ARRAHMAN,20229142,SMA,Bojong,Bojong Pondok Terong,Kec. Cipayung,Kota Depok,Prov. Jawa Barat,16436,-6.434100000000,106.807000000000,SWASTA,A,Ada,Ada,Sumur terlindungi,Cukup
SMAS AVICENA CINERE,20229160,SMA,Cinere,Cinere,Kec. Cinere,Kota Depok,Prov. Jawa Barat,16514,-6.340621700000,106.781170000000,SWASTA,A,Ada,Ada,Sumur terlindungi,Cukup
SMAS BINTARA DEPOK,20229147,SMA,-,Pancoran Mas,Kec. Pancoran Mas,Kota Depok,Prov. Jawa Barat,16436,-6.399490000000,106.810586700000,SWASTA,A,Ada,Ada,Sumur terlindungi,Cukup
SMAS BUDI BHAKTI DEPOK,20229148,SMA,-,Depok,Kec. Pancoran Mas,Kota Depok,Prov. Jawa Barat,16431,-6.400693300000,106.833980000000,SWASTA,B,Ada,Ada,Pompa,Cukup
SMAS BUDI UTOMO SUKMAJAYA,20229149,SMA,Kel. Abadijaya,Abadijaya,Kec. Sukmajaya,Kota Depok,Prov. Jawa Barat,16417,-6.393400000000,106.854200000000,SWASTA,A,Ada,Ada,Ledeng/PAM,Cukup
SMAS CAKRA BUANA,20229150,SMA,-,PANCORAN MAS,Kec. Pancoran Mas,Kota Depok,Prov. Jawa Barat,16432,-6.395717000000,106.803462100000,SWASTA,A,Ada,Ada,Pompa,Cukup
SMAS ISLAM AN NIZHOMIYAH,20229153,SMA,-,Kalibaru,Kec. Cilodong,Kota Depok,Prov. Jawa Barat,16414,-6.429228300000,106.831791700000,SWASTA,A,Ada,Ada,Pompa,Cukup
SMAS ISLAM DARUSSALAM,20229155,SMA,-,Tapos,Kec. Tapos,Kota Depok,Prov. Jawa Barat,16457,-6.405421700000,106.896990000000,SWASTA,A,Ada,Ada,Sumur terlindungi,Cukup
SMAS ISLAM DIAN DIDAKTIKA,20246430,SMA,Cinere / Gandul,Cinere,Kec. Cinere,Kota Depok,Prov. Jawa Barat,16512,-6.343965000000,106.784050000000,SWASTA,A,Ada,Ada,Ledeng/PAM,Cukup
SMAS ISLAM TERPADU NURUL FIKRI,20229157,SMA,-,Tugu,Kec. Cimanggis,Kota Depok,Prov. Jawa Barat,16451,-6.366586700000,106.841751700000,SWASTA,A,Ada,Ada,Sumur terlindungi,Cukup
SMAS ISLAM TERPADU RAFLESIA,20232526,SMA,-,Tugu,Kec. Cimanggis,Kota Depok,Prov. Jawa Barat,16451,-6.369988300000,106.851600000000,SWASTA,A,Ada,Ada,Pompa,Cukup
SMAS ISLAM YPPD,20229188,SMA,-,Depok,Kec. Pancoran Mas,Kota Depok,Prov. Jawa Barat,16431,-6.402966700000,106.821688300000,SWASTA,A,Ada,Ada,Ledeng/PAM,Cukup
SMAS ISLAMIYAH SAWANGAN,20229156,SMA,-,Sawangan Lama,Kec. Sawangan,Kota Depok,Prov. Jawa Barat,16511,-6.405900000000,106.759500000000,SWASTA,B,Ada,Ada,Sumur terlindungi,Cukup
SMAS IT AL-QUDWAH,20276113,SMA,-,Kemirimuka,Kec. Beji,Kota Depok,Prov. Jawa Barat,16423,6.385600000000,106.831100000000,SWASTA,A,Ada,Ada,Ledeng/PAM,Cukup
SMAS IT AS SHOF,69765058,SMA,Kebon Duren,Kalimulya,Kec. Cilodong,Kota Depok,Prov. Jawa Barat,16413,-6.443800000000,106.822900000000,SWASTA,B,Ada,Ada,Sumur terlindungi,Cukup
SMAS IT DAARUL RAHMAN,20258166,SMA,Duren seribu,Duren Seribu,Kec. Bojongsari,Kota Depok,Prov. Jawa Barat,16518,-6.427831700000,106.733555000000,SWASTA,A,Ada,Ada,Sumur terlindungi,Cukup
SMAS IT NURURRAHMAN,20268809,SMA,SAWANGAN,Pancoran Mas,Kec. Pancoran Mas,Kota Depok,Prov. Jawa Barat,16436,-6.396400000000,106.803400000000,SWASTA,A,Ada,Ada,Sumur terlindungi,Cukup
SMAS KASIH PANCORAN MAS,20229158,SMA,-,Pancoran Mas,Kec. Pancoran Mas,Kota Depok,Prov. Jawa Barat,16431,-6.402900000000,106.825400000000,SWASTA,A,Ada,Ada,Ledeng/PAM,Cukup
SMAS KHARISMAWITA DEPOK,20229159,SMA,-,Serua,Kec. Bojongsari,Kota Depok,Prov. Jawa Barat,16517,-6.364951700000,106.745106700000,SWASTA,B,Ada,Ada,Pompa,Cukup
SMAS LAZUARDI GIS,20247276,SMA,Rangkapan Jaya Baru,Rangkapan Jaya Baru,Kec. Pancoran Mas,Kota Depok,Prov. Jawa Barat,16434,-6.397300000000,106.774500000000,SWASTA,A,Ada,Ada,Ledeng/PAM,Cukup
SMAS MARDI YUANA PANCORAN MAS,20229161,SMA,,Depok,Kec. Pancoran Mas,Kota Depok,Prov. Jawa Barat,16431,-6.398571700000,106.822943300000,SWASTA,A,Ada,Ada,Sumur terlindungi,Cukup
SMAS MAWADDAH,20229162,SMA,Kp. Utan Jaya,Pondok Jaya,Kec. Cipayung,Kota Depok,Prov. Jawa Barat,16443,-6.447988300000,106.811635000000,SWASTA,A,Ada,Ada,Sumur terlindungi,Cukup
SMAS MUHAMMADIYAH BEJI,20229164,SMA,Beji Timur,Beji Timur,Kec. Beji,Kota Depok,Prov. Jawa Barat,16422,-6.378756700000,106.825643300000,SWASTA,A,Ada,Ada,Sumur terlindungi,Cukup
SMAS MUHAMMADIYAH PANCORAN MAS,20229163,SMA,KP JEMBLONGAN,Pancoran Mas,Kec. Pancoran Mas,Kota Depok,Prov. Jawa Barat,16436,-6.395800000000,106.805000000000,SWASTA,B,Ada,Ada,Pompa,Cukup
SMAS MUHAMMADIYAH SAWANGAN,20229165,SMA,-,Sawangan Lama,Kec. Sawangan,Kota Depok,Prov. Jawa Barat,16511,-6.392200000000,106.761100000000,SWASTA,A,Ada,Ada,Sumur terlindungi,Cukup
SMAS PELITA DEPOK,20229169,SMA,-,Depok,Kec. Pancoran Mas,Kota Depok,Prov. Jawa Barat,16431,-6.401700000000,106.822900000000,SWASTA,B,Ada,Ada,Sumur terlindungi,Cukup
SMAS PEMUKA,20229170,SMA,-,Mekar Jaya,Kec. Sukmajaya,Kota Depok,Prov. Jawa Barat,16411,-6.393400000000,106.836000000000,SWASTA,B,Ada,Ada,Sumur terlindungi,Cukup
SMAS PONDOK DAUN,20252375,SMA,-,Curug,Kec. Cimanggis,Kota Depok,Prov. Jawa Barat,16453,-6.386600000000,106.871200000000,SWASTA,A,Ada,Ada,Ledeng/PAM,Cukup
SMAS PRIBADI BEJI,20229172,SMA,Kemiri Muka,Kemirimuka,Kec. Beji,Kota Depok,Prov. Jawa Barat,16423,-6.382400000000,106.829600000000,SWASTA,A,Ada,Ada,Pompa,Cukup
SMAS PSKD VII,20229173,SMA,-,Pancoran Mas,Kec. Pancoran Mas,Kota Depok,Prov. Jawa Barat,16436,-6.401185000000,106.810243300000,SWASTA,A,Ada,Ada,Pompa,Cukup
SMAS SEJAHTERA 1 DEPOK,20229175,SMA,-,Depok Jaya,Kec. Pancoran Mas,Kota Depok,Prov. Jawa Barat,16432,-6.392830000000,106.815440000000,SWASTA,A,Ada,Ada,Mata air terlindungi,Cukup
SMAS SPRINGFIELD,20229178,SPK SMA,,Harjamukti,Kec. Cimanggis,Kota Depok,Prov. Jawa Barat,16454,-6.377835000000,106.905853300000,SWASTA,A,Ada,Ada,Sumur terlindungi,Cukup
SMAS TADIKA PERTIWI,20229176,SMA,-,Cinere,Kec. Cinere,Kota Depok,Prov. Jawa Barat,16514,-6.340200000000,106.782000000000,SWASTA,A,Ada,Ada,Pompa,Cukup
SMAS TERPADU ALMANAR,20229141,SMA,Limo,Limo,Kec. Limo,Kota Depok,Prov. Jawa Barat,16515,-6.363000000000,106.778200000000,SWASTA,A,Ada,Ada,Pompa,Cukup
SMAS TUBAGUS PANGELING,20229182,SMA,JL BAKTI ABRI NO 147,Sukamaju Baru,Kec. Tapos,Kota Depok,Prov. Jawa Barat,16464,-6.416000000000,106.875100000000,SWASTA,Belum Akreditasi,Ada,Ada,Sumur tidak terlindungi,Cukup
SMAS YADIKA 12,20258514,SMA,-,Meruyung,Kec. Limo,Kota Depok,Prov. Jawa Barat,16515,-6.371680000000,106.770791700000,SWASTA,A,Ada,Ada,Pompa,Cukup
SMAS YAPAN INDONESIA,20229185,SMA,-,Sawangan Baru,Kec. Sawangan,Kota Depok,Prov. Jawa Barat,16511,-6.403530000000,106.769511700000,SWASTA,A,Ada,Ada,Sumur terlindungi,Cukup
SMAS YAPEMRI DEPOK,20229183,SMA,ABADI JAYA,Abadijaya,Kec. Sukmajaya,Kota Depok,Prov. Jawa Barat,16417,-6.393500000000,106.854200000000,SWASTA,A,Ada,Ada,Lainnya,Cukup
SMAS YASPEN TUGU IBU,20229186,SMA,-,Mekar Jaya,Kec. Sukmajaya,Kota Depok,Prov. Jawa Barat,16411,-6.409000000000,106.889100000000,SWASTA,A,Ada,Ada,Air hujan,Cukup
SMAN 1 SUKABUMI,20221559,SMA,Tidak ada,Citamiang,Kec. Citamiang,Kota Sukabumi,Prov. Jawa Barat,43143,-6.938400000000,106.930500000000,NEGERI,A,Ada,Ada,Sumur terlindungi,Cukup
SMAN 2 SUKABUMI,20221560,SMA,KARAMAT,Karamat,Kec. Gunung Puyuh,Kota Sukabumi,Prov. Jawa Barat,43122,-6.906103400000,106.916475500000,NEGERI,A,Ada,Ada,Sumur terlindungi,Cukup
SMAN 3 SUKABUMI,20221561,SMA,-,Subangjaya,Kec. Cikole,Kota Sukabumi,Prov. Jawa Barat,43116,-6.551400000000,106.564100000000,NEGERI,A,Ada,Ada,Sumur terlindungi,Cukup
SMAN 4 SUKABUMI,20221562,SMA,-,Cikole,Kec. Cikole,Kota Sukabumi,Prov. Jawa Barat,43113,-6.919200000000,106.931900000000,NEGERI,A,Ada,Ada,Sumur terlindungi,Cukup
SMAN 5 SUKABUMI,20221563,SMA,Jl. Sarasa Blok loasari,Limusnunggal,Kec. Cibeureum,Kota Sukabumi,Prov. Jawa Barat,43165,-6.945600000000,106.951400000000,NEGERI,A,Ada,Ada,Sumur terlindungi,Cukup
SMA ISLAM AL AZHAR 21 SUKABUMI,69983844,SMA,Subangjaya,Subangjaya,Kec. Cikole,Kota Sukabumi,Prov. Jawa Barat,43116,-6.912079000000,106.952755000000,SWASTA,A,Ada,Ada,Pompa,Cukup
SMA ISLAM TERPADU AL FATH,69972549,SMA,KARANG TENGAH,Karang Tengah,Kec. Gunung Puyuh,Kota Sukabumi,Prov. Jawa Barat,43121,-6.906300000000,106.913500000000,SWASTA,A,Ada,Ada,Ledeng/PAM,Cukup
SMA ISLAM TERPADU AL-HUDA,70044093,SMA,,Baros,Kec. Baros,Kota Sukabumi,Prov. Jawa Barat,43161,0.000000000000,0.000000000000,SWASTA,Belum Akreditasi,Ada,Ada,Sumur terlindungi,Cukup
SMA ISLAM TERPADU INSANI,69942149,SMA,Karamat,Karamat,Kec. Gunung Puyuh,Kota Sukabumi,Prov. Jawa Barat,43122,-6.908380800000,106.919217300000,SWASTA,A,Ada,Ada,Pompa,Cukup
SMA IT AL IZZAH,69916542,SMA,Cibungur,Limusnunggal,Kec. Cibeureum,Kota Sukabumi,Prov. Jawa Barat,43165,-6.949300000000,106.944800000000,SWASTA,B,Ada,Ada,Sumur terlindungi,Cukup
SMAS ADVENT SUKABUMI,20221586,SMA,Selabatu,Selabatu,Kec. Cikole,Kota Sukabumi,Prov. Jawa Barat,43114,-6.947400000000,106.923300000000,SWASTA,B,Ada,Ada,Pompa,Cukup
SMAS KRISTEN BPK PENABUR,20221589,SMA,Selabatu,Selabatu,Kec. Cikole,Kota Sukabumi,Prov. Jawa Barat,43114,-6.915100000000,106.932000000000,SWASTA,A,Ada,Ada,Pompa,Cukup
SMAS MARDI YUANA,20221590,SMA,,Kebonjati,Kec. Cikole,Kota Sukabumi,Prov. Jawa Barat,43112,-6.921000000000,106.932000000000,SWASTA,A,Ada,Ada,Sumur terlindungi,Cukup
SMAS MUHAMMADIYAH,20221591,SMA,-,Cikole,Kec. Cikole,Kota Sukabumi,Prov. Jawa Barat,43113,-6.915300000000,106.922500000000,SWASTA,A,Ada,Ada,Pompa,Cukup
SMAS NURUL KAROMAH,20221588,SMA,-,Karamat,Kec. Gunung Puyuh,Kota Sukabumi,Prov. Jawa Barat,43122,-6.907200000000,106.917300000000,SWASTA,A,Ada,Ada,Sumur terlindungi,Cukup
SMAS PELITA MADANIA,20221593,SMA,Jagaraksa Permai,Jayaraksa,Kec. Baros,Kota Sukabumi,Prov. Jawa Barat,43166,-6.945600000000,106.935600000000,SWASTA,B,Ada,Ada,Sumur terlindungi,Cukup
SMAS PESANTREN TERPADU HAYATAN THAYYIBAH,20221587,SMA,-,Gunung Puyuh,Kec. Gunung Puyuh,Kota Sukabumi,Prov. Jawa Barat,43122,-6.903800000000,106.917700000000,SWASTA,A,Ada,Ada,Sumur terlindungi,Cukup
SMAS PGRI 1 SUKABUMI,20221577,SMA,-,Citamiang,Kec. Citamiang,Kota Sukabumi,Prov. Jawa Barat,43143,-6.937200000000,106.930700000000,SWASTA,C,Ada,Ada,Sumur terlindungi,Cukup
SMAS TAMAN SISWA,20221575,SMA,-,Cikole,Kec. Cikole,Kota Sukabumi,Prov. Jawa Barat,43113,-6.935600000000,106.926800000000,SWASTA,Tidak Terakreditasi,Ada,Ada,Sumur terlindungi,Cukup
SMAS YAYASAN AHMAD DJUWAENI,20221558,SMA,Gn Parang,Gunung Parang,Kec. Cikole,Kota Sukabumi,Prov. Jawa Barat,43111,-6.919500000000,106.923100000000,SWASTA,A,Ada,Ada,Pompa,Cukup
SMA NEGERI 1 TASIKMALAYA,20224511,SMA,-,Empangsari,Kec. Tawang,Kota Tasikmalaya,Prov. Jawa Barat,46115,-7.332500000000,108.223500000000,NEGERI,A,Ada,Ada,Sumur terlindungi,Cukup
SMA Negeri 10 Tasikmalaya,20251819,SMA,Karikil,Karikil,Kec. Mangkubumi,Kota Tasikmalaya,Prov. Jawa Barat,46181,-7.358046000000,108.173109000000,NEGERI,A,Ada,Ada,Sumur terlindungi,Cukup
SMA Negeri 2 Tasikmalaya,20224510,SMA,Pakuluran,Panyingkiran,Kec. Indihiang,Kota Tasikmalaya,Prov. Jawa Barat,46411,-7.302100000000,108.202900000000,NEGERI,A,Ada,Ada,Ledeng/PAM,Cukup
SMA Negeri 4 Tasikmalaya,20224508,SMA,-,Cilembang,Kec. Cihideung,Kota Tasikmalaya,Prov. Jawa Barat,46123,-7.330400000000,108.207000000000,NEGERI,A,Ada,Ada,Pompa,Cukup
SMA Negeri 5 Tasikmalaya,20224507,SMA,-,EMPANG SARI,Kec. Tawang,Kota Tasikmalaya,Prov. Jawa Barat,46113,-7.332000000000,108.222300000000,NEGERI,A,Ada,Ada,Sumur terlindungi,Cukup
SMA Negeri 6 Tasikmalaya,20224506,SMA,Cibungkul,Indihiang,Kec. Indihiang,Kota Tasikmalaya,Prov. Jawa Barat,46151,-7.272900000000,108.188000000000,NEGERI,A,Ada,Ada,Pompa,Cukup
SMA Negeri 7 Tasikmalaya,20224505,SMA,-,Talagasari,Kec. Kawalu,Kota Tasikmalaya,Prov. Jawa Barat,46182,-7.390100000000,108.204300000000,NEGERI,A,Ada,Ada,Sumur terlindungi,Cukup
SMA Negeri 8 Tasikmalaya,20224504,SMA,-,Mulyasari,Kec. Tamansari,Kota Tasikmalaya,Prov. Jawa Barat,46196,-7.378100000000,108.230700000000,NEGERI,A,Ada,Ada,Ledeng/PAM,Cukup
SMA Negeri 9 Tasikmalaya,20224514,SMA,-leuwidahu,Indihiang,Kec. Indihiang,Kota Tasikmalaya,Prov. Jawa Barat,46151,-7.306700000000,108.212300000000,NEGERI,A,Ada,Ada,Sumur terlindungi,Cukup
SMAN 3 TASIKMALAYA,20224509,SMA,SINDANGKASIH,Sukanagara,Kec. Purbaratu,Kota Tasikmalaya,Prov. Jawa Barat,46196,-7.341900000000,108.251300000000,NEGERI,A,Ada,Ada,Ledeng/PAM,Cukup
SMA AL MUTTAQIN,20224540,SMA,Sukamanah,Sukamanah,Kec. Cipedes,Kota Tasikmalaya,Prov. Jawa Barat,46131,-7.318800000000,108.231100000000,SWASTA,A,Ada,Ada,Pompa,Cukup
SMA DAARUSSALAAM,70048825,SMA,,Karsamenak,Kec. Kawalu,Kota Tasikmalaya,Prov. Jawa Barat,,0.000000000000,0.000000000000,SWASTA,Belum Akreditasi,Ada,Ada,Sumur terlindungi,Cukup
SMA ISLAMIC LEADER SCHOOL,70038408,SMA,,Kotabaru,Kec. Cibeureum,Kota Tasikmalaya,Prov. Jawa Barat,46196,0.000000000000,0.000000000000,SWASTA,Belum Akreditasi,Ada,Ada,Ledeng/PAM,Cukup
SMA IT AT TAUFIQ AL ISLAMY,69958780,SMA,sindanggalih,Kahuripan,Kec. Tawang,Kota Tasikmalaya,Prov. Jawa Barat,46115,-7.355639000000,108.227291000000,SWASTA,A,Ada,Ada,Ledeng/PAM,Cukup
SMA IT IBADURROHMAN,69955099,SMA,KARSAMENAK,Karsamenak,Kec. Kawalu,Kota Tasikmalaya,Prov. Jawa Barat,46182,-7.365500000000,108.220500000000,SWASTA,A,Ada,Ada,Sumur terlindungi,Cukup
SMA Terpadu Darul Muta`allimin,69895683,SMA,,Bantarsari,Kec. Bungursari,Kota Tasikmalaya,Prov. Jawa Barat,46151,-7.323900000000,108.184300000000,SWASTA,B,Ada,Ada,Sumur terlindungi,Cukup
SMAS BPK PENABUR,20224551,SMA,KAHURIPAN,Kahuripan,Kec. Tawang,Kota Tasikmalaya,Prov. Jawa Barat,46115,-7.358300000000,108.217200000000,SWASTA,A,Ada,Ada,Ledeng/PAM,Cukup
SMAS ISLAM IBNU SIENA,20224549,SMA,-,Kahuripan,Kec. Tawang,Kota Tasikmalaya,Prov. Jawa Barat,46115,-7.347000000000,108.229600000000,SWASTA,B,Ada,Ada,Sumur terlindungi,Cukup
SMAS ISLAM TERPADU ISHLAHUL UMMAH BOARDING SCHOOL,69786493,SMA,Sawah Leumpay,Argasari,Kec. Cihideung,Kota Tasikmalaya,Prov. Jawa Barat,46122,-7.323000000000,108.195800000000,SWASTA,B,Ada,Ada,Sumur terlindungi,Cukup
SMAS IT-TQ IHYA AS SUNNAH,20268467,SMA,Tuguraja,Tuguraja,Kec. Cihideung,Kota Tasikmalaya,Prov. Jawa Barat,46125,-7.346300000000,108.209900000000,SWASTA,A,Ada,Ada,Sumur terlindungi,Cukup
SMAS MUHAMMADIYAH TASIKMALAYA,20224548,SMA,-,Empangsari,Kec. Tawang,Kota Tasikmalaya,Prov. Jawa Barat,46113,-7.332100000000,108.223700000000,SWASTA,A,Ada,Ada,Sumur terlindungi,Cukup
SMAS PANCASILA TASIKMALAYA,20224513,SMA,-,Tuguraja,Kec. Cihideung,Kota Tasikmalaya,Prov. Jawa Barat,46125,-7.340700000000,108.204000000000,SWASTA,B,Ada,Ada,Pompa,Cukup
SMAS PASUNDAN 1 TASIKMALAYA,20224547,SMA,-,Empangsari,Kec. Tawang,Kota Tasikmalaya,Prov. Jawa Barat,46113,-7.357100000000,108.227400000000,SWASTA,B,Ada,Ada,Ledeng/PAM,Cukup
SMAS PASUNDAN 2 TASIKMALAYA,20224546,SMA,Pakuluran,Panyingkiran,Kec. Indihiang,Kota Tasikmalaya,Prov. Jawa Barat,46151,-7.302500000000,108.200600000000,SWASTA,B,Ada,Ada,Sumur terlindungi,Cukup
SMAS PERWARI TASIKMALAYA,20224545,SMA,SUKASARI,Lengkongsari,Kec. Tawang,Kota Tasikmalaya,Prov. Jawa Barat,46111,-7.336700000000,108.260900000000,SWASTA,C,Ada,Ada,Sumur terlindungi,Cukup
SMAS PLUS NASHRUL HAQ,20224544,SMA,-,Sukarindik,Kec. Bungursari,Kota Tasikmalaya,Prov. Jawa Barat,46151,-7.412800000000,108.191500000000,SWASTA,A,Ada,Ada,Mata air terlindungi,Cukup
SMAS PLUS PESANTREN AMANAH MUHAMMDIYAH,20224543,SMA,-,Sambongjaya,Kec. Mangkubumi,Kota Tasikmalaya,Prov. Jawa Barat,46181,-7.348400000000,108.199800000000,SWASTA,A,Ada,Ada,Sumur terlindungi,Cukup
SMAS TERPADU LISDA,20253783,SMA,Gandok,Bungursari,Kec. Bungursari,Kota Tasikmalaya,Prov. Jawa Barat,46150,-7.301300000000,108.166000000000,SWASTA,B,Ada,Ada,Sumur terlindungi,Cukup
SMAS TERPADU RIYADLUL ULUM,20224512,SMA,Condong,Setianagara,Kec. Cibeureum,Kota Tasikmalaya,Prov. Jawa Barat,46196,-7.345900000000,108.260500000000,SWASTA,A,Ada,Ada,Sumur terlindungi,Cukup